gs_id,speech_id,sentence_nr,sentence,agg_A,agg_B,dps_fine,flag_unsure,note,pred_code,pred_label,pred_score,pred_bucket_A,pred_domain_B,pred_bucket_B,is_procedural,context_before,context_after,ambiguous,old_lp,old_party,old_date,old_stratum,src
GS0220,Agnes Krumwiede__1,29,Ein weiteres Alarmsignal für unsere Kulturnation ist die sich kontinuierlich verschlechternde soziale und wirtschaftliche Lage von Künstlerinnen und Künstlern.,Welfare & Social Policy,Sozialstaat Ausbau,,,,502,502 - Culture: Positive,0.73154217004776,Welfare & Social Policy,,,0,"Das ist dringlicher, als Kultur als Staatsziel ins Grundgesetz zu schreiben.","Künstlerisch zu arbeiten, wird bei uns oft nicht als Leistung angesehen, sondern als Hobby.",FALSE,17,Grüne,2012-09-28,Welfare & Social Policy (sonstige),goldstandard_codingsheet_FINAL_merged.xlsx
GS0402,Albert Deß__1,23,"Ich darf daran erinnern, dass heute zum Beispiel Bremsbeläge mit Inhaltsstoffen von Faserpflanzen hergestellt werden und da durch der Asbestzusatz überflüssig geworden ist.",Environment,Andere,,,,501,501 - Environmental Protection: Positive,0.736455082893372,Environment,,,0,Gerade durch die Faserpflanzen ist ein absolut umweltfreundlicher Rohstoffeinsatz möglich.,"Hier zeigt sich, wie umwelt freundlich nachwachsende Rohstoffe eingesetzt werden können.",FALSE,14,CDU/CSU,2000-06-29,Environment,goldstandard_codingsheet_FINAL_merged.xlsx
GS0007,Albert H. Weiler__1,8,"Man hätte auch die Möglichkeit, das Homeschooling für Schüler zu beenden; denn das belastet die Eltern sehr.",Social Groups,Andere,,,,608,608 - Multiculturalism: Negative,0.311845034360886,Migration,Migration,Migration restriktiv,0,"Dort hätte man die Möglichkeit, die Maskenpflicht gerade für Schüler zu beenden.","Das wissen Sie, glaube ich, auch.",FALSE,19,CDU/CSU,2021-08-25,Migration restriktiv,goldstandard_codingsheet_FINAL_merged.xlsx
GS0178,Albert Stegemann__1,59,Sie fahren Mitarbeiter zum Arbeitsplatz und vermitteln in ungewohnte Tätigkeiten.,Nicht zuordenbar (000),Andere,,,,701,701 - Labour Groups: Positive,0.682422637939453,Social Groups,,,0,Gerade deshalb sind viele mit viel Kreativität und Energie unterwegs.,"Nicht immer klappt dies, und das hält auch nicht immer für längere Zeit, aber eine gute Chance ist es allemal.",FALSE,18,CDU/CSU,2015-05-21,Social Groups,goldstandard_codingsheet_FINAL_merged.xlsx
GS0039,Alexander Graf Lambsdorff__1,12,Wir sind ein großes Land in der Mitte unseres Kontinents.,European Integration,Pro-EU,,,,601,601 - National Way of Life: Positive,0.955162882804871,Migration,Migration,Migration restriktiv,0,Unser Land aber ist auf ein regelbasiertes System angewiesen wie kaum ein anderes.,"Wir haben eine Geschichte, die bei unseren Nachbarn noch mitunter für Misstrauen und eine gewisse Vorsicht sorgt, und wir sind Exportweltmeister.",FALSE,19,FDP,2018-07-04,Migration restriktiv,goldstandard_codingsheet_FINAL_merged.xlsx
GS0233,Alexander Radwan__1,15,"Wenn man sich die momentan medial sehr stark dargestellte Situation in Syrien anschaut, dann kann man zu Syrien aktuell nur sagen: Dort bilden sich momentan aus dem Konglomerat aus Türkei, Iran, Kurdenthematik und Saudi - Arabien Koalitionen, die zumindest ich – es ist fraglich, ob das jemand anderes vorausgesehen hätte – für nicht möglich gehalten hätte.",Foreign Policy & Defence,Andere,,,,109,109 - Internationalism: Negative,0.1949502825737,Foreign Policy & Defence,,,0,Das ging mit dem IS los.,Diese Koalitionen haben eigene Interessen und schaffen Strukturen vor Ort.,FALSE,19,CDU/CSU,2018-02-22,Foreign Policy & Defence,goldstandard_codingsheet_FINAL_merged.xlsx
GS0043,Alexander Throm__1,21,Dabei ist Kanada nicht mit Deutschland vergleichbar.,Migration,Migration restriktiv,,,,601,601 - National Way of Life: Positive,0.344589442014694,Migration,Migration,Migration restriktiv,0,"Frau Faeser, Sie haben es angesprochen: Sie waren sich nicht zu schade, gemeinsam mit Minister Heil nach Kanada zu reisen und uns Kanada als Vorbild zu verkaufen.","Wir haben in Kanada ein Überangebot an Menschen mit guter Qualifikation, die dort einwandern wollen.",FALSE,20,CDU/CSU,2023-04-27,Migration restriktiv,goldstandard_codingsheet_FINAL_merged.xlsx
GS0241,Alexander Ulrich__1,19,"Man merkt den guten Willen, aber auch das schlechte Gewissen und den Druck durch die heutige öffentliche Debatte.",Nicht zuordenbar (000),Andere,,,,305,305 - Political Authority,0.915432333946228,Democracy & Political System,,,0,Dort wird in zwei Punkten vonseiten der Bundesregierung Besserung gelobt.,Leider ist aber zum Inhalt des Briefes festzustellen: Auch die jetzigen Zusicherungen reichen in beiden Punkten nicht aus.,FALSE,16,Linke,2009-05-28,Democracy & Political System,goldstandard_codingsheet_FINAL_merged.xlsx
GS0244,Alfred Hartenbach__2,24,"In jedem Fall kann ich Ihnen bereits jetzt versichern, dass das Bundesministerium der Justiz bei der im Jahr 2012 – hoffentlich letzten – Evaluierung von § 52 a Urheberrechtsgesetz sowohl die Belange von Wissenschaft und Forschung als auch die Interessen der Rechtsinhaber ausreichend berücksichtigen wird.",Democracy & Political System,Andere,,,,502,502 - Culture: Positive,0.334681630134583,Welfare & Social Policy,,,0,"Bis dahin wird sich der Zahlungsmechanismus so eingespielt haben, dass wir noch genauer absehen können, inwieweit Urheber und Verleger von den Ausschüttungen der Verwertungsgesellschaften profitieren.",,FALSE,16,SPD,2008-11-13,Welfare & Social Policy (sonstige),goldstandard_codingsheet_FINAL_merged.xlsx
GS0103,Alice Weidel__1,36,So schnell wie möglich!,Welfare & Social Policy,Sozialstaat Begrenzung,,,,505,505 - Welfare State Limitation,0.389614403247833,Welfare & Social Policy,Welfare,Sozialstaat Begrenzung,0,"Ziehen Sie diese Vorlagen zurück, und lassen Sie uns gemeinsam den Irrweg der einrichtungsbezogenen Pflegeimpfpflicht so schnell wie möglich beenden.","Wir können es uns in diesen schweren Zeiten nicht leisten, aus Starrsinn und Rechthaberei die Gesellschaft mit einer Impfpflicht noch weiter zu spalten, – – für die es weder medizinisch noch rechtlich eine Begründung gibt.",FALSE,20,AfD,2022-03-17,Sozialstaat Begrenzung,goldstandard_codingsheet_FINAL_merged.xlsx
GS0125,Andreas G. Lämmel__1,35,"Sie wissen genau, dass es nicht darum geht, heute einen Beschluss zu fassen, den man morgen realisiert, und in drei Tagen ist die Welt wieder heil.",Environment,Andere,,,,416,416 - Anti-Growth Economy: Positive,0.379124402999878,Environment,,,0,"Es gab technische Probleme, finanzielle Probleme und Akzeptanzprobleme.",Heute früh wurde im Deutschlandfunk eine Reportage über Windkraft gesendet.,FALSE,17,CDU/CSU,2011-04-15,Environment,goldstandard_codingsheet_FINAL_merged.xlsx
GS0234,André Hahn__1,18,"Wir wissen alle: Es gibt einen sehr detaillierten Finanzplan, der vorsieht, dass sich der Bund und das Land Berlin mit jeweils 35 Millionen Euro beteiligen.",Social Groups,Andere,,,,502,502 - Culture: Positive,0.205437779426575,Welfare & Social Policy,,,0,Schließlich vermisse ich auch eine klare Aussage zur finanziellen Beteiligung durch den Bund.,"Ich halte das für gut angelegtes Geld – erst recht, wenn man auch die langfristigen Wirkungen für den Behindertensport und für die Teilhabe von Menschen mit Behinderungen am Leben in der Gesellschaft berücksichtigt.",FALSE,19,Linke,2018-11-08,Welfare & Social Policy (sonstige),goldstandard_codingsheet_FINAL_merged.xlsx
GS0105,Angela Merkel__1,36,"Deshalb glaube ich, dass unsere Position Vorbild und Denkanstoß für andere sein kann.",European Integration,Pro-EU,,,,108,108 - European Community/Union: Positive,0.72720205783844,European Integration,Europe,Pro-EU,0,"Dank dieser frühzeitig und sorgsam abgewogenen Haltung haben wir eine Brücke zu vielen Partnern in Europa gebaut, die hier noch Bedenken haben.","Auch wir sind dafür, den Beitrittsprozess insgesamt transparenter und besser zu gestalten.",FALSE,19,CDU/CSU,2019-10-17,Pro-EU,goldstandard_codingsheet_FINAL_merged.xlsx
GS0413,Angela Merkel__1,15,"Deutschland wird allerdings darauf drängen, dass wir dieses Ziel auch wirklich erreichen und nicht auf halber Strecke stehen bleiben.",Foreign Policy & Defence,Andere,,,,107,107 - Internationalism: Positive,0.427712142467499,Foreign Policy & Defence,,,0,"Das Ziel wurde in Brisbane noch einmal bekräftigt, das weitere Vorgehen konkretisiert.",Qualitative Fortschritte wurden im G -20-Prozess auch bezüglich der Themen Steuerehrlichkeit und Steuergerechtigkeit erzielt.,FALSE,18,CDU/CSU,2014-11-26,Foreign Policy & Defence,goldstandard_codingsheet_FINAL_merged.xlsx
GS0418,Angela Merkel__1,162,Wir haben die innere Sicherheit massiv verbessert.,Migration,Migration restriktiv,,,,605,605 - Law and Order: Positive,0.781789124011993,Law & Order and National Identity,,,0,"Wir werden die Funktionalität dieses Fachkräfteeinwanderungsgesetzes im Dezember auf einem Gipfel im Kanzleramt diskutieren, damit wir hiermit auf eine der großen Herausforderungen der deutschen Wirtschaft eine richtige Antwort geben.",Wir haben die Migration gesteuert und geordnet.,FALSE,19,CDU/CSU,2019-11-27,Law & Order and National Identity,goldstandard_codingsheet_FINAL_merged.xlsx
GS0253,Angelica Schwall-Düren__1,76,Mit uns wird Deutschland ein Land mit hohen Löhnen und hoher sozialer Sicherheit bleiben.,Economy,Staatsintervention,,,,601,601 - National Way of Life: Positive,0.43797767162323,Migration,Migration,Migration restriktiv,0,Aber wir kommen in dieser Frage voran und werden dazu noch in diesem Herbst eine Entscheidung treffen.,Angesichts der angespannten Situation am deutschen Arbeitsmarkt kann gegenwärtig die generelle Öffnung für Arbeitnehmer aus den Mitgliedstaaten nicht ernsthaft erwogen werden.,FALSE,16,SPD,2006-03-29,Migration restriktiv,goldstandard_codingsheet_FINAL_merged.xlsx
GS0021,Angelika Glöckner__1,11,Die Dublin - Regeln sind beim Praxistest durchgefallen.,Migration,Migration liberal,,,,110,110 - European Community/Union: Negative,0.540317535400391,European Integration,Europe,Contra-EU,0,"Aber, liebe Kolleginnen und Kollegen, genau diese brauchen wir doch.","Die Flüchtlingskrise hat gezeigt: Sie führen zwangsläufig zur Überlastung der Ersteintrittsländer, weil alle Flüchtlinge, die dort erstmals registriert werden, ja auch dort ihren Antrag stellen müssen.",FALSE,19,SPD,2018-06-27,Contra-EU,goldstandard_codingsheet_FINAL_merged.xlsx
GS0204,Anita Schäfer__1,45,Gute Nachrichten gibt es auch beim Sonderprogramm zur Sanierung der Westkasernen.,Social Groups,Andere,,,,701,701 - Labour Groups: Positive,0.439902156591415,Social Groups,,,0,"Im Rahmen eines entsprechenden Pilotprojekts, so wird im Bericht festgestellt, wurden vielfach bereits Belegrechte an kommunalen Betreuungseinrichtungen wiederentdeckt, insgesamt 9 000 Plätze an 350 Einrichtungen in 150 Bundeswehrstandorten.",Hier sind in den letzten drei Jahren 356 Millionen Euro verbaut worden.,FALSE,17,CDU/CSU,2010-05-06,Social Groups,goldstandard_codingsheet_FINAL_merged.xlsx
GS0181,Anja Weisgerber__1,1,Sehr geehrte Frau Präsidentin!,Nicht zuordenbar (000),Andere,,,,305,305 - Political Authority,0.865939795970917,Democracy & Political System,,,1,,Werte Kolleginnen und Kollegen!,TRUE,20,CDU/CSU,2022-09-06,Democracy & Political System,goldstandard_codingsheet_FINAL_merged.xlsx
GS0113,Annelie Buntenbach__1,16,"Inzwischen sind - nach der Rückkehr vieler Kosovo - Albaner im Sommer letzten Jahres - laut UNHCR im Januar mehr als 200 000 Roma, Serben und andere aus dem Kosovo geflüchtet.",Migration,Migration liberal,,,,602,602 - National Way of Life: Negative,0.273332893848419,Migration,Migration,Migration liberal,0,"Mit großer Sorge sehen wir, dass immer wieder Gewalt aufflammt und die Ethnisierung in den Köpfen auf allen Seiten unerträgliche Ausmaße erreicht hat.","Die gewaltsame Vertreibungskampagne gegen nicht albanische Bevölkerungsgruppen, deren Fäden bei der UCK und ihren Nachfolgeorganisationen zusammenlaufen, hat ein ethnisch reines Kosovo und die Loslösung von Jugoslawien zum Ziel.",FALSE,14,Grüne,2000-04-05,Migration liberal,goldstandard_codingsheet_FINAL_merged.xlsx
GS0101,Annette Faße__1,3,"Herr Staatssekretär, wenn ich Sie richtig verstehe, sind Sie mit mir der Meinung, daß die Einbrüche im Kur - und Heilbäderbereich auch direkte Auswirkungen auf den Tourismusbereich in diesen Orten haben.",Law & Order and National Identity,Andere,,,,408,408 - Economic Goals,0.211201354861259,Economy,Economy,Wirtschaft Allgemein,0,Dann hätte ich seine Antwort doch ganz gerne gehört.,"Ich möchte Sie jetzt einmal fragen, ob im Vorfeld darüber nachgedacht worden ist, was das für die einzelnen Kurorte bedeutet.",FALSE,13,SPD,1997-12-10,Wirtschaft Allgemein,goldstandard_codingsheet_FINAL_merged.xlsx
GS0197,Annette Schavan__1,53,Ernst nehmen heißt: auch widersprechen.,Nicht zuordenbar (000),Andere,,,,305,305 - Political Authority,0.74917334318161,Democracy & Political System,,,0,"Abschließend will ich sagen: Ich nehme die Studierenden ernst, sowohl im Sommer als auch heute.",Ernst nehmen heißt: korrigieren.,FALSE,17,CDU/CSU,2009-11-26,Democracy & Political System,goldstandard_codingsheet_FINAL_merged.xlsx
GS0071,Antje Tillmann__1,40,"Wer diesen Warnhinweis liest – das ist ein Appell an die Verbraucherinnen und Verbraucher –, möge ihn bitte auch ernst nehmen.",Economy,Staatsintervention,,,,403,403 - Market Regulation,0.970521330833435,Economy,Economy,Staatsintervention,0,"Ich bin dankbar, dass wir einen Kompromiss gefunden haben: Werbung wird auch weiterhin zum Beispiel im Internet zulässig sein, aber sie muss mit einem deutlichen Warnhinweis versehen werden, der ausdrücklich besagt, dass man bei einer Anlage das gesamte Vermögen verlieren kann.","Denn es ist tatsächlich so, dass Investitionen manchmal eben nicht zum Erfolg führen.",FALSE,18,CDU/CSU,2015-04-23,Staatsintervention,goldstandard_codingsheet_FINAL_merged.xlsx
GS0212,Anton Hofreiter__1,53,"Wenn die Menschen Europa wieder als Hoffnung wahrnehmen und nicht mehr als Bedrohung, dann besteht die Chance, dass verstärkt wieder proeuropäische Parteien gewählt werden.",European Integration,Pro-EU,,,,108,108 - European Community/Union: Positive,0.851353764533997,European Integration,Europe,Pro-EU,0,"Deshalb: Sorgen Sie dafür, dass es neben dem Binnenmarkt endlich wieder ein solidarisches Europa, ein soziales Europa gibt.","Seien wir nicht verzagt und kleinherzig, sondern entwickeln wir endlich eine Vision für Europa, die alle Menschen, auch die arbeitslosen Jugendlichen, mitnimmt.",FALSE,18,Grüne,2015-12-16,Pro-EU,goldstandard_codingsheet_FINAL_merged.xlsx
GS0142,Astrid Mannes__1,20,"Wir nutzen die Chancen der elektronischen Kommunikation, um den Zugang zu Bildungsangeboten zu vereinfachen.",Economy,Wirtschaft Allgemein,,,,411,411 - Technology and Infrastructure,0.540377497673035,Economy,Economy,Wirtschaft Allgemein,0,"Wieso soll ein Teilnehmer eines Fernunterrichts nicht mittels Fernkommunikationsmittel verbindlich buchen dürfen, während er bei der Deutschen Bahn seine BahnCard für ein Jahr online buchen kann oder einen Stromliefervertrag abschließen darf?",Damit wollen wir vor allem die junge Generation ansprechen.,FALSE,19,CDU/CSU,2020-11-05,Wirtschaft Allgemein,goldstandard_codingsheet_FINAL_merged.xlsx
GS0206,Axel Knoerig__1,25,"Dazu brauchen wir Freihandelsabkommen – davon haben wir über 130 an der Zahl –, und dabei ist auch das TTIP - Abkommen mit den Amerikanern zu nennen.",Economy,Marktliberalismus,,,,407,407 - Protectionism: Negative,0.812411844730377,Economy,Economy,Marktliberalismus,0,Gerade im IT - Bereich ist der Zugang zu internationalen Märkten besonders wichtig.,Gerade unser Mittelstand als größter Arbeitgeber in Deutschland kann von TTIP erheblich profitieren.,FALSE,18,CDU/CSU,2015-05-20,Marktliberalismus,goldstandard_codingsheet_FINAL_merged.xlsx
GS0108,Axel Schäfer__1,38,Angesichts der knapp bemessenen Fristen müssen relevante EU - Dokumente künftig direkt vom Bundestagspräsidenten über den Vorsitzenden des EU - Ausschusses an die Ausschüsse überwiesen werden.,Democracy & Political System,Andere,,,,108,108 - European Community/Union: Positive,0.45016023516655,European Integration,Europe,Pro-EU,0,Zweitens.,Drittens.,FALSE,15,SPD,2004-05-28,Pro-EU,goldstandard_codingsheet_FINAL_merged.xlsx
GS0027,Axel Troost__2,6,"Entsprechend ist die Einrichtung dreier europäischer Aufsichtsbehörden für Banken, Wertpapierhandel und Versicherungen und des Europäischen Ausschusses für Systemrisiken, ESRB, zu begrüßen.",European Integration,Staatsintervention,,,,108,108 - European Community/Union: Positive,0.771988809108734,European Integration,Europe,Pro-EU,0,"Die nationalen Finanzaufsichtsbehörden waren vollkommen überfordert, da die Finanzinstitute in vollem Umfang die Freiheiten des europäischen Binnenmarkts ausnutzten - und zusätzlich in Schattenfinanzplätzen agierten.",Bereits jetzt zeichnen sich dabei aber große Probleme ab: Zunächst sind die Kompetenzen nach wie vor zwischen den Aufsichtsbehörden in Europa unzureichend geregelt.,FALSE,17,Linke,2011-06-30,Pro-EU,goldstandard_codingsheet_FINAL_merged.xlsx
GS0208,Barbara Hendricks__1,78,"Die Exportinitiative ist ein schönes Beispiel dafür, dass wir mit dem Einzelplan 16 einhalten, was wir versprochen haben, und es beweist, dass wir den Interessen der Menschen heute und den Interessen künftiger Generationen in Deutschland gerecht werden und unsere Verantwortung in der Welt nicht missachten.",Democracy & Political System,Andere,,,,305,305 - Political Authority,0.28088590502739,Democracy & Political System,,,0,Auch diesen Aspekt sollten wir immer im Blick haben.,Herzlichen Dank.,FALSE,18,SPD,2016-11-22,Democracy & Political System,goldstandard_codingsheet_FINAL_merged.xlsx
GS0183,Barbara Woltmann__1,59,"Das geschieht nicht nur von der rechten Seite, sondern auch von anderen Seiten.",Law & Order and National Identity,Andere,,,,605,605 - Law and Order: Positive,0.497542887926102,Law & Order and National Identity,,,0,"Sie sprechen in Ihrem Antrag von „ Angst - Räumen “, davon, dass durch rechtsextreme Bestrebungen in Regionen, Orten, Ortsteilen die staatliche Ordnung außer Kraft gesetzt wird.","Ich fand es erschreckend, von Polizisten aus Neukölln oder auch aus Duisburg - Marxloh zu hören, wie dort mit der Polizei umgegangen wird.",FALSE,18,CDU/CSU,2016-02-18,Law & Order and National Identity,goldstandard_codingsheet_FINAL_merged.xlsx
GS0200,Bartholomäus Kalb__1,36,Ihre Beschlüsse haben sich ausgewirkt wie ein dramatischer Bodenfrost über der Konjunktur in Deutschland.,Democracy & Political System,Andere,,,,305,305 - Political Authority,0.695930540561676,Democracy & Political System,,,0,"Da wundern Sie sich, warum die Motivation nicht da ist, warum die Investitionsbereitschaft nicht da ist und warum die Leistungsbereitschaft nicht da ist!","Sie schlagen mit Ihrer verfehlten Haushalts -, Finanz - und Wirtschaftspolitik die Einnahmen auch der Länder und Gemeinden kaputt.",FALSE,15,CDU/CSU,2003-04-11,Democracy & Political System,goldstandard_codingsheet_FINAL_merged.xlsx
GS0403,Bernd Schattner__1,13,"– Wir sprechen mittlerweile davon, dass die Kosten, um einen durchschnittlichen Sauenhalteplatz so umzubauen, dass ein entsprechendes Labeling erfolgen kann, bei circa 8 000 Euro liegen würden.",Economy,Staatsintervention,,,,501,501 - Environmental Protection: Positive,0.160363301634789,Environment,,,0,Sie haben ja gerade selbst gesagt: 1 Milliarde Euro ist aktuell eingestellt.,"Das heißt, bei 1 Milliarde Euro werden wir da eine Mangellage haben, sodass nicht alle, die umbauen wollen, auch in die Förderfähigkeit kommen werden.",FALSE,20,AfD,2023-02-08,Environment,goldstandard_codingsheet_FINAL_merged.xlsx
GS0040,Bodo Ramelow__1,131,"Das heißt, es muss zu einer Aufgabentrennung und zu einer Aufgabenzuordnung kommen.",Democracy & Political System,Andere,,,,303,303 - Governmental and Administrative Efficiency,0.684805512428284,Democracy & Political System,,,0,"Siebtens: eine bundeseinheitliche Verwaltungsreform, die diesen Namen verdient hat.",Einfließen sollten dabei die Ergebnisse der Diskussion der Bundesländer.,FALSE,16,Linke,2006-03-10,Democracy & Political System,goldstandard_codingsheet_FINAL_merged.xlsx
GS0237,Brigitte Zypries__1,29,Die von uns vorgeschlagene Liberalisierung entspricht auch der Zielsetzung einer verbraucherfreundlichen Politik.,Economy,Marktliberalismus,,,,403,403 - Market Regulation,0.680877506732941,Economy,Economy,Staatsintervention,0,Ferner können auch Händlerpools gebildet oder Kundencoupons für Stadtbezirke herausgegeben werden.,"Wir orientieren uns dabei am Leitbild des mündigen Verbrauchers, der künftig selbst entscheiden soll, welches Angebot sich für ihn lohnt.",FALSE,15,SPD,2003-09-25,Staatsintervention,goldstandard_codingsheet_FINAL_merged.xlsx
GS0254,Brigitte Zypries__1,23,"Wir müssen endlich handeln; denn leider sind wir in den letzten vier Jahren nicht in dem Maße vorangekommen, wie das angekündigt war und wie wir uns das gewünscht hätten.",Economy,Wirtschaft Allgemein,,,,411,411 - Technology and Infrastructure,0.921625137329102,Economy,Economy,Wirtschaft Allgemein,0,"Es ist wichtig, dass wir die Versorgung mit schnellem Internet in ganz Deutschland als eine Infrastruktur begreifen, die inzwischen genauso wichtig geworden ist wie die Versorgung mit Wasser, Strom oder Straßen.","Ganz kurz zu einem weiteren Punkt, über den wir diskutieren müssen.",FALSE,17,SPD,2013-06-13,Wirtschaft Allgemein,goldstandard_codingsheet_FINAL_merged.xlsx
GS0219,Burkhard Lischka__1,2,Meine Damen und Herren!,Foreign Policy & Defence,Andere,,,,305,305 - Political Authority,0.630624234676361,Democracy & Political System,,,1,Herr Präsident!,"Ich will eines ganz deutlich sagen – das gilt, glaube ich, für alle Kolleginnen und Kollegen in diesem Hause, die gleich zustimmen werden –: Die Verlängerung des ISAF - Mandats und die damit verbundene militärische Präsenz in Afghanistan sind kein Selbstzweck, für niemanden hier.",TRUE,17,SPD,2011-06-30,Democracy & Political System,goldstandard_codingsheet_FINAL_merged.xlsx
GS0123,Carsten Müller__1,48,Und die sind dann gestern aufgetan worden.,Economy,Staatsintervention,,,,406,406 - Protectionism: Positive,0.317308992147446,Economy,,,0,"Es gibt kein Exportverbot, möglicherweise muss man darüber nachdenken.","AstraZeneca, das ist genau dasselbe Unternehmen, das die EU und uns wissen lässt, dass es seinen eingegangenen Lieferverpflichtungen für Impfdosen nicht nachkommen kann und will, weil es Verzögerungen in der Produktion gibt – angeblich.",FALSE,19,CDU/CSU,2021-03-25,Economy (sonstige),goldstandard_codingsheet_FINAL_merged.xlsx
GS0180,Carsten Müller__2,14,"Dieses Netzwerkdurchsetzungsgesetz ist in den wesentlichen Punkten – das finde ich besonders gut und interessant – auch in die Überlegungen zum Digital Services Act eingeflossen, und zentrale Bausteine sind dort integriert worden.",Democracy & Political System,Andere,,,,411,411 - Technology and Infrastructure,0.746603429317474,Economy,Economy,Wirtschaft Allgemein,0,"Diese Bewährung unterstützen wir mit einer Novelle, die im Übrigen seit etwa zweieinhalb Jahren intensiv vorbereitet und sehr sachlich diskutiert wird.",Das ist eine Erfolgsgeschichte.,FALSE,19,CDU/CSU,2021-01-28,Wirtschaft Allgemein,goldstandard_codingsheet_FINAL_merged.xlsx
GS0230,Catarina dos Santos Firnhaber__1,15,Europa kann doch nicht nebenherlaufen.,European Integration,Pro-EU,,,,110,110 - European Community/Union: Negative,0.416277021169663,European Integration,Europe,Contra-EU,0,"Ein weiteres Beispiel aus der Praxis: Statt auf europäischer Ebene den Austausch im Bereich Digitalisierung zu suchen, schlägt Herr Wissing mit einer Idee des Innovations - Clubs den baltischen Staaten eine parallele Runde vor.",Das kann nicht Sinn und Zweck der Europapolitik sein.,FALSE,20,CDU/CSU,2023-03-30,Contra-EU,goldstandard_codingsheet_FINAL_merged.xlsx
GS0042,Christel Happach-Kasan__1,50,Über 60 Prozent der Verbraucherinnen und Verbraucher in Deutschland befürworten gentechnisch veränderten Joghurt mit besonderer Gesundheitswirkung.,Economy,Marktliberalismus,,,,403,403 - Market Regulation,0.524075150489807,Economy,Economy,Staatsintervention,0,"Sie hat es nicht geschafft. - In Dänemark hat man die Produktion von gentechnikfreiem Schweinefleisch eingestellt, weil es keine Nachfrage gab.","Frau Ministerin Künast, Sie wissen selbst: Wenn diese Lebensmittel preiswerter sind als andere Lebensmittel, dann greifen alle Leute zu.",FALSE,15,FDP,2005-03-18,Staatsintervention,goldstandard_codingsheet_FINAL_merged.xlsx
GS0070,Christian Leye__1,42,Und bei Gallium sind wir zu 60 Prozent auf chinesische Importe angewiesen.,Economy,Wirtschaft Allgemein,,,,406,406 - Protectionism: Positive,0.357352137565613,Economy,,,0,Das braucht man auch für Solaranlagen.,Auch das braucht man für die Solarindustrie.,FALSE,20,Linke,2022-10-21,Economy (sonstige),goldstandard_codingsheet_FINAL_merged.xlsx
GS0420,Christoph Ploß__1,42,"Gerade in den Regionen des Landes, wo wir enormen Bedarf haben, kommt Bewegung rein, entstehen Arbeitsplätze.",Economy,Marktliberalismus,,,,701,701 - Labour Groups: Positive,0.394467115402222,Social Groups,,,0,"Die ersten Erfolge der Politik der Bundesregierung – Steffen Bilger und Thomas Bareiß sitzen auf der Regierungbank – kann man doch sehen, zum Beispiel die Gigafactory von Tesla, die erwähnt wurde, oder die neue Fabrik von VW in Zwickau.",Dort gelingt die Transformation.,FALSE,19,CDU/CSU,2019-11-14,Social Groups,goldstandard_codingsheet_FINAL_merged.xlsx
GS0120,Corinna Rüffer__1,8,"Persönlich unterhalte ich mich auch gerne über das Thema, erst recht hier im Bundestag.",Nicht zuordenbar (000),Andere,,,,305,305 - Political Authority,0.754327952861786,Democracy & Political System,,,0,Ich sage: Besser spät als nie.,Aber ganz ehrlich: Von einer Bundesregierung erwarte ich mehr als nur schöne Worte auf den letzten Drücker.,FALSE,18,Grüne,2014-05-08,Democracy & Political System,goldstandard_codingsheet_FINAL_merged.xlsx
GS0097,Dirk Niebel__1,31,"Deswegen könnten Sie statt der Ausweitung des Arbeitslosengeldes die Spielräume für Beitragssenkungen bis auf 3 Prozent mit dem Ergebnis besserer Chancen auf einen Arbeitsplatz und dem Ergebnis besserer staatlicher Finanzen ausnutzen; denn die Kassen werden nur von Menschen gefüllt, die Beiträge und Steuern zahlen.",Welfare & Social Policy,Sozialstaat Begrenzung,,,,505,505 - Welfare State Limitation,0.482006281614304,Welfare & Social Policy,Welfare,Sozialstaat Begrenzung,0,"Das bedeutet, dass man die Spielräume dazu nutzen muss, statt die Leistungen zu erhöhen.",Diese Tatsache verlieren Sie mehr und mehr aus dem Blick.,FALSE,16,FDP,2008-01-25,Sozialstaat Begrenzung,goldstandard_codingsheet_FINAL_merged.xlsx
GS0024,Dorothea Steiner__2,4,Das ist eine Verschwendung - und belastet unsere Umwelt.,Environment,Andere,,,,501,501 - Environmental Protection: Positive,0.492801308631897,Environment,,,0,"Wir verbrauchen immer mehr Rohstoffe, auch weil Geräte immer schneller kaputtgehen und ersetzt werden müssen.","Viele Verbraucherinnen und Verbraucher wollen, dass man defekte Geräte wieder reparieren kann.",FALSE,17,Grüne,2013-04-18,Environment,goldstandard_codingsheet_FINAL_merged.xlsx
GS0240,Edelgard Bulmahn__1,52,"Deshalb danke ich dem Expertenkreis ganz ausdrücklich, dass er uns den Handlungsauftrag gibt, mehr zu tun, mehr Forschung zu leisten, aber auch mehr in der Umsetzung zu erproben.",Law & Order and National Identity,Andere,,,,411,411 - Technology and Infrastructure,0.29572468996048,Economy,Economy,Wirtschaft Allgemein,0,"Wir müssen die Erscheinungsformen, die Strukturen, die Mechanismen und die Wirkungsweisen antisemitischer Einstellungen besser verstehen lernen, um sie besser bekämpfen zu können.","Wir brauchen ausreichendes Wissen über diese Zusammenhänge, wir brauchen aber auch eine kontinuierliche Berichterstattung, eine kontinuierliche Beobachtung, die systematisch ist.",FALSE,18,SPD,2017-06-21,Wirtschaft Allgemein,goldstandard_codingsheet_FINAL_merged.xlsx
GS0131,Eduard Lintner__1,82,"Wir versuchen natürlich, entsprechende Rückschlüsse daraus zu ziehen, um uns und andere in die Lage zu versetzen, solche Dinge zukünftig zu vermeiden.",Economy,Staatsintervention,,,,502,502 - Culture: Positive,0.361607879400253,Welfare & Social Policy,,,0,Eine Runde hat schon stattgefunden; eine weitere Runde ist mit dem DFB und der Bahn AG für Mitte Oktober verabredet.,"Herr Kollege, ich finde, es ist alles getan worden, was im Zusammenhang mit diesem Vorfall angeraten und auch notwendig war.",FALSE,13,CDU/CSU,1996-09-25,Welfare & Social Policy (sonstige),goldstandard_codingsheet_FINAL_merged.xlsx
GS0093,Elisabeth Motschmann__1,42,"Wir sollten ihnen helfen, und wir sollten uns nicht selber vorwerfen, dass wir am Ende noch daran schuld sind, dass diese Staatsgründung zustande gekommen ist und dass es den Menschen da jetzt so schlecht geht.",Law & Order and National Identity,Andere,,,,606,606 - Civic Mindedness: Positive,0.289141654968262,Law & Order and National Identity,,,0,Wir sollten bei den Menschen bleiben.,"Das ist wirklich abwegig, Frau Buchholz, und es ist falsch.",FALSE,18,CDU/CSU,2016-12-15,Law & Order and National Identity,goldstandard_codingsheet_FINAL_merged.xlsx
GS0115,Emmi Zeulner__2,10,Die Fachkräftezuwanderung wollen auch wir.,Migration,Migration liberal,,,,602,602 - National Way of Life: Negative,0.758697688579559,Migration,Migration,Migration liberal,0,Das ist nur ein Bereich des Themas Fachkräftezuwanderung; es gibt weitere.,Wir brauchen sie in unserem Land; das ist unstrittig.,FALSE,20,CDU/CSU,2023-03-03,Migration liberal,goldstandard_codingsheet_FINAL_merged.xlsx
GS0228,Enrico Komning__1,26,Der vorliegende Gesetzentwurf ist ein wirtschaftspolitischer Offenbarungseid.,Economy,Marktliberalismus,,,,305,305 - Political Authority,0.579924404621124,Democracy & Political System,,,0,Sie sollten sich vorher Lösungen dazu überlegen und nicht die Probleme in die Verwaltung abschieben.,Er steht in einer Reihe mittelstandsfeindlicher Maßnahmen dieser Bundesregierung in dieser ganzen Legislatur.,FALSE,19,AfD,2021-06-10,Democracy & Political System,goldstandard_codingsheet_FINAL_merged.xlsx
GS0085,Erich Riedl__2,2,"Ich möchte Sie bitten, Frau Präsidentin, den Wissenschaftlichen Dienst zu ersuchen, in einer leicht verständlichen Weise eine Expertise zu erstellen und diese beim Neueintritt von Mitgliedern des Deutschen Bundestages mit der Fahrkarte für die Deutsche Bahn und mit den Hinweisen, wo die Restaurants und die Toiletten sind, zu übergeben.",Democracy & Political System,Andere,,,,303,303 - Governmental and Administrative Efficiency,0.483568072319031,Democracy & Political System,,,0,"Frau Präsidentin, ich bin immer wieder betrübt und auch erschüttert darüber, wie wenig Detailkenntnisse Mitglieder des Deutschen Bundestages über den Ablauf von Haushaltsberatungen haben.","Ich bitte um Entschuldigung, daß ich das so sarkastisch sage.",FALSE,13,CDU/CSU,1996-11-27,Democracy & Political System,goldstandard_codingsheet_FINAL_merged.xlsx
GS0406,Ernst Hinsken__2,33,"Ich möchte dazu anmerken, verehrte Frau Kollegin Irber, dass die Bundesrepublik Deutschland das Land ist, das innerhalb der Europäischen Union, ja weltweit mit Abstand die höchsten Steuern auf Benzin hat, nämlich 72 Prozent.",Economy,Wirtschaft Allgemein,,,,501,501 - Environmental Protection: Positive,0.19203382730484,Environment,,,0,"Ich sage das deshalb, weil innerhalb Europas und auch innerhalb der Bundesrepublik Deutschland 83 Prozent der Urlaubsreisen und der Tagesaus flüge mit dem PKW bzw. mit dem Omnibus unternommen werden.",Nehmen wir uns ein Beispiel an Österreich.,FALSE,14,CDU/CSU,2001-11-08,Environment,goldstandard_codingsheet_FINAL_merged.xlsx
GS0179,Erwin Marschewski__1,31,"Wir alle wissen: Solange ein Asylbewerber in Italien im Monat umgerechnet 100 DM an staatlichen Leistungen bekommt und bei uns ein Vielfaches davon bar ausgezahlt wird, so lange wird der Zustrom nach Deutschland nicht abreißen.",Migration,Migration restriktiv,,,,601,601 - National Way of Life: Positive,0.764058828353882,Migration,Migration,Migration restriktiv,0,Sie wissen auch um das Nord - Süd - Gefälle in Europa; eine Angleichung haben Sie in Tampere leider nicht erreicht.,Dieser Diskussion müssen Sie sich stellen.,FALSE,14,CDU/CSU,1999-11-23,Migration restriktiv,goldstandard_codingsheet_FINAL_merged.xlsx
GS0195,Fabio De Masi__1,4,"– Deswegen ist es wichtig, dass noch in dieser Legislaturperiode bei diesem Thema etwas geschieht.",Economy,Staatsintervention,,,,403,403 - Market Regulation,0.926737189292908,Economy,Economy,Staatsintervention,0,"Der Wirecard - Skandal, der P and R - Skandal, der Prokon - Skandal, zuletzt auch der German - Property - Skandal – eine Reihe von Skandalen, die zeigen, dass es in Deutschland bei den Themen Anlegerschutz und Finanzaufsicht ein bisschen ist wie in Finnland mit dem Anbau von Rotwein: Wir haben da keine sehr gute Reputation.","Wir unterstützen dabei den Ansatz der Bundesregierung, Blindpool - Anlagen für Kleinanlegerinnen und Kleinanleger zu beschränken.",FALSE,19,Linke,2021-04-13,Staatsintervention,goldstandard_codingsheet_FINAL_merged.xlsx
GS0162,Falko Mohrs__1,21,Hier müssen insbesondere die ausländischen Hersteller deutlich eine Schippe drauflegen.,Economy,Wirtschaft Allgemein,,,,406,406 - Protectionism: Positive,0.291617035865784,Economy,,,0,"Bei allen Fortschritten, die in den letzten Jahren durch das Programm erreicht wurden – ich habe es eben schon erwähnt –, muss aber deutlich gemacht werden: Das reicht am Ende noch nicht.",Die Automobilindustrie ist eine Schlüsselindustrie in Deutschland.,FALSE,19,SPD,2018-04-19,Economy (sonstige),goldstandard_codingsheet_FINAL_merged.xlsx
GS0094,Frank Schwabe__1,34,"Jetzt habe ich noch zwei Minuten und sage in der Tat noch etwas zum Europarat – ich danke dem Außenminister, der darauf drei Minuten verwandt hat, und auch Matern von Marschall –: Ich habe den Eindruck, dass wir ein komplettes Missverständnis haben über das, was der Europarat ist und was er leisten kann.",Foreign Policy & Defence,Andere,,,,108,108 - European Community/Union: Positive,0.470713824033737,European Integration,Europe,Pro-EU,0,"Deswegen hätten Sie vielleicht Herrn Altmaier herzitieren können, statt diesen Popanz zu betreiben.","Es haben ja auch Kolleginnen und Kollegen den Außenminister aufgefordert, auf Parlamentarier Druck auszuüben, um russischen Parlamentariern bestimmte Rechte zu entziehen.",FALSE,19,SPD,2021-02-10,Pro-EU,goldstandard_codingsheet_FINAL_merged.xlsx
GS0053,Frank Schäffler__1,26,"Wenn Sie das so lassen, dann versündigen Sie sich an diesen Millionen Menschen in diesem Land.",Economy,Wirtschaft Allgemein,,,,415,415 - Marxist Analysis: Positive,0.359013885259628,Economy,,,0,Nur so können in der aktuellen Kapitalmarktsituation überhaupt noch Erträge erwirtschaftet werden.,Vielen Dank.,FALSE,19,FDP,2021-05-06,Economy (sonstige),goldstandard_codingsheet_FINAL_merged.xlsx
GS0246,Frank Steffel__1,4,"Nun kann man natürlich sagen: Das liegt daran, dass im September Wahlen sind.",Foreign Policy & Defence,Andere,,,,202,202 - Democracy,0.894818425178528,Democracy & Political System,,,0,"Die Lage an der ukrainisch - russischen Grenze, in den Gewässern der Ostukraine macht uns Sorgen, und wir alle spüren, glaube ich, was eine Eskalation dort nicht nur für diese Grenze, sondern für die Welt, für Europa, wahrscheinlich auch für Deutschland neben den innenpolitischen Auseinandersetzungen bedeuten würde.",– Ein Kollege hat darauf hingewiesen.,FALSE,19,CDU/CSU,2021-04-22,Democracy & Political System,goldstandard_codingsheet_FINAL_merged.xlsx
GS0401,Franz Obermeier__1,59,Das möchte ich auch in Form einer Synopse dargestellt haben.,Democracy & Political System,Andere,,,,501,501 - Environmental Protection: Positive,0.455259889364243,Environment,,,0,Vor allem müsste uns der sicherheitstechnische Unterschied zwischen den jetzt kaputten Anlagen in Japan und unseren Anlagen interessieren.,Das Moratorium lässt sich also verlängern.,FALSE,17,CDU/CSU,2011-03-24,Environment,goldstandard_codingsheet_FINAL_merged.xlsx
GS0051,Franz Obermeier__1,50,Wo können Effizienzgewinne liegen?,Economy,Wirtschaft Allgemein,,,,303,303 - Governmental and Administrative Efficiency,0.395102024078369,Democracy & Political System,,,0,Ist das Kapital in der Vergangenheit nicht effizient angelegt worden?,Oder geht es etwa um die Forderungsabtretung?,FALSE,16,CDU/CSU,2006-02-09,Democracy & Political System,goldstandard_codingsheet_FINAL_merged.xlsx
GS0058,Franziska Brantner__1,11,"Katastrophen über Katastrophen, Krisen über Krisen: Syrien, Myanmar, Kongo, Libyen, Ukraine.",Foreign Policy & Defence,Andere,,,,107,107 - Internationalism: Positive,0.604058086872101,Foreign Policy & Defence,,,0,Wir leben in einer Welt des Umbruchs; das haben die Vorrednerinnen und Vorredner schon gesagt.,Man kann sie gar nicht alle aufzählen.,FALSE,19,Grüne,2018-02-23,Foreign Policy & Defence,goldstandard_codingsheet_FINAL_merged.xlsx
GS0139,Franziska Eichstädt-Bohlig__1,25,"Ich glaube, auch in diesem Bereich muss es den wichtigen Impuls zur Sanierung und damit zur energetischen Optimierung geben.",Economy,Wirtschaft Allgemein,,,,501,501 - Environmental Protection: Positive,0.371132910251617,Environment,,,0,"In diesen Zusammenhang gehört auch - dieser Punkt wird viel zu wenig beachtet -, dass in Zukunft an öffentlichen Gebäuden, bei denen es eben nicht um Mieten und Vermieten bzw. um Kaufen oder Verkaufen geht, kenntlich gemacht wird, wie deren energetische Qualität ist.","So entsteht auch bei diesen Gebäuden eine Win - Win - Situation: Sparen bei den Energiekosten, bei den Heizkosten und Nebenkosten, und im Gegenzug investieren!",FALSE,15,Grüne,2005-04-14,Environment,goldstandard_codingsheet_FINAL_merged.xlsx
GS0037,Friedhelm Ost__1,38,"Ich glaube, Sie werden keine Not haben.",Economy,Wirtschaft Allgemein,,,,414,414 - Economic Orthodoxy,0.38548669219017,Economy,Economy,Marktliberalismus,0,"Wir haben im Kreditgewerbe ein ideales System mit den Banken: mit den privaten Banken, mit den öffentlich - rechtlichen Landesbanken, die teilweise recht groß oder zu groß geworden sind, mit den Sparkassen, mit den Genossenschaftsbanken und mit den vielen freien Finanzdienstleistern und Vermögensberatern, sodass Sie sehr gut versorgt sind.","Außerdem kommen neue Technologien wie etwa das Internet, das Online - Banking und Ähnliches.",FALSE,14,CDU/CSU,2000-03-23,Marktliberalismus,goldstandard_codingsheet_FINAL_merged.xlsx
GS0225,Gabriela Heinrich__1,15,"Selbst die Beratung ist betroffen, zum Beispiel die Beratung für Frauen, die vergewaltigt worden sind, oder für schwangere Frauen, die sich mit dem Aidsvirus infiziert haben.",Law & Order and National Identity,Andere,,,,604,604 - Traditional Morality: Negative,0.481714397668839,Law & Order and National Identity,,,0,Das betrifft nicht nur Krankenhäuser oder Gesundheitsdienste.,"Aus der Vergangenheit wissen wir, welche Auswirkungen das hat: Die selbstbestimmte Familienplanung wird insgesamt eingeschränkt, und die Abgabe von Verhütungsmitteln wird verweigert.",FALSE,18,SPD,2017-05-31,Law & Order and National Identity,goldstandard_codingsheet_FINAL_merged.xlsx
GS0144,Gabriele Fograscher__1,7,"Das Integrationsgesetz, das wir letzte Woche auf den Weg gebracht haben, schafft klare und verbindliche Regeln für die Integration.",Migration,Migration restriktiv,,,,608,608 - Multiculturalism: Negative,0.587213933467865,Migration,Migration,Migration restriktiv,0,"Manche wollen oder dürfen nur vorübergehend hier bleiben, andere werden dauerhaft hier leben.",Für uns Sozialdemokratinnen und Sozialdemokraten ist es ein wichtiger Schritt hin zu einem Einwanderungsgesetz.,FALSE,18,SPD,2016-06-09,Migration restriktiv,goldstandard_codingsheet_FINAL_merged.xlsx
GS0215,Georg Nüßlein__1,9,"Deswegen haben CDU und CSU auch in ihr Wahlprogramm geschrieben, dass wir in Deutschland die Voraussetzungen dafür schaffen wollen, damit "" gerade in den Städten mobiles Internet über WLAN für jeden verfügbar wird.",Economy,Marktliberalismus,,,,411,411 - Technology and Infrastructure,0.9000683426857,Economy,Economy,Wirtschaft Allgemein,0,"Das ist eine tolle Entwicklung, die wir fördern müssen, wo es nur geht.",""" Weiter sichern wir in unserem Programm zu: "" Wir setzen uns dafür ein, gesetzliche Grundlagen für die Nutzung dieser offenen Netze und deren Anbieter zu schaffen.",FALSE,17,CDU/CSU,2013-06-27,Wirtschaft Allgemein,goldstandard_codingsheet_FINAL_merged.xlsx
GS0026,Gerald Thalheim__1,110,"Die Antwort war - es ging konkret um die Frage, ob möglicherweise aus dem Land Brandenburg eine "" Amtshilfe auf Forstarbeiterebene "" geleistet werden soll -, dass im Grunde genommen keine weiteren Arbeitskräfte gebraucht werden.",Social Groups,Andere,,,,703,703 - Agriculture and Farmers: Positive,0.360380858182907,Social Groups,,,0,Wir haben über unser Haus entsprechende Fragen gestellt.,"Ich wiederhole an dieser Stelle: Die Qualifikationen, die gerade bei der Beseitigung von Sturmschäden notwendig sind, erlauben es nicht, jemandem ohne Ausbildung eine Axt und eine Säge in die Hand zu drücken und ihm zu sagen: Mach mit und hilf hier!",FALSE,14,SPD,2000-01-19,Social Groups,goldstandard_codingsheet_FINAL_merged.xlsx
GS0110,Gerald Weiß__1,50,"Wo sind die Teilhabechancen der kleinen Gewerkschaften, der christlichen Gewerkschaften, des Beamtenbundes?",Social Groups,Andere,,,,701,701 - Labour Groups: Positive,0.488266170024872,Social Groups,,,0,Man merkt die Absicht und ist verstimmt.,Wo sind die Teilhabechancen der unabhängigen Betriebsräte?,FALSE,14,CDU/CSU,2001-04-05,Social Groups,goldstandard_codingsheet_FINAL_merged.xlsx
GS0425,Gerda Hasselfeldt__1,46,"Die Milchprämie muss bis zum Ende der Laufzeit betriebsbezogen gewährt werden, denn gerade die Milchbauern haben nicht nur durch die aktuelle Preissituation, sondern auch durch die EU - Beschlüsse ganz gravierende Einbußen.",Democracy & Political System,Andere,,,,703,703 - Agriculture and Farmers: Positive,0.974614143371582,Social Groups,,,0,Viertens.,"Bei allen Forderungen, die ich jetzt genannt habe, befinden wir uns in guter Gesellschaft mit den unionsgeführten Bundesländern.",FALSE,15,CDU/CSU,2004-04-01,Social Groups,goldstandard_codingsheet_FINAL_merged.xlsx
GS0129,Gerhard Schröder__1,165,Solidarität ist nicht aufgegeben worden.,Welfare & Social Policy,Sozialstaat Ausbau,,,,606,606 - Civic Mindedness: Positive,0.856044352054596,Law & Order and National Identity,,,0,"Das hat mit der neuen Balance zwischen Eigenverantwortung und Solidarität, die gefunden worden und die in sich durchaus gerecht ist, zu tun.",Angesichts der Situation unserer Gesellschaft - das hat mit dem Altersaufbau zu tun - musste das gemacht werden; sonst wären die Systeme auf Dauer nicht finanzierbar geblieben.,FALSE,15,SPD,2004-09-08,Law & Order and National Identity,goldstandard_codingsheet_FINAL_merged.xlsx
GS0081,Gerhard Schröder__1,41,Zugleich wird von allen Partnern der Ratifizierungsprozess von Nizza fortgesetzt.,European Integration,Pro-EU,,,,108,108 - European Community/Union: Positive,0.42595785856247,European Integration,Europe,Pro-EU,0,"Der Europäische Rat seinerseits hat einhellig zum Ausdruck gebracht, dass er die irische Regierung bei ihrer Suche nach einer Lösung unterstützen wird.",Nachverhandlungen - hier waren sich alle Partner einig - wird und kann es nicht geben.,FALSE,14,SPD,2001-06-21,Pro-EU,goldstandard_codingsheet_FINAL_merged.xlsx
GS0412,Gernot Erler__1,14,"Es war schließlich die verstärkte Unterstützung des Versöhnungs - und Integrationsprozesses, für den auch erhebliche Mittel zur Verfügung gestellt wurden.",Foreign Policy & Defence,Andere,,,,107,107 - Internationalism: Positive,0.455271005630493,Foreign Policy & Defence,,,0,"Die Kabuler Konferenz, die jetzt bevorsteht, sollte dazu eigentlich schon im April dieses Jahres konkrete Festlegungen, auch auf Zwischenschritte, erreichen.",Ursprünglich sollte schon im Mai dieses Jahres die Friedensjirga weitere Beiträge leisten.,FALSE,17,SPD,2010-07-09,Foreign Policy & Defence,goldstandard_codingsheet_FINAL_merged.xlsx
GS0119,Gernot Erler__2,22,Unsere besonderen Sorgen gelten im Augenblick folgenden Punkten: Ein Punkt ist der sich verstärkende Waffenexport in Entwicklungsländer.,Foreign Policy & Defence,Andere,,,,105,105 - Military: Negative,0.930063247680664,Foreign Policy & Defence,,,0,"Diese Ziele haben wir durch zahlreiche Initiativen, Anträge und Anfragen im Deutschen Bundestag verfolgt; liebenswürdigerweise haben Sie einige davon sogar in Ihrem Antrag zitiert.","Es ist eigentlich sehr traurig, daß vor wenigen Tagen eine SPD - Initiative im Ausschuß für wirtschaftliche Zusammenarbeit, die auf eine überparteiliche Maßnahme abzielte, gescheitert ist.",FALSE,13,SPD,1995-05-18,Foreign Policy & Defence,goldstandard_codingsheet_FINAL_merged.xlsx
GS0138,Gert Weisskirchen__1,38,Ich folge Ihnen an diesem Punkt sehr klar.,Foreign Policy & Defence,Andere,,,,305,305 - Political Authority,0.380354374647141,Democracy & Political System,,,0,"Eines, Herr Kollege Schmidt, möchte ich doch noch ganz deutlich herausarbeiten.","Dudajew hat noch im vorvergangenen Jahr gegenüber der Administration in Moskau angeboten, es könne eine Lösung der Verfassungskonflikte zwischen Moskau und Grosny auf der Grundlage des sich anbahnenden Modells Tatarstans geben.",FALSE,13,SPD,1995-01-19,Democracy & Political System,goldstandard_codingsheet_FINAL_merged.xlsx
GS0004,Gesine Lötzsch__2,74,In den Augen der Kapitaleigner dagegen leuchten die Dollarzeichen.,Welfare & Social Policy,Sozialstaat Ausbau,,,,503,503 - Equality: Positive,0.543518304824829,Welfare & Social Policy,Welfare,Sozialstaat Ausbau,0,Dieser Haushalt ist für die ehrlichen Menschen eine große Enttäuschung.,"Sie müssen nicht einmal Hinterziehungszinsen zahlen, weil Sie lieber neue Stellen für Schlapphüte schaffen, statt ausreichend Steuerbeamte auszubilden und einzustellen.",FALSE,19,Linke,2018-11-23,Sozialstaat Ausbau,goldstandard_codingsheet_FINAL_merged.xlsx
GS0130,Gisela Piltz__1,75,Zudem können bei diesen in den Ländern die Kompetenzen gebündelt werden.,Law & Order and National Identity,Andere,,,,302,302 - Centralisation,0.498761504888535,Democracy & Political System,,,0,"Dazu gehören aus unserer Sicht zum Beispiel auch Internetwachen, die auf direktem Wege ansprechbar sind.","Wenn es aber nur in sieben von 15 Landeskriminalämtern eigene Internetabteilungen gibt, dann gibt es sicherlich noch Verbesserungsmöglichkeiten auf der durchführenden Ebene, die wir ausschöpfen müssen und die wir ausschöpfen werden, um Kriminalität zu bekämpfen.",FALSE,17,FDP,2010-03-26,Democracy & Political System,goldstandard_codingsheet_FINAL_merged.xlsx
GS0156,Gisela Schröter__1,68,Ich denke zum Beispiel an ein deutlich stärkeres Engagement des deutschen Fernsehens; das ist angesprochen worden.,Democracy & Political System,Andere,,,,502,502 - Culture: Positive,0.937125325202942,Welfare & Social Policy,,,0,All diese müssen wir offen diskutieren.,Ich denke auch an den noch geltenden Medienerlass.,FALSE,14,SPD,2002-02-01,Welfare & Social Policy (sonstige),goldstandard_codingsheet_FINAL_merged.xlsx
GS0090,Gitta Connemann__1,35,"Deshalb ist für uns in der Union auch die Arbeit in den Gedenkstätten und an Erinnerungsorten wie Hohenschönhausen, Hoheneck, Plauen oder Leipzig, um nur einige zu nennen, unverzichtbar.",Law & Order and National Identity,Andere,,,,502,502 - Culture: Positive,0.786102414131165,Welfare & Social Policy,,,0,Diese Mahnmale sind wichtig – gegen das Vergessen.,"Wir danken den Menschen, die diese Arbeit dort tun.",FALSE,19,CDU/CSU,2019-06-06,Welfare & Social Policy (sonstige),goldstandard_codingsheet_FINAL_merged.xlsx
GS0006,Gottfried Curio__1,6,"Die Aktivität von über 12 000 Salafisten, die integrationsfeindlichen Predigten in den Moscheen, das Mobbing gegen nichtmuslimische Schüler, die religiös begründete Unterdrückung der Frau, das streng verfassungsfeindliche Gewaltaufrufpotenzial im Koran – effektive Lösungsvorschläge: überall Fehlanzeige, meine Damen und Herren.",Migration,Migration restriktiv,,,,608,608 - Multiculturalism: Negative,0.876417100429535,Migration,Migration,Migration restriktiv,0,"Was zudem fehlt, sind wirksame Rezepte gegen das antiintegrative Wirken des Islam in Deutschland.",In den Hauptkompetenzbereichen Spracherwerb und Ausbildung hat die Integration versagt.,FALSE,19,AfD,2020-02-13,Migration restriktiv,goldstandard_codingsheet_FINAL_merged.xlsx
GS0140,Gottfried Curio__1,5,Viele der Migranten von Moria sind Afghanen.,Migration,Migration restriktiv,,,,602,602 - National Way of Life: Negative,0.249914109706879,Migration,Migration,Migration liberal,0,Stunden später brennt Samos.,Dort gibt es jetzt Friedensgespräche.,FALSE,19,AfD,2020-09-16,Migration liberal,goldstandard_codingsheet_FINAL_merged.xlsx
GS0001,Gregor Gysi__1,14,"Wollen Sie, dass die Länder und Kommunen noch weiter geknebelt werden, damit sie sich so gut wie nichts mehr für Kinder, Jugendliche, Bildung, Kultur und Sport leisten können?",Welfare & Social Policy,Sozialstaat Ausbau,,,,301,301 - Federalism,0.645932734012604,Democracy & Political System,,,0,Es geht natürlich um die Gesamtverschuldung Deutschlands und damit auch um die Schulden der Länder und Kommunen.,"Haben Sie deshalb dafür gesorgt, dass die Praxisgebühr bei Ärztinnen und Ärzten zulasten der Kranken nicht gestrichen wird, um die Überschüsse der Krankenkassen gegen die Neuverschuldung zu verrechnen?",FALSE,17,Linke,2012-06-29,Democracy & Political System,goldstandard_codingsheet_FINAL_merged.xlsx
GS0252,Gregor Gysi__2,54,"Herr Koppelin, eines muß ich Ihnen auch noch sagen.",Democracy & Political System,Andere,,,,305,305 - Political Authority,0.773676037788391,Democracy & Political System,,,0,"Deshalb hoffe ich, daß genügend Menschen soviel Stolz besitzen und sagen: dann erst recht.",Sie haben gesagt: Aufbau Ost bleibt Priorität.,FALSE,13,Linke,1998-06-18,Democracy & Political System,goldstandard_codingsheet_FINAL_merged.xlsx
GS0133,Guido Westerwelle__1,33,"Ich sage Ihnen aus meiner Sicht als Liberaler: Ich bin der festen Überzeugung, daß die Integration von Ausländerinnen und Ausländern in Deutschland nicht gegen die deutsche Gesellschaft gerichtet ist, sondern geradezu im ureigensten Interesse der Deutschen, die in diesem Lande leben, liegt.",Migration,Migration liberal,,,,607,607 - Multiculturalism: Positive,0.424491882324219,Migration,Migration,Migration liberal,0,"Zum Schluß möchte ich noch einen Punkt der Debatte aufgreifen: Ich halte es für absolut falsch, daß wir hier von deutschen Interessen reden, die angeblich den Interessen der ausländischen Mitbürger zuwiderlaufen.","Es ist selbstverständlich, daß eine kleinere Partei im Deutschen Bundestag Kompromisse machen muß.",FALSE,13,FDP,1996-11-14,Migration liberal,goldstandard_codingsheet_FINAL_merged.xlsx
GS0031,Guido Westerwelle__1,136,Mit Singapur und Malaysia sind die Verhandlungen auf gutem Wege.,Foreign Policy & Defence,Andere,,,,107,107 - Internationalism: Positive,0.78683340549469,Foreign Policy & Defence,,,0,Die Verhandlungen mit Kanada und Indien wollen wir zügig zum Abschluss bringen.,"Auf dem EU - Asien - Außenministertreffen vor wenigen Tagen hat sich gezeigt, dass in der gesamten Region großes Interesse an Abkommen mit der Europäischen Union besteht.",FALSE,17,FDP,2012-05-11,Foreign Policy & Defence,goldstandard_codingsheet_FINAL_merged.xlsx
GS0065,Guido Westerwelle__1,29,"Wenn 90 Prozent der Mitglieder des Bundestages die europäische Verfassung wollen, dann sollte aus unserer Sicht in jedem Fall auch eine Volksabstimmung über die europäische Verfassung stattfinden.",European Integration,Pro-EU,,,,202,202 - Democracy,0.850541949272156,Democracy & Political System,,,0,"Trauen wir es uns nicht zu, eine Mehrheit im Volke dazu zu bewegen, dieser Verfassung zuzustimmen?","In allen anderen Parteien, nicht nur in meiner Partei, gibt es insbesondere als Antwort auf die Initiative von Tony Blair zahlreiche Stimmen, die die Durchführung eines Referendums auch in Deutschland befürworten.",FALSE,15,FDP,2004-04-30,Democracy & Political System,goldstandard_codingsheet_FINAL_merged.xlsx
GS0047,Gunther Krichbaum__1,82,"Griechenland muss interne Reformen durchführen, die sicherlich schmerzlich sein werden.",European Integration,Pro-EU,,,,414,414 - Economic Orthodoxy,0.487853974103928,Economy,Economy,Marktliberalismus,0,"Es ist wichtig, dass an dieser Stabilität nicht gerüttelt wird.","Wenn ich manche Meldungen vom heutigen Tage, beispielsweise in der Frankfurter Allgemeinen Zeitung, lese, muss ich sagen: Das kann so nicht weitergehen.",FALSE,17,CDU/CSU,2010-01-20,Marktliberalismus,goldstandard_codingsheet_FINAL_merged.xlsx
GS0251,Gökay Akbulut__1,10,Wir fordern auch die Abschaffung der Optionspflicht.,Migration,Migration liberal,,,,607,607 - Multiculturalism: Positive,0.942296266555786,Migration,Migration,Migration liberal,0,Als Linksfraktion setzen wir uns seit Jahren für die Erleichterung von Einbürgerungen ein.,Immer mehr Menschen leben zwischen verschiedenen Kulturen und Ländern.,FALSE,20,Linke,2023-02-08,Migration liberal,goldstandard_codingsheet_FINAL_merged.xlsx
GS0116,Halina Wawzyniak__2,18,"Stellen Sie sich einmal vor, in der Bundesregierung wäre das Klima so wundervoll, dass ein Minister nach acht Monaten sagt: Mir reicht es.",Democracy & Political System,Andere,,,,505,505 - Welfare State Limitation,0.471747219562531,Welfare & Social Policy,Welfare,Sozialstaat Begrenzung,0,"Wenn Sie konsequent gewesen wären, hätten Sie die Mindestdauer des Übergangsgeldes an die Länge der Karenzzeit anpassen müssen; denn mit der jetzt vorgesehenen Regelung laufen Sie Gefahr, etwas zu ermöglichen, was Sie wahrscheinlich gar nicht wollen.",– Das ist bei Ihnen natürlich absolut unvorstellbar.,FALSE,18,Linke,2015-07-02,Sozialstaat Begrenzung,goldstandard_codingsheet_FINAL_merged.xlsx
GS0077,Halina Wawzyniak__2,24,Und: Es sind alle sozialen Schichten betroffen.,Law & Order and National Identity,Andere,,,,605,605 - Law and Order: Positive,0.555719971656799,Law & Order and National Identity,,,0,90 Prozent der Taten finden im familiären und bekannten Nahbereich statt.,"Entgegen allgemein vorherrschenden Vorstellungen ist der Täter eines sexualisierten Übergriffs nicht der fremde Psychopath, der einem nachts im Park auflauert, sondern - im Gegenteil - es handelt sich bei den Tätern meist um Personen, die den Betroffenen bekannt oder mit ihnen verwandt sind.",FALSE,17,Linke,2010-11-11,Law & Order and National Identity,goldstandard_codingsheet_FINAL_merged.xlsx
GS0014,Hannelore Rönsch__2,15,Wir werden in Deutschland alt und älter; die demographische Entwicklung zeigt dies auf.,Social Groups,Andere,,,,706,706 - Non-economic Demographic Groups,0.955028355121613,Social Groups,,,0,"Diese Große Anfrage hat uns bestätigt, daß die Lebenssituation der älteren Menschen, der Senioren von ihnen selbst allgemein als gut beurteilt wird.",Sie wird auch für uns in der Zukunft eine ganz besondere Herausforderung sein.,FALSE,14,CDU/CSU,1999-11-11,Social Groups,goldstandard_codingsheet_FINAL_merged.xlsx
GS0199,Hans Büttner__4,7,Durch Sie sind die Menschen aus den Betrieben hinausgeworfen worden.,Welfare & Social Policy,Sozialstaat Begrenzung,,,,415,415 - Marxist Analysis: Positive,0.677636206150055,Economy,,,0,Genau das ist nicht eingetreten.,"Sie haben das Kapital gestärkt und subventionieren es dadurch noch weiter, daß Sie für die Millionen Arbeitslosen in Europa Arbeitslosengeld bezahlen müssen, bei uns allein für 400 000 Bauarbeiter.",FALSE,13,SPD,1997-03-19,Economy (sonstige),goldstandard_codingsheet_FINAL_merged.xlsx
GS0064,Hans Eichel__1,20,"Ich weiß, wovon ich rede.",Democracy & Political System,Andere,,,,414,414 - Economic Orthodoxy,0.302926778793335,Economy,Economy,Marktliberalismus,0,"Sie sollten ganz vorsichtig sein, weil Sie an der Unüberschaubarkeit, die Herr Meister beklagt hat, einen riesigen Anteil haben; denn Sie waren diejenigen, die für viele Steuersubventionen gekämpft haben.","Wenn ich den Versuch unternommen habe, Steuersubventionen abzubauen, habe ich Ihre Reaktionen gesehen.",TRUE,15,SPD,2005-04-22,Marktliberalismus,goldstandard_codingsheet_FINAL_merged.xlsx
GS0036,Hans Eichel__1,78,In den Folgejahren werden wir Privatisierungserlöse nur noch für die Postunterstützungskasse einsetzen.,Economy,Marktliberalismus,,,,414,414 - Economic Orthodoxy,0.754896819591522,Economy,Economy,Marktliberalismus,0,"Sie haben beschlossen - damit wäre ich bei einem weiteren Aspekt des Konsolidierungskurses -, dass die konjunkturbedingten Steuermehreinnahmen, die nach der Steuerschätzung vom November im nächsten Jahr bei 3,9 Milliarden DM liegen werden, entweder ausschließlich zur Senkung des Niveaus der Nettokreditaufnahme um 2,4 Milliarden DM - das Niveau würde dann im Gegensatz zum Regierungsentwurf bei 43,7 Milliarden DM liegen - oder ausschließlich zur Senkung des Niveaus dessen, was wir aus den Privatisierungserlösen für die laufenden Ausgaben be nö tigen, verwendet werden dürfen.","Ich will Ihnen, weil wir eine finanzpolitische Debatte ganz offen führen müssen, noch ein Risiko vor Augen führen.",FALSE,14,SPD,2000-11-28,Marktliberalismus,goldstandard_codingsheet_FINAL_merged.xlsx
GS0167,Hans Eichel__1,184,"Was hieße das für diejenigen, die sich auf Gesetze verlassen sollen?",Democracy & Political System,Andere,,,,303,303 - Governmental and Administrative Efficiency,0.451868176460266,Democracy & Political System,,,0,Das bedeutete einen Rechtsstaat mit Verfallsdatum.,"Der einzig vernünftige Gedanke ist, eine Gruppe einzusetzen, die die bestehenden Gesetze - meinetwegen die älteren zuerst - permanent überprüft und feststellt, ob wir sie noch brauchen oder ob wir sie schlanker machen können.",FALSE,14,SPD,2002-06-13,Democracy & Political System,goldstandard_codingsheet_FINAL_merged.xlsx
GS0076,Hans-Joachim Fuchtel__1,47,"Sie sind für uns Vereinbarungen, die so lange wirken, bis es Besseres gibt.",Economy,keine klare Richtung,,,,406,406 - Protectionism: Positive,0.3680040538311,Economy,,,0,Wir stehen zu den bisherigen EPAs.,"Es ist gar nicht so leicht, Besseres zu schaffen, weil die WTO mit ihren 164 Mitgliedstaaten noch ein Wörtchen mitzureden hat.",FALSE,18,CDU/CSU,2017-06-28,Economy (sonstige),goldstandard_codingsheet_FINAL_merged.xlsx
GS0057,Hans-Peter Repnik__1,20,"Wir wären sogar bereit gewesen, diese Fehler zu heilen.",Nicht zuordenbar (000),Andere,,,,303,303 - Governmental and Administrative Efficiency,0.429806441068649,Democracy & Political System,,,0,Wir haben mit Ihnen darüber gesprochen.,Dazu gibt es geschäftsordnungsmäßige Möglichkeiten.,FALSE,14,CDU/CSU,1999-11-04,Democracy & Political System,goldstandard_codingsheet_FINAL_merged.xlsx
GS0100,Harald Petzold__1,37,"Denn die Medienordnung stimmt seit langem nicht mehr mit dem überein, was tatsächlich Medienrealität ist.",Democracy & Political System,Andere,,,,502,502 - Culture: Positive,0.466266244649887,Welfare & Social Policy,,,0,Das hat etwas mit der Medienordnung zu tun.,Deswegen brauchen wir an dieser Stelle unbedingt eine Änderung und einen neuen Impuls.,FALSE,18,Linke,2014-09-10,Welfare & Social Policy (sonstige),goldstandard_codingsheet_FINAL_merged.xlsx
GS0078,Harald Weinberg__1,16,Deshalb hat man dort weiterhin nach Tagessätzen gezahlt.,Welfare & Social Policy,Sozialstaat Ausbau,,,,504,504 - Welfare State Expansion,0.77781081199646,Welfare & Social Policy,Welfare,Sozialstaat Ausbau,0,"Vor zehn Jahren war Konsens, dass dieses System in psychiatrischen Stationen nicht funktionieren kann.","Denn während man bei einer Blinddarm - OP noch relativ gut sagen kann, dass sie im Durchschnitt einen Krankenhausaufenthalt von etwa drei bis fünf Tagen zur Folge hat, kann man bei den Diagnosen Depression, Schizophrenie oder Angststörung nicht zu Beginn der Behandlung im Krankenhaus sagen, wie lange sie sinnvollerweise dauern sollte oder dauern wird.",FALSE,18,Linke,2014-02-21,Sozialstaat Ausbau,goldstandard_codingsheet_FINAL_merged.xlsx
GS0205,Hellmut Königshaus__1,25,"Ich glaube nicht, dass das Deutschland und der deutschen Politik guttut.",Law & Order and National Identity,Andere,,,,601,601 - National Way of Life: Positive,0.631477117538452,Migration,Migration,Migration restriktiv,0,Das können wir überall beobachten.,"Ich glaube, das müssen wir beenden.",FALSE,16,FDP,2008-11-26,Migration restriktiv,goldstandard_codingsheet_FINAL_merged.xlsx
GS0049,Helmut Haussmann__1,11,Aus meiner Sicht leisten heute deutsche Ingenieure und Kaufleute in China mehr für die Menschenrechte als rot - grüne Moralisten in Deutschland.,Foreign Policy & Defence,Andere,,,,201,201 - Freedom and Human Rights,0.691408753395081,Democracy & Political System,,,0,Das ist ein anerkannter Grundsatz der politischen und ökonomischen Globalisierung.,"In Wirklichkeit war dieser Besuch des Bundeskanzlers und des Wirtschaftsministers ein großer Erfolg für die Sicherung deutscher Interessen, meine Damen und Herren, und er kam zum richtigen Zeitpunkt. - Herr Fischer, im Moment wird in China - Sie sollten sich auch einmal mit den Fakten bezüglich der Arbeitsplätze beschäftigen - der fünfte Jahresplan aufgestellt, der im nächsten Jahr vom chinesischen Parlament beschlossen wird.",FALSE,13,FDP,1995-11-23,Democracy & Political System,goldstandard_codingsheet_FINAL_merged.xlsx
GS0033,Helmut Heiderich__1,53,"Verehrter Herr Kollege, Sie werden heute kaum noch einen Käse aus dem Regal nehmen können, der nicht mit gentechnisch hergestelltem Lab erzeugt worden ist; Sie wissen das alles.",Economy,Wirtschaft Allgemein,,,,501,501 - Environmental Protection: Positive,0.410565912723541,Environment,,,0,"Dies ist falsch, weil wir seit Jahren Tausende Tonnen an gentechnisch erzeugten Futtermitteln nach Deutschland importieren und in der Landwirtschaft und in der Industrie einsetzen. - Ich habe Sie akustisch leider nicht verstehen können. - Verbraucher haben die bestellt - richtig -, nämlich Verbraucher, die als Landwirte diese Mittel einsetzen; ich komme gleich noch darauf zurück.","Sie wissen, dass Produkte der Gentechnik längst im Lande vorhanden sind.",FALSE,15,CDU/CSU,2003-04-10,Social Groups,goldstandard_codingsheet_FINAL_merged.xlsx
GS0250,Heribert Hirte__1,35,Diesen Anschein erwecke ich natürlich nicht.,Nicht zuordenbar (000),Andere,,,,305,305 - Political Authority,0.85320645570755,Democracy & Political System,,,0,"Mit der Frage, ja; mit dem Widerspruch nicht.",An keiner Stelle streiten wir.,FALSE,18,CDU/CSU,2016-02-18,Democracy & Political System,goldstandard_codingsheet_FINAL_merged.xlsx
GS0136,Hermann E. Ott__1,5,Ich will an dieser Stelle nur einige Kritikpunkte nennen.,Environment,Andere,,,,501,501 - Environmental Protection: Positive,0.477903723716736,Environment,,,0,"Wahr ist aber auch, dass der Emissionshandel in der dritten Handelsperiode weit hinter seinen Möglichkeiten zurückbleibt und damit den Herausforderungen des Klimawandels nicht gerecht wird.","Da gibt es nach wie vor die weitgehend kostenlose Zuteilung von Emissionszertifikaten an die Industrie oder die viel zu großzügige Nutzung des Clean Development Mechanism, der teilweise höchst problematisch ist.",FALSE,17,Grüne,2011-04-07,Environment,goldstandard_codingsheet_FINAL_merged.xlsx
GS0202,Hermann E. Ott__1,3,"Wie gesagt: Seit vier Jahren sind Demonstranten Tag für Tag vor der Weltgesundheitsorganisation, um darauf aufmerksam zu machen.",Democracy & Political System,Andere,,,,501,501 - Environmental Protection: Positive,0.573342680931091,Environment,,,0,Alle sachkundigen Beobachter sagen das.,"Das Problem ist jetzt durch eine Anhörung, die wir im Umweltausschuss zum Atomausstieg durchgeführt haben, erneut deutlich geworden.",FALSE,17,Grüne,2011-05-11,Environment,goldstandard_codingsheet_FINAL_merged.xlsx
GS0410,Hildebrecht Braun__1,19,"Viel Geld wurde gespart, speziell in armen Staaten, die Geld für Dinge ausgeben konnten, die dem Wohl ihrer Bevölkerung mehr dienten als Aufrüstung.",Foreign Policy & Defence,Andere,,,,105,105 - Military: Negative,0.906664848327637,Foreign Policy & Defence,,,0,"Es ist eine Entwicklung, die vor 40 Jahren niemand für möglich gehalten hätte: Raketen wurden zersägt, Sprengköpfe zerlegt, Arsenale verschrottet.",Abrüstung wurde aber nicht in allen Staaten und gleichgewichtig gesehen.,FALSE,14,FDP,1999-10-29,Foreign Policy & Defence,goldstandard_codingsheet_FINAL_merged.xlsx
GS0408,Horst Meierhofer__1,63,"Auch Sie werden die Ziele der Gebäudesanierung nicht erreichen können, wenn Sie nicht bereit sind, dafür Geld in die Hand zu nehmen, Frau Höhn.",Environment,Andere,,,,501,501 - Environmental Protection: Positive,0.622370421886444,Environment,,,0,"Wir werden den CO2 - Ausstoß nicht reduzieren, wenn wir die Gebäudesanierung nicht voranbringen.","Ich glaube, an diesem Punkt haben Sie viel verschlafen.",FALSE,17,FDP,2012-05-24,Environment,goldstandard_codingsheet_FINAL_merged.xlsx
GS0169,Horst Seehofer__1,18,"Dies wiederum ist darauf zurückzuführen -- wir werden die entsprechenden harten Zahlen in drei bis vier Wochen veröffentlichen können --, daß wir auch durch die Gesundheitsreform dafür gesorgt haben, daß die gesetzlichen Krankenkassen aus hohen Defiziten in ausgeglichene Haushalte zurückfinden.",Welfare & Social Policy,Sozialstaat Ausbau,,,,303,303 - Governmental and Administrative Efficiency,0.290346264839172,Democracy & Political System,,,0,"-- Diese Westhilfe ist um so einfacher möglich, als sie von den Westkassen erbracht werden kann, ohne daß im Westen die Beiträge erhöht werden müssen.","Es ist gut, daß die Westkassen und damit die Versicherten -- es sind ja nicht die Bundesländer, die helfen, sondern die Beitragszahler, also Arbeitnehmer und Arbeitgeber -- in diesem hohen Maße Solidarität beweisen.",FALSE,13,CDU/CSU,1998-02-12,Democracy & Political System,goldstandard_codingsheet_FINAL_merged.xlsx
GS0185,Horst Seehofer__1,91,Letztes Kernthema meines Hauses ist die Heimat - und Strukturpolitik.,Democracy & Political System,Andere,,,,601,601 - National Way of Life: Positive,0.406590014696121,Migration,Migration,Migration restriktiv,0,"Das ist ein gutes Beispiel dafür, wie man Klimaschutz einerseits und wirtschaftliche Investitionen andererseits gut miteinander verbinden kann.",Lange wurde immer wieder die Frage gestellt: Was tun die da eigentlich?,FALSE,19,CDU/CSU,2019-09-12,Migration restriktiv,goldstandard_codingsheet_FINAL_merged.xlsx
GS0135,Ina Latendorf__1,17,"Liebe Kollegen aus der Union, wenn Sie nun fordern, das Bundesjagdgesetz zu ändern und den Wolf in den Katalog der jagdbaren Arten aufzunehmen, ist das populistisch.",Democracy & Political System,Andere,,,,305,305 - Political Authority,0.682148635387421,Democracy & Political System,,,0,"Klare und aktuelle Aussagen zum Erhaltungszustand bundesweit fehlen, und da ist definitiv nachzubessern.",Als wenn es so einfach wäre!,FALSE,20,Linke,2022-09-29,Democracy & Political System,goldstandard_codingsheet_FINAL_merged.xlsx
GS0161,Jan-Marco Luczak__1,23,"Wir fragen uns aber vor allem: Wird das von uns geteilte Ziel, ein besserer grenzüberschreitender Schutz von Gewaltopfern, mit der vorgesehenen Richtlinie wirklich befördert und verbessert?",Law & Order and National Identity,Andere,,,,605,605 - Law and Order: Positive,0.365369290113449,Law & Order and National Identity,,,0,Wieso sollten wir dies also gleichsam doppelt regeln?,Erreicht man mit der Europäischen Schutzanordnung wirklich einen schnelleren und effektiveren Schutz?,FALSE,17,CDU/CSU,2010-04-22,Law & Order and National Identity,goldstandard_codingsheet_FINAL_merged.xlsx
GS0052,Jens Koeppen__1,50,Nach dem Ende ist vor dem Anfang.,Nicht zuordenbar (000),Andere,,,,202,202 - Democracy,0.472822457551956,Democracy & Political System,,,0,"Meine Quintessenz sind drei wesentliche Punkte, die ich Ihnen nennen möchte: Erstens.",Das bedeutet: Nach der Enquete ist vor dem Ausschuss.,FALSE,17,CDU/CSU,2013-04-18,Democracy & Political System,goldstandard_codingsheet_FINAL_merged.xlsx
GS0015,Joachim Pfeiffer__1,44,Die heimische Braunkohle trägt heute zu 25 Prozent zur Stromversorgung in Deutschland bei.,Environment,Andere,,,,501,501 - Environmental Protection: Positive,0.421402990818024,Environment,,,0,Kohle ist der größte CO2 - Emittent.,Die Steinkohle trägt heute ebenfalls zu fast 25 Prozent zur Stromversorgung bei.,FALSE,17,CDU/CSU,2011-03-24,Environment,goldstandard_codingsheet_FINAL_merged.xlsx
GS0194,Joachim Stünker__1,12,"Ich füge hinzu: Auch in Zukunft werden wir den rechtlichen Rahmen garantieren, um Kriminalität in allen Erscheinungsformen wirksam zu bekämpfen.",Law & Order and National Identity,Andere,,,,605,605 - Law and Order: Positive,0.929983973503113,Law & Order and National Identity,,,0,Ich sage Ihnen: Diese Koalition hat mit ihrer Rechtspolitik immer einen Ausgleich zwischen dem Bedürfnis der Menschen nach Sicherheit und ihrem Recht auf Freiheit geschaffen.,Gleichzeitig muss aber der Charakter unserer Rechtsordnung als Fundament unserer freiheitlichen Demokratie gewahrt bleiben.,FALSE,16,SPD,2007-09-11,Law & Order and National Identity,goldstandard_codingsheet_FINAL_merged.xlsx
GS0171,Jochen Borchert__1,41,"Es kann nicht angehen, daß wir in harter und stabiler D - Mark in Brüssel einzahlen und durch eine Aufwertung unser Anteil an der Finanzierung des europäischen Haushalts laufend wächst, während die zurückfließenden ECU - Förderbeträge aus Brüssel für unsere Bauern in D - Mark immer weniger wert sind.",European Integration,Contra-EU,,,,110,110 - European Community/Union: Negative,0.772021949291229,European Integration,Europe,Contra-EU,0,Im Kern geht es für Millionen von Bürgern um die Verläßlichkeit der Brüsseler Ratsentscheidungen und um das Vertrauen in die europäische Politik.,Wem will man ein solches System noch erklären?,FALSE,13,CDU/CSU,1995-05-18,Contra-EU,goldstandard_codingsheet_FINAL_merged.xlsx
GS0187,Jochen-Konrad Fromme__1,21,"Der Sinn ist, dass man sich selber diszipliniert.",Economy,Wirtschaft Allgemein,,,,414,414 - Economic Orthodoxy,0.84064245223999,Economy,Economy,Marktliberalismus,0,"So wie Sie vorgehen, macht das doch keinen Sinn.",Der Stabilitätspakt beinhaltet Korsettstangen gegen überflüssige Ausgaben.,FALSE,15,CDU/CSU,2005-02-16,Marktliberalismus,goldstandard_codingsheet_FINAL_merged.xlsx
GS0198,Johann David Wadephul__1,13,"Die CDU / CSU - Fraktion wünscht ihm Glück, Erfolg und Gottes Segen.",Law & Order and National Identity,Andere,,,,104,104 - Military: Positive,0.926831245422363,Foreign Policy & Defence,,,0,"Die Soldatinnen und Soldaten sollen wissen: Der Deutsche Bundestag, jedenfalls die demokratische Mitte, steht hinter ihrem Auftrag und damit auch hinter der Aufgabe und dem Auftrag, den Boris Pistorius hat.","Meine lieben Kolleginnen und Kollegen, der Jahrestag des schrecklichen Überfalls Russlands auf die Ukraine jährt sich bald.",FALSE,20,CDU/CSU,2023-01-19,Foreign Policy & Defence,goldstandard_codingsheet_FINAL_merged.xlsx
GS0157,Johannes Fechner__1,10,"Deswegen ist es nötig, dass wir hier heute vom Bund verbindliche Vorgaben für die Länder machen.",Democracy & Political System,Andere,,,,301,301 - Federalism,0.441683441400528,Democracy & Political System,,,0,"Dass sich die Lage zuspitzt, das hängt auch damit zusammen, dass die Beschlüsse der Ministerpräsidentenkonferenz nicht umgesetzt wurden.",Diese Bundesnotbremse ist notwendig.,FALSE,19,SPD,2021-04-16,Democracy & Political System,goldstandard_codingsheet_FINAL_merged.xlsx
GS0080,Joseph Fischer__1,51,"Darüber hinaus müssen wir in unserem strategischen Umfeld dazu beitragen können, dass Sicherheit und Stabilität langfristig geschaffen werden können.",Foreign Policy & Defence,Andere,,,,104,104 - Military: Positive,0.535876274108887,Foreign Policy & Defence,,,0,Das ist von entscheidender Bedeutung.,"Unsere Erfahrungen mit den langfristigen Stabilisierungsbemühungen in Afghanistan, aber auch auf dem Balkan werden dazu wesentlich beitragen.",FALSE,15,Grüne,2003-05-09,Foreign Policy & Defence,goldstandard_codingsheet_FINAL_merged.xlsx
GS0062,Joseph Fischer__1,46,Wir wollen diesen Erfolg gemeinsam.,Democracy & Political System,Andere,,,,108,108 - European Community/Union: Positive,0.520396649837494,European Integration,Europe,Pro-EU,0,Genauso wird es mit der weiteren Ausgestaltung des Euro sein.,Das ist hier in diesem Hause keine Frage von Opposition und Koalition.,FALSE,13,Grüne,1998-05-06,Pro-EU,goldstandard_codingsheet_FINAL_merged.xlsx
GS0154,Jörg Schneider__2,35,Dazu gehört dann auch die Pflege durch Angehörige.,Welfare & Social Policy,Sozialstaat Ausbau,,,,505,505 - Welfare State Limitation,0.616368770599365,Welfare & Social Policy,Welfare,Sozialstaat Begrenzung,0,Danach gilt doch dann für gute Pflege und für die Absicherung des Pflegerisikos im Alter wiederum die Eigenvorsorge.,Bereits jetzt werden 74 Prozent aller Pflegebedürftigen zu Hause von Angehörigen gepflegt.,FALSE,19,AfD,2018-11-08,Sozialstaat Begrenzung,goldstandard_codingsheet_FINAL_merged.xlsx
GS0216,Jörg van Essen__1,30,Aber Deutschland braucht Kontrolle über die Zahl der Einwanderer.,Migration,Migration restriktiv,,,,601,601 - National Way of Life: Positive,0.672395765781403,Migration,Migration,Migration restriktiv,0,Im Bereich der Zuwanderung - auch das muß klar und deutlich gesagt werden - gibt es bisher in Deutschland keine Steuerungsinstrumente.,"Wer behauptet, Deutschland sei faktisch ein Einwanderungsland, muß zu der Einsicht gelangen, daß dann selbstverständlich auch die Instrumente angewendet werden wie in allen anderen Einwanderungsländern; so bestimmen die anderen Einwanderungsländer nach ihren wirtschaftlichen und sozialen Verhältnissen, wie hoch die Einwanderungsquoten sind und wer einwandern darf.",FALSE,14,FDP,1999-09-09,Migration restriktiv,goldstandard_codingsheet_FINAL_merged.xlsx
GS0415,Jörg van Essen__1,16,"Auf der anderen Seite haben uns die Sachverständigen in der Anhörung deutlich gemacht - auch das ist in dieser Debatte zu Recht angesprochen worden -, dass es tatsächlich Fälle gibt, bei denen sich erst im Vollzug herausstellt, dass jemand gefährlich ist.",Law & Order and National Identity,Andere,,,,605,605 - Law and Order: Positive,0.957961678504944,Law & Order and National Identity,,,0,"Das macht deutlich, dass deshalb besondere Anforderungen an eine Regelung zu stellen sind. - Das ist der eine Gesichtspunkt, den man zu berücksichtigen hat.","Wir haben gegenüber der Bevölkerung bzw. gegenüber uns allen die Verantwortung, dass diese Täter nicht erneut schwerste Straftaten begehen können.",FALSE,14,FDP,2002-06-07,Law & Order and National Identity,goldstandard_codingsheet_FINAL_merged.xlsx
GS0226,Jürgen Klimke__1,5,Die Linke meint den Grund für die angeblich aggressive Politik der USA entdeckt zu haben.,Foreign Policy & Defence,Andere,,,,102,102 - Foreign Special Relationships: Negative,0.283866882324219,Foreign Policy & Defence,,,0,"Soll man sich wundern, oder soll man über diesen bizarren Aufruf der Linken gegen die vermeintliche Kriegstreiberei der USA und der NATO gegen den Iran und Syrien erschrocken sein, also gegen jene beiden Staaten, denen sich die Linken offenbar besonders verbunden fühlen?","Er besteht neben den dort vorhandenen Rohstoffen darin, dass diese Staaten "" eine eigenständige Politik verfolgen und sich ihrem Diktat "" - gemeint ist das Diktat der USA - "" nicht unterordnen "".",TRUE,17,CDU/CSU,2012-01-19,Foreign Policy & Defence,goldstandard_codingsheet_FINAL_merged.xlsx
GS0055,Kai Gehring__1,14,Statt Stipendienlotterie braucht es klare Rechtsansprüche.,Welfare & Social Policy,Sozialstaat Ausbau,,,,503,503 - Equality: Positive,0.83826094865799,Welfare & Social Policy,Welfare,Sozialstaat Ausbau,0,Wir sagen: Elitestipendien für wenige sind der falsche Weg zu mehr Bildungsgerechtigkeit; stattdessen bedarf es eines BAföG - Ausbaus für viele.,Ein mögliches Scheitern des Stipendienmurkses im Bundesrat ist übrigens seit Monaten absehbar.,FALSE,17,Grüne,2010-07-08,Sozialstaat Ausbau,goldstandard_codingsheet_FINAL_merged.xlsx
GS0218,Kai Gehring__1,38,"Wir sagen Ja zu Vereinen, aber nicht als Einnahmequelle und nur mit klaren Transparenzregeln und Dokumentationspflichten.",Law & Order and National Identity,Andere,,,,603,603 - Traditional Morality: Positive,0.256058037281036,Law & Order and National Identity,,,0,Mit Hilfe zur Selbsttötung darf kein Profit gemacht werden.,Warum?,FALSE,18,Grüne,2015-07-02,Law & Order and National Identity,goldstandard_codingsheet_FINAL_merged.xlsx
GS0166,Kai Wegner__1,47,"Wer meint, bei einer Leerstandsquote von 1,7 Prozent können wir weiter mit Regularien vorgehen, weitere Gesetze schaffen und damit einen stabilen Mietmarkt entstehen lassen, der irrt, meine Damen und Herren.",Economy,Staatsintervention,,,,403,403 - Market Regulation,0.286693036556244,Economy,Economy,Staatsintervention,0,"Wir alle wissen, wie die Stadt in den nächsten Jahren wächst.","Auch in Berlin gilt es, mehr Wohnungen zu bauen und auf die steigende Nachfrage zu reagieren.",FALSE,18,CDU/CSU,2016-10-20,Staatsintervention,goldstandard_codingsheet_FINAL_merged.xlsx
GS0211,Karl Lamers__1,67,"Ich glaube, daß die neue französische Regierung bereits auf dem Wege ist, mißverstandene Signale, die sie ursprünglich gesetzt hatte, zu korrigieren.",Foreign Policy & Defence,Andere,,,,305,305 - Political Authority,0.487494975328445,Democracy & Political System,,,0,Deutschland befand sich in Amsterdam in Übereinstimmung mit allen Ländern; das muß ich einmal mit allem Nachdruck feststellen.,"Wir sollten dem Dialog zwischen Frankreich und Deutschland über diese Fragen höchste Aufmerksamkeit widmen, nicht zuletzt im Vorfeld des sogenannten Beschäftigungsgipfels, der im Herbst dieses Jahres stattfinden soll.",FALSE,13,CDU/CSU,1997-06-27,Democracy & Political System,goldstandard_codingsheet_FINAL_merged.xlsx
GS0421,Karl-Josef Laumann__1,53,Das ist unter allen Arbeitsmarktwissenschaft - lern unstrittig.,Social Groups,Andere,,,,701,701 - Labour Groups: Positive,0.330513626337051,Social Groups,,,0,"Man glaubt sogar, dass die Zahl solcher Arbeitsplätze um ein Vielfaches stiege, wenn die vorhandenen besetzt werden könnten.",Was hindert uns also daran?,FALSE,14,CDU/CSU,2001-11-29,Social Groups,goldstandard_codingsheet_FINAL_merged.xlsx
GS0210,Karsten Möring__1,17,"Inzwischen wissen wir, dass das ein ausgesprochen schwieriges Thema ist.",Economy,Staatsintervention,,,,406,406 - Protectionism: Positive,0.36022886633873,Economy,,,0,"Sie haben das Thema Exportverbote wieder auf die Tagesordnung gesetzt, wie Sie das jedes Jahr tun.","Ich verstehe das, und wir haben im Koalitionsvertrag auch extra stehen, dass wir prüfen wollen, ob oder wie das geht.",FALSE,19,CDU/CSU,2019-03-14,Economy (sonstige),goldstandard_codingsheet_FINAL_merged.xlsx
GS0152,Katharina Landgraf__1,42,In der Zwischenzeit sollten Sie ganz nebenbei Ihre Trauminsel suchen.,Nicht zuordenbar (000),Andere,,,,601,601 - National Way of Life: Positive,0.587953984737396,Migration,Migration,Migration restriktiv,0,"Wie ich Sie kenne, werden Sie Ihren Antrag, den wir ablehnen, in die Schublade legen und irgendwann wieder herausholen.","Dort können Sie all Ihre unrealistischen Visionen propagieren und versuchen, andere Träumer zu begeistern, aber bitte nicht hier in Deutschland.",FALSE,17,CDU/CSU,2011-10-27,Migration restriktiv,goldstandard_codingsheet_FINAL_merged.xlsx
GS0059,Katja Dörner__1,5,Die Kinder - und Jugendhilfe hat diese Aufmerksamkeit nämlich mehr als verdient.,Democracy & Political System,Andere,,,,504,504 - Welfare State Expansion,0.825896441936493,Welfare & Social Policy,Welfare,Sozialstaat Ausbau,0,"Zunächst einmal freue ich mich darüber, dass wir heute für unsere parlamentarischen Verhältnisse zu prominenter Zeit und relativ ausführlich über die SGB - VIII - Reform diskutieren.","Die Leistung, die sie für unsere Gesellschaft, vor allem natürlich für die Kinder und Jugendlichen und ihre Familien erbringt, aber auch die Herausforderungen, vor denen sie steht, gehören öffentlich breit diskutiert.",FALSE,19,Grüne,2019-02-21,Sozialstaat Ausbau,goldstandard_codingsheet_FINAL_merged.xlsx
GS0223,Katja Kipping__2,12,Geschlechterungerechtigkeit hat viele Gesichter.,Welfare & Social Policy,Sozialstaat Ausbau,,,,503,503 - Equality: Positive,0.9534832239151,Welfare & Social Policy,Welfare,Sozialstaat Ausbau,0,Kämpfe um Geschlechtergerechtigkeit sind hochaktuell - und das weltweit.,"Das beginnt damit, dass auf den obersten Etagen der Wirtschaft faktisch immer noch "" oben ohne "" - also ohne Frauen - gilt.",FALSE,17,Linke,2011-02-24,Sozialstaat Ausbau,goldstandard_codingsheet_FINAL_merged.xlsx
GS0023,Katja Suding__1,29,"Experten gehen davon aus, dass die Einnahmen der Heranziehung von 25 Prozent nicht einmal die Kosten des Personalaufwandes decken.",Welfare & Social Policy,Sozialstaat Begrenzung,,,,505,505 - Welfare State Limitation,0.230018675327301,Welfare & Social Policy,Welfare,Sozialstaat Begrenzung,0,Drittens.,"Das heißt, der Staat zahlt sogar noch drauf.",FALSE,19,FDP,2021-01-29,Sozialstaat Begrenzung,goldstandard_codingsheet_FINAL_merged.xlsx
GS0405,Kees de Vries__1,10,Damit ist klar: Deutschland bleibt gentechnikfrei.,Environment,Andere,,,,501,501 - Environmental Protection: Positive,0.814476609230042,Environment,,,0,Diesem Wunsch wurde nachgekommen.,Das dürfte sogar Ihnen seit 2015 bekannt sein.,FALSE,18,CDU/CSU,2016-11-10,Environment,goldstandard_codingsheet_FINAL_merged.xlsx
GS0028,Kersten Wetzel__1,26,Das kommunistische System ist zwar überholt; aber viele seiner Kräfte haben noch nicht aufgegeben.,Democracy & Political System,Andere,,,,415,415 - Marxist Analysis: Positive,0.413303673267365,Economy,,,0,"Die jüngste Geschichte in Osteuropa, aber auch in einigen Ecken der neuen Bundesländer hat gezeigt, daß das schwer erkämpfte Geschenk von Freiheit, Demokratie und Rechtsstaatlichkeit kein Selbstläufer ist, sondern immer wieder neu verteidigt werden muß.","Strategie und Taktik haben zwar ein Ziel, aber oft viele Gesichter und neue Namen.",FALSE,13,CDU/CSU,1996-02-28,Economy (sonstige),goldstandard_codingsheet_FINAL_merged.xlsx
GS0029,Kerstin Griese__1,32,"Deshalb wollen wir im Gesetz die Wortwahl für die Menschen mit Behinderungen, die zum leistungsberechtigten Personenkreis in der Eingliederungshilfe gehören, verändern.",Social Groups,Andere,,,,503,503 - Equality: Positive,0.505159974098206,Welfare & Social Policy,Welfare,Sozialstaat Ausbau,0,"Sprache prägt das Bewusstsein, auch die Sprache in unseren Gesetzen.","Bisher stehen noch Begriffe im Gesetz, die von den Betroffenen als diskriminierend empfunden werden.",FALSE,19,SPD,2021-03-26,Sozialstaat Ausbau,goldstandard_codingsheet_FINAL_merged.xlsx
GS0191,Kerstin Griese__1,20,"Knapp jeder fünfte dieser Väter ist sogar für zwölf Monate ganz oder teilweise aus dem Beruf ausgestiegen, um sich um das Kind zu kümmern.",Social Groups,Andere,,,,604,604 - Traditional Morality: Negative,0.235352203249931,Law & Order and National Identity,,,0,Zwei Drittel dieser Väter haben zwei Monate lang Elterngeld in Anspruch genommen.,Es findet also ein echtes Umdenken in der Gesamtbevölkerung statt: bei den Männern und auch in der Wirtschaft.,FALSE,16,SPD,2008-06-05,Law & Order and National Identity,goldstandard_codingsheet_FINAL_merged.xlsx
GS0174,Kerstin Müller__1,75,"Wir haben in diesem Sommer ungefähr 50 Stunden -- ich glaube, es waren mehr -- verhandelt.",Democracy & Political System,Andere,,,,305,305 - Political Authority,0.830205082893372,Democracy & Political System,,,0,"Zu Ihren Blockadelegenden möchte ich folgendes klarstellen, Herr Repnik.",Ich habe einmal nachgerechnet: Wir haben vielleicht fünf Stunden zur großen Steuerreform verhandelt.,FALSE,13,Grüne,1997-08-05,Democracy & Political System,goldstandard_codingsheet_FINAL_merged.xlsx
GS0020,Kerstin Tack__2,5,"Wenn Sie daherkommen und sagen, für Sie sei die Auszahlung einer Grundsicherung Teil des Rentensystems, eine Art Rente, dann muss ich sagen: Das ist einfach falsch.",Welfare & Social Policy,Sozialstaat Ausbau,,,,505,505 - Welfare State Limitation,0.790824711322784,Welfare & Social Policy,Welfare,Sozialstaat Begrenzung,0,"Aber wenn man sich hinstellt und sagt, dass die Einbindung des Staates in die gesetzliche Rentenversicherung durch seine Zuschüsse eine Verschwendung von Steuergeldern ist, dann haben wir dazu eine Meinung, und die sagen wir auch.","Dann muss man den Menschen in diesem Lande sagen, dass man sich bei einer Aufstockung über die Grundsicherung im Bereich der Fürsorge befindet; denn es handelt sich dabei um eine Leistung des Sozialamtes und nicht der Rentenversicherung.",FALSE,19,SPD,2019-09-13,Sozialstaat Begrenzung,goldstandard_codingsheet_FINAL_merged.xlsx
GS0186,Kirsten Lühmann__1,32,Betriebswirtschaftlich hätte man die Flughäfen schließen müssen.,Economy,Wirtschaft Allgemein,,,,411,411 - Technology and Infrastructure,0.739401400089264,Economy,Economy,Wirtschaft Allgemein,0,Aber die Vorhaltekosten in der Coronakrise sind noch offen.,"Aber wir brauchten sie – das wissen wir alle – zur Rückführung unserer Bürger und Bürgerinnen, auch für unsere Wirtschaft, die in der Krise diese Möglichkeiten zwingend benötigte.",FALSE,19,SPD,2020-12-10,Wirtschaft Allgemein,goldstandard_codingsheet_FINAL_merged.xlsx
GS0010,Kirsten Tackmann__1,15,"Nur, wer falschen Propheten eines einfachen Weiter - so folgt, verspielt eben nicht nur seine, sondern unser aller Zukunft.",Economy,keine klare Richtung,,,,415,415 - Marxist Analysis: Positive,0.499405443668366,Economy,,,0,"Proteste dagegen kann ich sehr gut verstehen, erst recht, wenn sie sich gegen die richten, die die Profiteure dieses falschen Systems sind, zum Beispiel Lebensmittelkonzerne.",Das wäre unverantwortlich.,FALSE,19,Linke,2020-03-06,Economy (sonstige),goldstandard_codingsheet_FINAL_merged.xlsx
GS0419,Kirsten Tackmann__1,47,"Was bei den Themen Stammzellforschung und Patientenverfügung möglich ist, das muss auch hier möglich sein.",Democracy & Political System,Andere,,,,604,604 - Traditional Morality: Negative,0.323676764965057,Law & Order and National Identity,,,0,Für solche Fälle gibt es das Mittel des Gruppenantrages.,"Die Linke ist dafür, die Grünen – jetzt in der Opposition – sind es auch.",FALSE,16,Linke,2009-04-22,Law & Order and National Identity,goldstandard_codingsheet_FINAL_merged.xlsx
GS0035,Klaus Ernst__1,4,"Ich glaube, uns ist gar nicht klar, was wir hier gerade beschließen.",Nicht zuordenbar (000),Andere,,,,305,305 - Political Authority,0.845292031764984,Democracy & Political System,,,0,Von der Union kommen jetzt permanent solche Diskussionen.,Und Sie diskutieren eine Reise eines Kanzlers!,FALSE,20,Linke,2022-04-28,Democracy & Political System,goldstandard_codingsheet_FINAL_merged.xlsx
GS0046,Klaus Ernst__3,30,"Genauso wenig macht es für eine Gewerkschaft Sinn, zu streiken, wenn sie weiß, dass das Ziel dieses Streiks, der Tarifvertrag, schlichtweg nicht mehr gilt.",Social Groups,Andere,,,,702,702 - Labour Groups: Negative,0.91950660943985,Social Groups,,,0,"Nein, es macht keinen Sinn mehr.","Im Übrigen, Frau Nahles – auch das wissen Sie; ich werfe Ihnen vor, dass Sie es bewusst nicht erzählen –, wissen Sie genau, dass ein Streik vor jedem Gericht für unzulässig erklärt werden kann, wenn er nicht der Erzielung eines Tarifvertrags gilt.",FALSE,18,Linke,2015-03-05,Social Groups,goldstandard_codingsheet_FINAL_merged.xlsx
GS0236,Klaus Hofbauer__1,16,"Dies mag ein bescheidener Beitrag sein, aber es ist ein Beitrag, um Verlagerungen zu fördern.",Economy,Marktliberalismus,,,,402,402 - Incentives,0.252773463726044,Economy,Economy,Marktliberalismus,0,"Wir beklagen uns alle darüber, dass Betriebsverlagerungen vorgenommen werden, dass sie gefördert werden, dass sie unterstützt werden.",,FALSE,15,CDU/CSU,2005-06-01,Marktliberalismus,goldstandard_codingsheet_FINAL_merged.xlsx
GS0143,Klaus Riegert__1,4,"Alles spricht dafür, Sport und Bewegung bei der Prävention eine herausragende Rolle zuzumessen.",Welfare & Social Policy,keine klare Richtung,,,,502,502 - Culture: Positive,0.803771913051605,Welfare & Social Policy,,,0,"Weltweite wissenschaftliche Untersuchungen zeigen eindeutige Ergebnisse: Je früher Menschen mit Sport und Bewegung beginnen, desto gesünder ernähren sie sich, desto weniger anfällig sind sie für Krankheiten und desto weniger anfällig sind sie auch für den Konsum von Genussmitteln.",Die Bedeutung des Sports bei der Prävention muss im Präventionsgesetz verankert werden.,FALSE,15,CDU/CSU,2005-02-18,Welfare & Social Policy (sonstige),goldstandard_codingsheet_FINAL_merged.xlsx
GS0134,Klaus-Jürgen Hedrich__1,2,Liebe Kolleginnen und Kollegen!,Nicht zuordenbar (000),Andere,,,,305,305 - Political Authority,0.423806548118591,Democracy & Political System,,,1,Herr Präsident!,"Diese Regierungserklärung sollte den Titel "" Frieden braucht Ent wicklung "" haben.",TRUE,13,CDU/CSU,1996-05-24,Democracy & Political System,goldstandard_codingsheet_FINAL_merged.xlsx
GS0231,Klaus-Peter Willsch__1,16,"Wir haben Saudi - Arabien und die Vereinigten Arabischen Emirate, die dort intervenieren.",Foreign Policy & Defence,Andere,,,,104,104 - Military: Positive,0.351976722478867,Foreign Policy & Defence,,,0,Wir haben den Kampf dieser Regierung gegen Al - Qaida und wir haben auch noch eine Separationsbewegung im Süden des Landes.,"Es ist eine sehr komplexe Situation und ich würde vor einer vorschnellen Verteilung, wer hier gut und wer hier schlecht ist, warnen …",TRUE,19,CDU/CSU,2019-04-05,Foreign Policy & Defence,goldstandard_codingsheet_FINAL_merged.xlsx
GS0146,Kordula Kovac__1,49,"Meine Damen und Herren, es ist uns allen klar, dass das Gesetz im Spannungsfeld zwischen gesundheitlichem Verbraucherschutz und dem Erhalt von Arbeitsplätzen und Industriestandorten in Deutschland steht.",Economy,Staatsintervention,,,,403,403 - Market Regulation,0.450912028551102,Economy,Economy,Staatsintervention,0,"Das ist nicht in unserem Sinne und, ich denke, auch nicht im Sinne der Opposition.",Die Frage nach der Fristverlängerung ist zu einer Frage des Wettbewerbs geworden.,FALSE,18,CDU/CSU,2016-02-25,Staatsintervention,goldstandard_codingsheet_FINAL_merged.xlsx
GS0104,Kurt Bodewig__1,37,Es ist nicht das erste Nein.,European Integration,Contra-EU,,,,110,110 - European Community/Union: Negative,0.811325371265411,European Integration,Europe,Contra-EU,0,Sie von der Linken sagen Nein zu diesem Einsatz.,Sie sagen Nein zu Europa.,FALSE,16,SPD,2008-12-19,Contra-EU,goldstandard_codingsheet_FINAL_merged.xlsx
GS0032,Lale Akgün__1,10,"Sie fordern sogar, die Bundesregierung müsse ein Veto einlegen, wenn dies nicht vollständig gelinge.",European Integration,Contra-EU,,,,110,110 - European Community/Union: Negative,0.316698968410492,European Integration,Europe,Contra-EU,0,"Widerspruch eins: Sie beklagen - ich zitiere - "" den weit gehenden Verlust der nationalen Gestaltungsfähigkeit in Asyl -, Ausländer - bzw. Zuwanderungsfragen "" und erwarten, dass die Bundesregierung das deutsche Ausländerrecht in den Verhandlungen über die Richtlinien eins zu eins abbildet.","Nur einige Absätze später formulieren Sie folgenden Satz: Ziel einer europäischen Ausländer -, Zuwanderungs - und Asylpolitik muss es sein, im gesamten Raum der EU gleiche Regelungen für Aufnahme, Aufenthalt und Aufenthaltsbeendigung von Flüchtlingen ... zu schaffen ...",FALSE,15,SPD,2003-06-05,Contra-EU,goldstandard_codingsheet_FINAL_merged.xlsx
GS0213,Lars Klingbeil__1,58,"Hier offenbart sich noch etwas ganz anderes - das ist die Konsequenz, die wir für die Netzpolitik ziehen müssen -: Wir sehen, dass Netzpolitik in dieser Regierung von Innenpolitikern, Wirtschaftspolitikern und Anhängern einer falschen Wirtschaftspolitik geprägt wird.",Democracy & Political System,Andere,,,,305,305 - Political Authority,0.783260822296143,Democracy & Political System,,,0,Wir brauchen endlich das Grundrecht auf schnelles Internet.,Ich sage Ihnen: Netzpolitik ist Gesellschaftspolitik.,FALSE,17,SPD,2011-10-27,Democracy & Political System,goldstandard_codingsheet_FINAL_merged.xlsx
GS0416,Linda Teuteberg__1,14,"Deshalb ist es nicht hinreichend, dass wir ihn gewährleisten.",Law & Order and National Identity,Andere,,,,605,605 - Law and Order: Positive,0.93223512172699,Law & Order and National Identity,,,0,"Der Polizeischutz ist ebenso notwendig, wie es traurig ist, dass er notwendig ist.","Wir müssen die gesellschaftlichen Türen vor Antisemitismus fest verschließen, vor menschenverachtendem Gedankengut, damit es auf die realen Türen nicht ankommt.",FALSE,20,FDP,2022-11-09,Law & Order and National Identity,goldstandard_codingsheet_FINAL_merged.xlsx
GS0089,Lisa Peters__1,62,"Wie mööt besonners de Öllern noch unterstützen, de noch gewillt sin, in Öllernhüs Kinnern dat Plattdütsche bitobringen.",Nicht zuordenbar (000),Andere,,,,506,506 - Education Expansion,0.33202999830246,Welfare & Social Policy,Welfare,Sozialstaat Ausbau,0,"Deshalb denk ick, schullt wi dat all unterstützen.",Dat sünd ok nich wenige.,FALSE,13,FDP,1998-05-07,Sozialstaat Ausbau,goldstandard_codingsheet_FINAL_merged.xlsx
GS0164,Lothar Mark__1,11,"Aber man muss dazu sagen, dass wir uns allmählich doch überlegen müssen, ob noch weitere Kürzungen vorgenommen werden dürfen.",Welfare & Social Policy,Sozialstaat Begrenzung,,,,507,507 - Education Limitation,0.725143432617188,Welfare & Social Policy,Welfare,Sozialstaat Begrenzung,0,"Die Auslandsschulen, zumindest soweit ich sie kenne, sind in einem sehr guten Zustand.","Zu sagen, Herr Hirche, man würde die Probleme allein mit mehr Geld lösen, ist mit Sicherheit unzutreffend; denn es kommt immer darauf an, wie man diese Gelder einsetzt.",FALSE,14,SPD,2002-03-21,Sozialstaat Begrenzung,goldstandard_codingsheet_FINAL_merged.xlsx
GS0192,Ludwig Stiegler__2,72,Damit sind Sie bei mir gerade an der richtigen Adresse!,Welfare & Social Policy,Sozialstaat Begrenzung,,,,505,505 - Welfare State Limitation,0.369987159967423,Welfare & Social Policy,Welfare,Sozialstaat Begrenzung,0,"Es ist eine Ungehörigkeit, das Gesetz selbst zu machen, uns die Wirkungen anzuhängen und den Menschen nicht zu sagen, dass wir das längst korrigiert haben.",Ich komme zur privaten Altersvorsorge.,FALSE,14,SPD,2002-09-13,Sozialstaat Begrenzung,goldstandard_codingsheet_FINAL_merged.xlsx
GS0111,Manfred Carstens__1,131,Die Kostenermittlung zur Bedarfsplanfortschreibung im Jahre 1986 für den Venusbergtunnel und den Ennert - Aufstieg erfolgte an Hand der damals vorgesehenen Trassenführung der B 56n sowie an Hand der ursprünglich geplanten Tunnel - und Brückenlängen.,Economy,Wirtschaft Allgemein,,,,411,411 - Technology and Infrastructure,0.931957364082336,Economy,Economy,Wirtschaft Allgemein,0,Das wird auch geschehen.,"Das geht jetzt in den Bereich zurück, den wir eigentlich schon abgehandelt haben.",FALSE,13,CDU/CSU,1996-10-09,Wirtschaft Allgemein,goldstandard_codingsheet_FINAL_merged.xlsx
GS0177,Manfred Stolpe__1,31,Die Gemeinden haben bereits nach geltender Rechtslage bei der Abwägung die Umweltauswirkungen ihrer Planung zu berücksichtigen.,Environment,Andere,,,,501,501 - Environmental Protection: Positive,0.758580684661865,Environment,,,0,Das verbessert die Planungsqualität insgesamt.,"Die Neuregelungen, zu denen auch eine integrierte Umweltprüfung gehört, geben hierfür ein systematisches und dem jeweiligen Einzelfall angepasstes Planungsverfahren vor.",FALSE,15,SPD,2004-04-30,Environment,goldstandard_codingsheet_FINAL_merged.xlsx
GS0073,Marcus Weinberg__1,6,"Für Familienpolitiker ist es hervorragend, dass wir diese Null erreicht haben; denn wir sind für die kommenden Generationen verantwortlich.",Economy,Staatsintervention,,,,414,414 - Economic Orthodoxy,0.88592267036438,Economy,Economy,Marktliberalismus,0,"Liebe Frau Brantner, ob die Null nun rot oder weiß oder schwarz oder grün ist, ist relativ wurscht.",Damit schützen wir die kommenden Generationen vor Verschuldung.,FALSE,18,CDU/CSU,2014-11-27,Marktliberalismus,goldstandard_codingsheet_FINAL_merged.xlsx
GS0404,Margot von Renesse__1,54,"In der Natur bestehen wir nur als Wesen, die kein Fell haben, um sich zu wärmen, keine Klauen, um Beute zu schlagen, indem wir die Stoffe der Natur und die Kräfte der Natur erkennen und neu montieren.",Nicht zuordenbar (000),Andere,,,,501,501 - Environmental Protection: Positive,0.886336445808411,Environment,,,0,"Sie ist gleichgültig, manchmal feindselig.",Das ist unser Gestaltungsauf trag und dem tragen wir Rechnung.,FALSE,14,SPD,2001-06-21,Environment,goldstandard_codingsheet_FINAL_merged.xlsx
GS0203,Markus Meckel__1,35,"Es ist ein Land, an das normalerweise keiner denkt.",Foreign Policy & Defence,Andere,,,,601,601 - National Way of Life: Positive,0.320429414510727,Migration,Migration,Migration restriktiv,0,"Es ist eine Frage der Identität, dass wir zum Beispiel ein Land wie Moldova nicht völlig vergessen dürfen.","Dort haben die Not, die Armut und die Verzweiflung der Menschen dazu geführt, dass man eine nicht reformierte, kommunistische Regierung gewählt hat, die nun den Präsidenten stellt.",FALSE,15,SPD,2002-12-19,Migration restriktiv,goldstandard_codingsheet_FINAL_merged.xlsx
GS0243,Markus Töns__1,15,Das ist passiert.,Democracy & Political System,Andere,,,,108,108 - European Community/Union: Positive,0.854222774505615,European Integration,Europe,Pro-EU,0,"Im Europäischen Rat muss zugestimmt werden, und zwar einstimmig von allen 27 Mitgliedstaaten.",Worum geht es jetzt?,FALSE,20,SPD,2022-12-01,Pro-EU,goldstandard_codingsheet_FINAL_merged.xlsx
GS0176,Marlene Mortler__1,6,"Ich habe vor allem bei der Opposition heute das Gefühl gehabt, dass Freuen in unserem Land verboten ist.",Nicht zuordenbar (000),Andere,,,,305,305 - Political Authority,0.902052581310272,Democracy & Political System,,,0,Freuen wir uns jetzt einmal wirklich!,"Was gibt es Schöneres als so einen Auftakt im neuen Jahr, nämlich positive Zahlen zu verkünden?",FALSE,17,CDU/CSU,2011-01-20,Democracy & Political System,goldstandard_codingsheet_FINAL_merged.xlsx
GS0132,Mathias Middelberg__1,6,"Die Zahlen für 2017 im Verhältnis zu denen für 2016 zeigen, dass das Gesamtstraftataufkommen politisch motivierter Kriminalität von links um 3,9 Prozent gewachsen ist.",Law & Order and National Identity,Andere,,,,605,605 - Law and Order: Positive,0.645172238349915,Law & Order and National Identity,,,0,Aber es stimmt: Die linksextreme Gewalt und die politisch motivierte Kriminalität von links in Deutschland machen uns Sorgen.,"Bei den politisch motivierten Gewalttaten, also Tötungs - und Körperverletzungsdelikten, haben wir einen Anstieg um 15,6 Prozent zu verzeichnen; Ereignisse wie G 20 sind angesprochen worden.",FALSE,19,CDU/CSU,2019-01-18,Law & Order and National Identity,goldstandard_codingsheet_FINAL_merged.xlsx
GS0423,Mathias Schubert__1,16,Ab jetzt werden die Arbeitnehmerinnen und Arbeitnehmer nachhaltig steuerlich entlastet.,Economy,Staatsintervention,,,,701,701 - Labour Groups: Positive,0.777616739273071,Social Groups,,,0,"Dagegen ist unser Steuerentlastungsgesetz der erste und deshalb entscheidende Schritt, mit der Hinterlassenschaft eines durch die alte Bundesregierung verwüsteten Steuerrechts aufzuräumen.","Ab jetzt bekommt der Mittelstand den Rücken frei für Stabilität, Investitionssicherheit und Innovationsförderung. - Was denn sonst?",FALSE,14,SPD,1999-03-04,Social Groups,goldstandard_codingsheet_FINAL_merged.xlsx
GS0079,Matthias Gastel__1,33,"Wir hoffen natürlich, dass dann zusätzliche Angebote auch in Deutschland entstehen.",Economy,Wirtschaft Allgemein,,,,411,411 - Technology and Infrastructure,0.960627675056458,Economy,Economy,Wirtschaft Allgemein,0,"Erfreulich ist, meine Damen und Herren, dass die Österreichischen Bundesbahnen angekündigt haben, ihr Nachtzugkonzept weiter auszubauen.","Wichtig ist – an die Adresse der Deutschen Bahn gerichtet –, dass die Bahn - Card auch nach Dezember 2017, also auch nach dem Fahrplanwechsel, für die Nachtzüge der ÖBB anerkannt wird.",FALSE,18,Grüne,2017-06-22,Wirtschaft Allgemein,goldstandard_codingsheet_FINAL_merged.xlsx
GS0209,Matthias Miersch__1,7,"Wir sind einer der ersten EU - Staaten, die die EU - Vorgaben in nationales Recht umsetzen.",Environment,Andere,,,,108,108 - European Community/Union: Positive,0.5129474401474,European Integration,Europe,Pro-EU,0,"Insofern sind wir stolz, dass wir das heute beschließen können.","Dieses Gesetz ist aus meiner Sicht eine logische Konsequenz der Gesetze, die wir hier vor einigen Monaten beschlossen haben, nämlich des Öffentlichkeitsbeteiligungsgesetzes, das dazu dient, mehr Transparenz und mehr Öffentlichkeit in Umweltrechtsbelangen zu erreichen, und des Umweltrechtsbehelfsgesetzes, das dazu dient, einen weiten Zugang zu den Gerichten und zur Überprüfung zu ermöglichen. - Herr Kollege Heilmann, Sie wissen, dass wir uns hier für eine größere und erweiterte Klagemöglichkeit ausgesprochen haben.",FALSE,16,SPD,2007-03-09,Pro-EU,goldstandard_codingsheet_FINAL_merged.xlsx
GS0173,Mechthild Heil__1,1,""" Der Weg ist das Ziel "" - so wird Konfuzius gern und oft zitiert.",Nicht zuordenbar (000),Andere,,,,502,502 - Culture: Positive,0.434642821550369,Welfare & Social Policy,,,0,,Bei Reisen ist der Weg einfach der Weg.,FALSE,17,CDU/CSU,2012-11-08,Welfare & Social Policy (sonstige),goldstandard_codingsheet_FINAL_merged.xlsx
GS0124,Michael Bürsch__1,38,Ich sage noch ein letztes Stichwort.,Migration,Migration restriktiv,,,,607,607 - Multiculturalism: Positive,0.4406778216362,Migration,Migration,Migration liberal,0,"Insofern wird uns Integration weiter beschäftigen, und wir von der SPD werden an diesem Thema mit besonderem Interesse weiterarbeiten.","Wir haben hier mehrfach über Zuwanderung und die Möglichkeit, die Zuwanderung zu steuern, geredet.",FALSE,16,SPD,2007-11-29,Migration liberal,goldstandard_codingsheet_FINAL_merged.xlsx
GS0109,Michael Groß__3,13,Hier liegt aus Sicht der SPD die Aufgabe der Raumordnung klar in der Identifizierung und Abwägung spezifischer Nutzungskonkurrenzen.,Environment,Andere,,,,501,501 - Environmental Protection: Positive,0.480745226144791,Environment,,,0,Mit dem ZDF - Thementag gegen Hunger - als immer noch größtes Gesundheitsrisiko in der Welt - wird der Ernst der Lage sehr deutlich.,"Es ist ohne Zweifel eine politische Aufgabe, den Ausbau erneuerbarer Energien zu beschleunigen.",FALSE,17,SPD,2012-10-18,Environment,goldstandard_codingsheet_FINAL_merged.xlsx
GS0238,Michael Kuffer__1,13,Entscheidend ist: Im Grunde vernebeln Sie mit der Debatte über die allgemeine Sicherheitslage den Blick auf das Wesentliche.,Migration,Migration liberal,,,,601,601 - National Way of Life: Positive,0.396640241146088,Migration,Migration,Migration restriktiv,0,"Richtig ist auch, dass in der Sicherheitsbeurteilung Unterscheidungen zu machen sind zwischen der Sicherheitsgefährdung für ausländische Akteure, die deutlich höher ist, und der für die inländische Bevölkerung, liebe Kolleginnen und Kollegen.","Das Auswärtige Amt hält in seinem Bericht über die asyl - und abschieberelevante Lage nämlich fest: Es gibt „ keine systematische, staatlich organisierte Gewalt gegen die eigene Bevölkerung “.",FALSE,19,CDU/CSU,2018-11-29,Migration restriktiv,goldstandard_codingsheet_FINAL_merged.xlsx
GS0224,Michael Meister__1,112,Darüber sind wir uns einig; darüber gibt es in diesem Haus keinen Streit.,Environment,Andere,,,,501,501 - Environmental Protection: Positive,0.839955747127533,Environment,,,0,Wir alle wollen Klimaschutz.,"Man muss sich überlegen, wie man das so umsetzt, dass es wirtschaftspolitisch vernünftig ist, dass wir wettbewerbsfähig bleiben und im Bereich Klimaschutz in Zukunft möglicherweise Exporterfolge erzielen können.",FALSE,17,CDU/CSU,2010-09-14,Environment,goldstandard_codingsheet_FINAL_merged.xlsx
GS0005,Michael Meister__1,34,Nach der Schaffung eines einheitlichen europäischen Zahlungsverkehrsraums – das Stichwort lautet „ SEPA “ – bildet die Zahlungskontenrichtlinie einen weiteren Meilenstein im Hinblick auf den europäischen Zahlungsmarkt.,European Integration,Pro-EU,,,,108,108 - European Community/Union: Positive,0.503019988536835,European Integration,Europe,Pro-EU,0,"Ein Zahlungskonto ist ja der Schlüssel, um an unbaren Zahlungsvorgängen überhaupt teilnehmen zu können.","Es gab in diesem Zusammenhang die Empfehlung des Europäischen Parlaments, den Zugang zum Zahlungsmarkt im Privatkundengeschäft zu verbessern.",FALSE,18,CDU/CSU,2016-01-15,Pro-EU,goldstandard_codingsheet_FINAL_merged.xlsx
GS0229,Michael Naumann__1,8,"Es ist sicherlich richtig, daß noch längst nicht alles getan ist; es kann aber auch kein Zweifel daran bestehen, daß das, was wir heute beraten, seit vielen Jahren den Aufforderungen der Verbände und den Hoffnungen der Kulturschaffenden in unserem Land entspricht.",Welfare & Social Policy,keine klare Richtung,,,,502,502 - Culture: Positive,0.870918452739716,Welfare & Social Policy,,,0,Für mich ist der heute eingebrachte Gesetzentwurf der Koalitionsfraktionen zur Reform des Stiftungsrechts ein entscheidender Durchbruch.,"Wir beginnen eine neue Stiftungsoffensive, die mehr als zwei Jahrzehnte lang hat auf sich warten lassen.",FALSE,14,SPD,1999-12-16,Welfare & Social Policy (sonstige),goldstandard_codingsheet_FINAL_merged.xlsx
GS0239,Michael Roth__1,14,"Es kann sich um Fragen des Friedens und der Sicherheit, Fragen des Verbraucherschutzes und Fragen der Gesundheit handeln, viele Themen können auf die Agenda gesetzt werden.",European Integration,Pro-EU,,,,108,108 - European Community/Union: Positive,0.948818325996399,European Integration,Europe,Pro-EU,0,"Das beste Mittel, um deutlich zu machen, dass wir in einem Boot sitzen, ist, Themen, die über die Grenzen des Nationalstaates hinausreichen, auf die gemeinsame Agenda zu setzen und den Bürgerinnen und Bürgern, egal ob sie aus Frankreich, Lettland, Ungarn, Deutschland oder Spanien kommen, die Möglichkeit zu geben, den EU - Institutionen, insbesondere der Kommission, das zu sagen, was ihnen wichtig ist.","Ich habe gestern von den Kolleginnen und Kollegen der Linkspartei gehört, das, was im Vertrag von Lissabon stehe, sei eher bescheiden.",FALSE,17,SPD,2010-06-10,Pro-EU,goldstandard_codingsheet_FINAL_merged.xlsx
GS0407,Michael Stübgen__1,27,Die sind nicht immer naturschonend; das gebe ich zu.,Environment,Andere,,,,501,501 - Environmental Protection: Positive,0.850855767726898,Environment,,,0,"– Es ist so: In Natura -2000-Gebieten können nur Fangmethoden angewendet werden, die der jetzigen Fischerei - Grundverordnung entsprechen.","Auf der anderen Seite ist es so, dass wir zu Recht einen europäischen Binnenmarkt haben und europäisches Recht hier Vorrang hat.",FALSE,19,CDU/CSU,2018-06-27,Environment,goldstandard_codingsheet_FINAL_merged.xlsx
GS0022,Monika Grütters__1,22,"Lediglich die Handreichung aus dem Jahr 2001 wurde redaktionell überarbeitet, aber ohne die Substanz zur Disposition zu stellen.",Nicht zuordenbar (000),Andere,,,,303,303 - Governmental and Administrative Efficiency,0.673248469829559,Democracy & Political System,,,0,"Einigkeit besteht auch darüber, dass die Gemeinsame Erklärung unverändert bestehen bleibt.",So wird zum Beispiel die Beweislast nicht infrage gestellt.,FALSE,16,CDU/CSU,2008-02-21,Democracy & Political System,goldstandard_codingsheet_FINAL_merged.xlsx
GS0165,Niema Movassat__1,42,"Aber wer sich kein Ticket leisten kann, der kann auch nicht die Geldstrafe zahlen.",Law & Order and National Identity,Andere,,,,605,605 - Law and Order: Positive,0.718024492263794,Law & Order and National Identity,,,0,Übrigens: Natürlich verurteilen die Gerichte die Betroffenen meist zu einer Geldstrafe und nicht zu einer Gefängnisstrafe.,"Wer aber die verhängte Geldstrafe nicht bezahlt, dem droht die Ersatzfreiheitsstrafe; der muss also das Ganze im Knast absitzen.",FALSE,19,Linke,2018-04-20,Law & Order and National Identity,goldstandard_codingsheet_FINAL_merged.xlsx
GS0411,Nils Gründer__1,6,"Jetzt liegt es in der Verantwortung der Politik, unserer Verantwortung, diese Zeitenwende kontinuierlich in unseren Verteidigungsausgaben abzubilden und auf dem starken Start von 58 Milliarden Euro aufzubauen.",Foreign Policy & Defence,Andere,,,,104,104 - Military: Positive,0.968619346618652,Foreign Policy & Defence,,,0,"Morgen sind es auf den Tag genau neun Monate – neun Monate, seitdem Putin seine Invasion der Ukraine begann, neun Monate, die auch von uns als Deutsche ein grundlegendes Umdenken fordern.","Nur mal als Erinnerung: Jede Fraktion dieses Hauses, ob Regierung, ob Opposition, jeder Einzelne von uns ist für unsere Soldatinnen und Soldaten mitverantwortlich.",FALSE,20,FDP,2022-11-23,Foreign Policy & Defence,goldstandard_codingsheet_FINAL_merged.xlsx
GS0232,Norbert Blüm__1,25,"Selbst wenn man für sechs Wochen Lohnfortzahlung sechs Urlaubstage einsetzt, hat man noch immer mehr Urlaub als in den meisten anderen Ländern der Erde, auch mehr als in Mexiko, das stimmt; die haben dort nur 12 Tage Urlaub.",Economy,Marktliberalismus,,,,701,701 - Labour Groups: Positive,0.84822279214859,Social Groups,,,0,In diesem Pulverdampf der Auseinandersetzung geht das ganz unter: Die Einkommenseinbußen durch Einschränkung der Lohnfortzahlung können durch den Einsatz von Urlaubstagen ausgeglichen werden.,Dann sind wir hinsichtlich der Menge des Urlaubs auf dem Status von 1976 angekommen.,FALSE,13,CDU/CSU,1996-09-26,Social Groups,goldstandard_codingsheet_FINAL_merged.xlsx
GS0222,Norbert Blüm__2,4,"Jetzt kommt meine mathe matische Frage, die jeder Matheschüler aus dem zweiten Schuljahr beantworten kann: Wenn der Arbeitnehmer nach unserem Modell 12 Prozent und nach Ihrem 15 Prozent zahlt, wo ist dann die Belastung der Arbeitnehmer höher?",Social Groups,Andere,,,,701,701 - Labour Groups: Positive,0.516849219799042,Social Groups,,,0,"Ihr Modell sieht einen Beitrag von 22 Prozent vor, von dem die Arbeitnehmer 11 Prozent plus 4 Prozent als private Vorsorge zahlen.",15 oder 12?,FALSE,14,CDU/CSU,2000-11-16,Social Groups,goldstandard_codingsheet_FINAL_merged.xlsx
GS0193,Norbert Müller__1,32,Ihr kommt aus einem sicheren Herkunftsstaat – warum auch immer –; ihr dürft hier nicht sein.,Migration,Migration liberal,,,,607,607 - Multiculturalism: Positive,0.385657668113709,Migration,Migration,Migration liberal,0,"Das sind Menschen, die überhaupt nicht verstehen, wie wir im Deutschen Bundestag darüber reden können, Geflüchtete stärker zu unterstützen, wenn gleichzeitig Menschen, die sich erfolgreich integriert haben, aus diesem Land abgeschoben werden mit den Worten: Ihr habt jetzt eben Pech gehabt.","– Ich finde, das ist eine Sabotage der hervorragenden Arbeit von Menschen in Initiativen für Geflüchtete, die nicht hinnehmbar ist.",FALSE,18,Linke,2016-04-28,Migration liberal,goldstandard_codingsheet_FINAL_merged.xlsx
GS0126,Olaf Scholz__1,59,"Wir müssen dafür Sorge tragen, dass die jungen Leute berufliche Perspektiven haben.",Social Groups,Andere,,,,706,706 - Non-economic Demographic Groups,0.363138556480408,Social Groups,,,0,"Das ist etwas, was wir gemeinsam erreichen müssen, Bund, Länder und Gemeinden zusammen.","Deshalb ist es wichtig, dass wir dafür sorgen, dass diejenigen, die studieren wollen, bessere Möglichkeiten bekommen durch eine bessere Ausbildungsförderung.",FALSE,19,SPD,2021-09-07,Social Groups,goldstandard_codingsheet_FINAL_merged.xlsx
GS0054,Ole Schröder__1,11,Denn wir leben in einem Rechtsstaat.,Democracy & Political System,Andere,,,,202,202 - Democracy,0.776743113994598,Democracy & Political System,,,0,Wir sind an die uns vorliegenden Informationen gebunden.,Dieser Rechtsstaat gilt für alle.,FALSE,17,CDU/CSU,2009-11-25,Democracy & Political System,goldstandard_codingsheet_FINAL_merged.xlsx
GS0041,Oliver Krischer__1,23,"Wir haben im Ausschuss eine Anhörung gehabt, wo reihum durch Gutachten des Wissenschaftlichen Dienstes dargelegt worden ist, dass das nicht europarechtskonform ist und dass das ganze Projekt scheitern muss.",Democracy & Political System,Andere,,,,110,110 - European Community/Union: Negative,0.336877644062042,European Integration,Europe,Contra-EU,0,"Herr Bilger hat hier eben den einzigen Sachverständigen, den es in der ganzen Republik überhaupt gibt, der Ihre Position unterstützt, zitiert.",Lesen Sie das einfach noch einmal nach.,FALSE,18,Grüne,2015-06-18,Contra-EU,goldstandard_codingsheet_FINAL_merged.xlsx
GS0221,Omid Nouripour__1,45,Das bringt langfristig eine massive Veränderung des Charakters der Bundeswehr mit sich.,Migration,Migration liberal,,,,705,705 - Underprivileged Minority Groups,0.167999893426895,Social Groups,,,0,"Wenn man sich anschaut, wer sich freiwillig zur Bundeswehr meldet, dann stellt man fest, dass über 25 Prozent der Bewerber einen Migrationshintergrund haben.","Ich glaube, dass das auch große Veränderungen für die Gesellschaft mit sich bringen kann.",FALSE,17,Grüne,2012-09-27,Social Groups,goldstandard_codingsheet_FINAL_merged.xlsx
GS0013,Patrick Meinhardt__1,47,"Wir bitten darum, dass die Grundgesetzänderung in diesem Hohen Haus eine Mehrheit finden wird.",Democracy & Political System,Andere,,,,204,204 - Constitutionalism: Negative,0.782583653926849,Democracy & Political System,,,0,Dem ist nichts mehr hinzuzufügen.,"Denn sie ist dringend notwendig, um eine faire Behandlung von Grundschulen in freier Trägerschaft zu erreichen.",FALSE,16,FDP,2009-01-30,Democracy & Political System,goldstandard_codingsheet_FINAL_merged.xlsx
GS0118,Peer Steinbrück__1,90,"Wir werden den Missbrauch von Leiharbeit, Zeitarbeit und Werkverträgen bekämpfen.",Social Groups,Andere,,,,701,701 - Labour Groups: Positive,0.708651423454285,Social Groups,,,0,Eine rot - grüne Bundesregierung mit mir als Bundeskanzler wird deshalb einen flächendeckenden gesetzlichen Mindestlohn einführen.,"Wir werden deutlich mehr Geld in die Bildung investieren, weil sie in Deutschland unterfinanziert ist.",FALSE,17,SPD,2013-09-03,Social Groups,goldstandard_codingsheet_FINAL_merged.xlsx
GS0255,Peter Aumer__1,18,"Insofern ist es gut und wichtig, dass man Positionen überarbeitet und Überlegungen auf den Prüfstand stellt.",Democracy & Political System,Andere,,,,305,305 - Political Authority,0.873356282711029,Democracy & Political System,,,0,"Darum haben die Menschen die christlich - liberale Koalition gewählt, eine Koalition, die ergebnisorientiert arbeitet, die das Wohl des Ganzen und die Nachhaltigkeit des politischen Handelns im Blick hat.",Das hat die FDP gemacht.,FALSE,17,CDU/CSU,2010-04-21,Democracy & Political System,goldstandard_codingsheet_FINAL_merged.xlsx
GS0019,Peter Tauber__1,50,"Sie erwecken nämlich permanent den Eindruck, als ginge es Asylbewerbern und Flüchtlingen in Deutschland schlechter als in den Ländern, aus denen sie zu uns gekommen sind.",Migration,Migration liberal,,,,705,705 - Underprivileged Minority Groups,0.434875518083572,Social Groups,,,0,Aus meiner Sicht mangelt es Ihnen in dieser Debatte an Redlichkeit.,"Das geht, wie ich finde, an der Wirklichkeit vollkommen vorbei.",FALSE,17,CDU/CSU,2012-11-29,Social Groups,goldstandard_codingsheet_FINAL_merged.xlsx
GS0075,Petra Merkel__1,41,Deutschland wird weltoffen bleiben.,Migration,Migration liberal,,,,607,607 - Multiculturalism: Positive,0.526806354522705,Migration,Migration,Migration liberal,0,"Die SPD - Fraktion wird darauf achten, dass die Jugendprojekte gegen Rechtsextremismus und zur Beteiligung an Demokratie, die Projekte "" Entimon "" und "" Civitas "", weitergeführt werden und dass die Bundeszentrale für politische Bildung durch Kürzungen nicht in Turbulenzen gerät.",Deshalb sind die Integrationskurse zur Einbürgerung auch mit den im vergangenen Jahr vorgesehenen Haushaltsmitteln zu finanzieren.,FALSE,16,SPD,2006-03-31,Migration liberal,goldstandard_codingsheet_FINAL_merged.xlsx
GS0184,Petra Pau__1,18,Ich wiederhole für die Linke: Die Vorratsdatenspeicherung muss weg.,Democracy & Political System,Andere,,,,201,201 - Freedom and Human Rights,0.973301827907562,Democracy & Political System,,,0,Dagegen läuft eine Sammelklage beim Bundesverfassungsgericht.,"Hinzu kommt, dass immer mehr sensible Daten von Staats wegen EU - weit gestreut oder in die USA verschickt werden, also ins Datenschutznirwana.",FALSE,16,Linke,2008-09-16,Democracy & Political System,goldstandard_codingsheet_FINAL_merged.xlsx
GS0112,Philipp Mißfelder__1,32,"Zu erwähnen bleibt, dass wir mit einem instabilen Jemen nicht leben sollten; denn ein instabiler Jemen ist nicht nur eine Gefahr für Saudi - Arabien und für die Region, sondern ein instabiler Jemen ist eine Gefahr für die Welt.",Foreign Policy & Defence,Andere,,,,104,104 - Military: Positive,0.372540682554245,Foreign Policy & Defence,,,0,Diesen Punkt Ihres Antrags sehe ich kritisch.,Erinnern wir uns an das Jahr 2010.,FALSE,17,CDU/CSU,2012-03-01,Foreign Policy & Defence,goldstandard_codingsheet_FINAL_merged.xlsx
GS0098,Philipp Mißfelder__2,9,"Staatssekretär Brauksiepe hat vorhin dankenswerterweise richtiggestellt, dass wir mit der Türkei sehr eng verbunden sind und das Land als wichtigen NATO - Partner ansehen.",Foreign Policy & Defence,Andere,,,,107,107 - Internationalism: Positive,0.707097172737122,Foreign Policy & Defence,,,0,"Ich möchte zur Situation in der Türkei noch ein paar Anmerkungen machen, weil das für den Rahmen des Mandats nicht ganz unwichtig ist.","Frau Dağdelen, ich glaube, auch ein großer Teil der türkischstämmigen Bevölkerung in Deutschland teilt Ihre Einschätzung nicht.",FALSE,18,CDU/CSU,2015-01-15,Foreign Policy & Defence,goldstandard_codingsheet_FINAL_merged.xlsx
GS0107,Priska Hinz__1,35,"Herr Kollege, da ich so belesen bin, lese ich nicht nur Rechnungsprüfungsberichte und Haushalte, sondern kümmere mich auch darum, wie die Fusion von GTZ, InWEnt und DED funktionieren soll.",Democracy & Political System,Andere,,,,303,303 - Governmental and Administrative Efficiency,0.567189335823059,Democracy & Political System,,,0,Danke schön.,"Ich weiß deshalb, dass diese Fusion und die Umstellung auf das Auftragsverfahren nur funktionieren, wenn Verpflichtungsermächtigungen nicht nur für die GTZ zur Verfügung stehen, sondern eben auch für die neue, größere Organisation; denn DED und InWEnt müssen das ganze Haushaltsverfahren umstellen.",FALSE,17,Grüne,2010-09-15,Democracy & Political System,goldstandard_codingsheet_FINAL_merged.xlsx
GS0009,Rainer Arnold__1,98,"Wir dürfen nicht übersehen, dass der Sanitätsdienst der Bundeswehr schon heute eine tragende Säule bei Einsätzen der internationalen Gemeinschaft ist, weil wir da wirklich gut sind.",Foreign Policy & Defence,Andere,,,,104,104 - Military: Positive,0.681919395923615,Foreign Policy & Defence,,,0,"Zu den Fähigkeiten, die gestärkt werden müssen, gehört auch der Sanitätsdienst.","Wir müssen aber einkalkulieren, dass der hohe Frauenanteil in diesem Bereich - glücklicherweise! - zu vielen Kindern und vielen Familienphasen führt.",FALSE,18,SPD,2014-04-09,Foreign Policy & Defence,goldstandard_codingsheet_FINAL_merged.xlsx
GS0149,Rainer Eppelmann__1,30,"Die NVA stand immer bereit, ihren sogenannten Klassenauftrag zu erfüllen.",Foreign Policy & Defence,Andere,,,,415,415 - Marxist Analysis: Positive,0.208390131592751,Economy,,,0,Das politische Urteil über die Nationale Volksarmee als Klassen - und Machtinstrument der SED konnte durch diese Einsicht jedoch nicht getrübt werden.,"Wir wissen heute: Diese Armee bereitete sich im Auftrag der SED - Machthaber auf die Eroberung Westberlins vor, entwickelte Pläne für die Besetzung Westdeutschlands bis zum Rhein und war - auch das wissen wir inzwischen durch die Arbeit der Enquete - Kommission - voll einsatzbereit, als in Prag und Warschau die kommunistischen Diktaturen zu wanken begangen.",FALSE,13,CDU/CSU,1995-10-27,Economy (sonstige),goldstandard_codingsheet_FINAL_merged.xlsx
GS0422,Ralph Lenkert__1,8,"Deshalb ist es höchste Zeit, dieses Gesetz zu hinterfragen.",Welfare & Social Policy,Sozialstaat Ausbau,,,,701,701 - Labour Groups: Positive,0.288031339645386,Social Groups,,,0,Ausgebeutet und missbraucht würden Sie sich fühlen - zu Recht.,Mit flexibleren Forschungsmöglichkeiten und mehr Chancen für angehende Wissenschaftlerinnen und Wissenschaftler begründete die letzte GroKo die Einführung dieses Gesetzes.,FALSE,18,Linke,2014-06-06,Social Groups,goldstandard_codingsheet_FINAL_merged.xlsx
GS0160,Ralph Lenkert__1,15,"Egal ob die Produkte „ made in Germany “, „ made in Bulgaria “, „ made in India “ oder „ made in China “ sind: Wenn ausländische Firmen die Einhaltung der Grenzwerte und Vorschriften nicht nachweisen, dann dürfen sie hier nicht verkaufen oder müssen Umweltimportzölle als Wettbewerbsausgleich zahlen.",Economy,keine klare Richtung,,,,406,406 - Protectionism: Positive,0.559752643108368,Economy,,,0,Alternativen zum Schutz von Mensch und Natur und zur Sicherung der deutschen Industriefirmen wären: Umweltgrenzwerte und Vorschriften zur Produktion müssen für alle in Deutschland und Europa angebotenen Waren gelten.,Wir brauchen endlich auch eine Fachkräfteoffensive für Behörden und Verwaltung mit zwei Zielen.,FALSE,20,Linke,2023-05-11,Economy (sonstige),goldstandard_codingsheet_FINAL_merged.xlsx
GS0082,Reinhard Schultz__1,36,Kein Wort davon!,Foreign Policy & Defence,Andere,,,,110,110 - European Community/Union: Negative,0.302681893110275,European Integration,Europe,Contra-EU,0,"Normalerweise hätte man erwarten müssen, es komme im Rahmen der Harmonisierung etwas ähnliches dabei heraus, wie es Herr Rexrodt hier vorgestellt hat.","Die Franzosen geben in einem amtlichen Schreiben beglückt bekannt, daß sie ihre nationale Unabhängigkeit, ihren Service publique und die Stellung der nationalen Stromversorgung als Staatsunternehmen ungefährdet behalten können.",FALSE,13,SPD,1997-04-17,Contra-EU,goldstandard_codingsheet_FINAL_merged.xlsx
GS0196,Reinhard Weis__1,1,Sehr geehrte Frau Präsidentin!,Nicht zuordenbar (000),Andere,,,,305,305 - Political Authority,0.855437397956848,Democracy & Political System,,,1,,Liebe Kolleginnen und Kollegen!,TRUE,15,SPD,2004-09-09,Democracy & Political System,goldstandard_codingsheet_FINAL_merged.xlsx
GS0069,Renate Künast__1,5,"Das könnte natürlich nicht nur in Bezug auf Food Waste ein Problem sein, sondern eben auch im Hinblick auf die Hungerbekämpfung in dieser Gesellschaft.",Economy,Wirtschaft Allgemein,,,,501,501 - Environmental Protection: Positive,0.289304435253143,Environment,,,0,"Dann meine Frage an die Staatssekretärin, weil Herr Brandner sich ja so viel Sorgen über Food Waste und über Fleisch als Luxusgut gemacht hat: Müssten wir, wenn man mal Effizienz auf dem Acker und die Ernährung von Menschen mit dieser Luxusgut - Fleisch - Frage zusammenbringt, dann nicht festhalten, dass weltweit 60 Prozent der guten Ackerflächen für Futtermittel benutzt werden und dass nach der Verfütterung an Tiere von zum Beispiel 8 Kilo Eiweißpflanzen am Ende 1 Kilo tierisches Eiweiß rauskommt?",Wie stehen Sie dazu?,FALSE,20,Grüne,2022-03-16,Environment,goldstandard_codingsheet_FINAL_merged.xlsx
GS0151,Renate Künast__1,5,Man kann das ganz einfach formulieren.,European Integration,Pro-EU,,,,110,110 - European Community/Union: Negative,0.776632010936737,European Integration,Europe,Contra-EU,0,"Wir hören aus der Bevölkerung häufig die Frage, was unter dem Lissabonprozess eigentlich zu verstehen ist.","In einfaches Deutsch übersetzt, geht es um die Frage: In welchem Europa wollen wir leben?",FALSE,16,Grüne,2006-03-17,Contra-EU,goldstandard_codingsheet_FINAL_merged.xlsx
GS0068,Roland Claus__2,9,Selbstverständlich hat die Linke ein positives Verhältnis zu zukunftsfähigen Investitionen.,Democracy & Political System,Andere,,,,411,411 - Technology and Infrastructure,0.820437967777252,Economy,Economy,Wirtschaft Allgemein,0,"Wir reden hier über den Infrastrukturhaushalt des Bundes, den größten Investitionsetat, wobei die Größe eines Etats noch nichts über das Führungsniveau eines Ministeriums sagt.",Ich kann das auch hinreichend belegen.,FALSE,16,Linke,2008-09-18,Wirtschaft Allgemein,goldstandard_codingsheet_FINAL_merged.xlsx
GS0091,Rolf Kutzmutz__1,53,"Wir stellen dabei aber keine ungedeckten Schecks aus, wie Herr Finanzminister Waigel behauptete.",Democracy & Political System,Andere,,,,305,305 - Political Authority,0.480031162500382,Democracy & Political System,,,0,Natürlich kosten Veränderungen dieser Politik Geld.,"Einmal abgesehen von den Sparmöglichkeiten bei der Selbstdarstellung des Bundeswirtschaftsministeriums möchte ich nur auf unseren Vorschlag aus dem vergangenen Jahr verweisen, die Rohölreserve des Bundes im Salzstock Etzel aufzulösen.",FALSE,13,Linke,1996-09-12,Democracy & Political System,goldstandard_codingsheet_FINAL_merged.xlsx
GS0092,Roman Müller-Böhm__1,23,Herzlichen Dank.,Nicht zuordenbar (000),Andere,,,,402,402 - Incentives,0.481026530265808,Economy,Economy,Marktliberalismus,1,"Statten wir jetzt bereits Hoteliers mit den Möglichkeiten aus, eine digitale Meldestruktur einzurichten, die dauerhaft von Bestand ist.",,TRUE,19,FDP,2021-05-20,Marktliberalismus,goldstandard_codingsheet_FINAL_merged.xlsx
GS0048,Ruppert Stüwe__1,14,"Das heißt, an dem Thema „ Verfügbarkeit von Daten “ arbeiten wir hart.",Economy,Wirtschaft Allgemein,,,,411,411 - Technology and Infrastructure,0.862833440303803,Economy,Economy,Wirtschaft Allgemein,0,"Was die Verfügbarkeit betrifft – ich schaue Herrn Jarzombek an –, haben wir auch schon in der Vergangenheit investiert: Medizininformatik - Initiative: 200 Millionen Euro 2023 bis 2026; Netzwerk Universitätsmedizin – nach Corona –: 2022, 2023, 2024 jeweils 80 Millionen Euro; Nationale Forschungsdateninfrastruktur im Gesundheitsbereich: 15 Millionen Euro bis 2025.","An den Zahlen sehen Sie: Es gibt einen Nachholbedarf hier in Deutschland auf Ebene der Kliniken, aber auch auf Ebene der Forschung.",FALSE,20,SPD,2023-03-02,Wirtschaft Allgemein,goldstandard_codingsheet_FINAL_merged.xlsx
GS0414,Rüdiger Kruse__1,54,Wir wollen die Kontrollen verbessern.,Law & Order and National Identity,Andere,,,,605,605 - Law and Order: Positive,0.301925212144852,Law & Order and National Identity,,,0,Wir haben gesagt: Da wollen wir nicht mitspielen.,– Dazu haben wir einen Beschluss gefasst und diesen im Haushalt mit finanziellen Mitteln unterlegt.,FALSE,18,CDU/CSU,2017-03-30,Law & Order and National Identity,goldstandard_codingsheet_FINAL_merged.xlsx
GS0217,Sabine Leutheusser-Schnarrenberger__1,14,"Zur erfolgreichen Durchführung der Erweiterung ist jetzt ein sehr ambitionierter Vertiefungsprozess gefordert, bei dem die Bundesregierung zusammen mit Frankreich natürlich eine besondere Verantwortung besitzt, der sie gerecht werden muss.",Democracy & Political System,Andere,,,,108,108 - European Community/Union: Positive,0.45388725399971,European Integration,Europe,Pro-EU,0,"Herr Außenminister, wir sind deshalb der Auffassung, dass die Regierungskonferenz mit großem Ehrgeiz, mit großem Elan, mit sehr klaren Vorstellungen und mit der Perspektive, einen bedeutenden historischen Verfassungsgebungsprozess in Gang zu setzen, durchgeführt werden muss.","Sie muss entsprechend initiativ werden, um diesen Prozess in Gang zu setzen und zu einem Erfolg zu führen.",FALSE,14,FDP,2000-02-17,Pro-EU,goldstandard_codingsheet_FINAL_merged.xlsx
GS0409,Sabine Weiss__1,15,Der Luftangriff russischer oder syrischer Kräfte auf einen UN-Hilfskonvoi im belagerten Aleppo stellt einen neuen Tiefpunkt im Syrien - Krieg dar.,Foreign Policy & Defence,Andere,,,,106,106 - Peace,0.425525546073914,Foreign Policy & Defence,,,0,Dazu passt traurigerweise das Ereignis vom Montag.,"Neben der Vernichtung der Hilfsgüter für die hungernde, leidende Bevölkerung in Aleppo hat der Angriff auch viele Menschenleben gekostet.",FALSE,18,CDU/CSU,2016-09-22,Foreign Policy & Defence,goldstandard_codingsheet_FINAL_merged.xlsx
GS0056,Siegmar Mosdorf__1,24,"Gott sei Dank hilft die Telekom, Gott sei Dank helfen inzwischen andere Sponsoren.",Economy,Marktliberalismus,,,,502,502 - Culture: Positive,0.34779679775238,Welfare & Social Policy,,,0,"Aber Sie wissen genausogut wie ich, daß das ein kleindimensioniertes Programm ist.","Das wird auch fortgesetzt werden, und das ist gut so.",FALSE,13,SPD,1997-04-18,Welfare & Social Policy (sonstige),goldstandard_codingsheet_FINAL_merged.xlsx
GS0102,Sonja Amalie Steffen__1,39,"– Und wer diesen Insider jetzt versteht, der weiß, ich komme nun zum Schluss.",Nicht zuordenbar (000),Andere,,,,305,305 - Political Authority,0.765390574932098,Democracy & Political System,,,0,"Und ich hoffe, dass wir unseren Herdenschutzesel einpacken und dann wie Hase und Igel am nächsten Black Friday gemeinsam über die Brunsbütteler Schleuse zum Reeperbahn Festival segeln, um dort gemeinsam einen Glühwein zu trinken.","Gestatten Sie mir, am Ende meiner letzten Rede noch zwei Namen zu nennen, die mir nicht nur Kollegen, sondern auch echte Freunde waren.",FALSE,19,SPD,2021-06-25,Democracy & Political System,goldstandard_codingsheet_FINAL_merged.xlsx
GS0257,Stefan Heck__1,20,"Hier ist ein Zustand entstanden, den wir nicht sehenden Auges hinnehmen können.",Economy,Staatsintervention,,,,403,403 - Market Regulation,0.806857883930206,Economy,Economy,Staatsintervention,0,"Wenn Sie fragen, wem das schadet, dann antworte ich Ihnen: Das sind nicht die großen internationalen, europäischen und deutschen Banken, die wir alle kennen, sondern es sind gerade die kleinen Institute, die Regionalbanken, die kommunalen Banken und die Sparkassen, die wir immer ganz besonders im Blick haben sollten.","Ich glaube, dass wir im Interesse der Rechtssicherheit und am Ende auch des Rechtsfriedens eine Änderung vornehmen müssen.",FALSE,18,CDU/CSU,2016-02-18,Staatsintervention,goldstandard_codingsheet_FINAL_merged.xlsx
GS0145,Stefan Ruppert__1,17,"Der Aufstellung des Grundsätzegesetzes, also der Erfüllung des verfassungsrechtlichen Auftrags durch den Gesetzgeber, sollte eine gründliche Vorarbeit vorausgehen.",Democracy & Political System,Andere,,,,608,608 - Multiculturalism: Negative,0.419954597949982,Migration,Migration,Migration restriktiv,0,Nach dieser Logik darf der Staat auch keine Lehrstühle für islamische Theologie an staatlichen Hochschulen zulassen; denn dies verstößt gegen Ihr so formuliertes Trennungsverständnis.,"Wenn wir als Bund die Länder verpflichten wollen, immense Entschädigungszahlungen - das Zehnfache des Jahresbeitrages - auf einmal zu ermöglichen, so müssten wir mit ihnen, den Ländern, vorher ins Gespräch über die Modalitäten dieser Ablösung kommen.",FALSE,17,FDP,2013-06-27,Migration restriktiv,goldstandard_codingsheet_FINAL_merged.xlsx
GS0072,Stefan Ruppert__2,15,"Nach einer Art moralisch - kollusivem Zusammenwirken zwischen einem sozialdemokratischen Oberbürgermeister, einem christdemokratischen Regierungspräsidenten und einem christdemokratischen Innenminister waren sie der Meinung, man könne sich über diese Entscheidung des Bundesverfassungsgerichts hinwegsetzen, sie quasi boykottieren.",Democracy & Political System,Andere,,,,305,305 - Political Authority,0.306089282035828,Democracy & Political System,,,0,"Ich will Ihnen mal von einem Vorgang aus meinem Heimatland Hessen berichten: Das Bundesverfassungsgericht hat gesagt, dass die NPD in der Stadthalle von Wetzlar tagen darf.","So widerlich die NPD ist: Diese Haltung, dass wir die Rechtsprechung nicht mehr durchsetzen und sie nicht akzeptieren, ist für die Rechtsstaatlichkeit in unserem Land brandgefährlich.",FALSE,19,FDP,2018-05-17,Democracy & Political System,goldstandard_codingsheet_FINAL_merged.xlsx
GS0060,Steffen Kotré__2,30,"All diese Dinge veranlassen uns zu der Vermutung: Vielleicht soll am Ende doch die Enteignung stehen, vielleicht soll sie ein bisschen schneller durchgedrückt werden.",Economy,Staatsintervention,,,,413,413 - Nationalisation,0.338111400604248,Economy,Economy,Staatsintervention,0,"Vorbild sind hier natürlich die Kommunen: Auch die Kommunen erhalten wiederkehrende Zahlungen für von ihnen erteilte Konzessionen, also dafür, dass die Versorger ihre Leitungen legen können.",Ich weiß es nicht.,FALSE,19,AfD,2019-01-31,Staatsintervention,goldstandard_codingsheet_FINAL_merged.xlsx
GS0214,Stephan Brandner__1,22,"Warum wollen wir das tun, meine Damen und Herren?",Migration,Migration restriktiv,,,,601,601 - National Way of Life: Positive,0.797841846942902,Migration,Migration,Migration restriktiv,0,"Frau Özoğuz, wenn sogar Sie erkennen, dass die deutsche Sprache das einzige Element sein soll, das uns verbindet, ist sie es doch wert, in die Verfassung aufgenommen zu werden.",Die deutsche Sprache ist in Gefahr.,FALSE,19,AfD,2018-03-02,Migration restriktiv,goldstandard_codingsheet_FINAL_merged.xlsx
GS0117,Stephan Hilsberg__1,104,"Ich finde, es ist eine runde Sache geworden.",Democracy & Political System,Andere,,,,502,502 - Culture: Positive,0.785970628261566,Welfare & Social Policy,,,0,"Ich darf mich bei unseren Kulturpolitikern ganz herzlich bedanken, die die Probleme jederzeit sehr konstruktiv und offen diskutiert haben.","Dass über diesen Antrag heute Einigkeit besteht, ist eine Leistung.",FALSE,15,SPD,2005-06-30,Welfare & Social Policy (sonstige),goldstandard_codingsheet_FINAL_merged.xlsx
GS0017,Stephan Pilsinger__1,22,"Sie erhalten einen gesetzlich geregelten Leistungsanspruch auf digitale Gesundheitsanwendungen, und sie genießen die Vorteile einer stärkeren Einbindung telemedizinischer Anwendungen wie beispielsweise Telekonsilien oder Videosprechstunden.",Democracy & Political System,Andere,,,,504,504 - Welfare State Expansion,0.759538948535919,Welfare & Social Policy,Welfare,Sozialstaat Ausbau,0,Die Patientinnen und Patienten profitieren.,Zweitens.,FALSE,19,CDU/CSU,2019-09-27,Sozialstaat Ausbau,goldstandard_codingsheet_FINAL_merged.xlsx
GS0189,Sven-Christian Kindler__1,69,"Herr Minister Scholz, die Frage lautet: Wollen Sie das, was Martin Schulz in den Koalitionsvertrag geschrieben hat, durchsetzen, oder wollen Sie einfach nur die Agenda von Wolfgang Schäuble fortsetzen?",Nicht zuordenbar (000),Andere,,,,305,305 - Political Authority,0.974580824375153,Democracy & Political System,,,0,"– Da waren Sie einer der wenigen, Herr Grosse - Brömer.",Ich frage mich: Welche Partei stellt eigentlich gerade den Finanzminister?,FALSE,19,Grüne,2018-05-15,Democracy & Political System,goldstandard_codingsheet_FINAL_merged.xlsx
GS0175,Swen Schulz__1,24,"Sie wollen Eltern dafür Geld geben, dass sie ihre Kinder nicht in eine Bildungseinrichtung schicken.",Welfare & Social Policy,Sozialstaat Begrenzung,,,,507,507 - Education Limitation,0.37212273478508,Welfare & Social Policy,Welfare,Sozialstaat Begrenzung,0,Ich will noch einmal sagen: Das ist wirklich Irrsinn.,Das ist der falsche Weg.,FALSE,17,SPD,2011-01-27,Sozialstaat Begrenzung,goldstandard_codingsheet_FINAL_merged.xlsx
GS0018,Sören Bartol__1,8,"Ich habe ein bisschen das Gefühl, das ist wohl auch der Grund, warum insbesondere von dem Kollegen von Notz von den Grünen eine doch relativ kleinkarierte Kritik gekommen ist.",Nicht zuordenbar (000),Andere,,,,305,305 - Political Authority,0.978279054164886,Democracy & Political System,,,0,Das haben uns viele Kolleginnen und Kollegen von den Grünen und von den Linken wohl nicht zugetraut.,"Aber am Ende ist es gut, dass sich alle Fraktionen dafür entschieden haben, diesen Antrag zu unterstützen.",FALSE,18,SPD,2014-02-13,Democracy & Political System,goldstandard_codingsheet_FINAL_merged.xlsx
GS0137,Theodor Waigel__1,18,Auf der einen Seite wird Abbau der Vergünstigungen und damit Herabsetzung des Steuersatzes verlangt.,Economy,Marktliberalismus,,,,402,402 - Incentives,0.32770511507988,Economy,Economy,Marktliberalismus,0,Dann wundere ich mich über eine merkwürdige Doppelzüngigkeit.,"Dann bieten wir an einem Punkt eine aufkommensneutrale Verbesserung der Unternehmensteuerstruktur an, und zwar in einem Bereich, in dem wir Weltspitze sind, nämlich bei den Sätzen für die degressive Abschreibung: 30 Prozent in Deutschland, höchstens zwischen 10 und 20 Prozent in allen anderen Ländern.",FALSE,13,CDU/CSU,1996-04-26,Marktliberalismus,goldstandard_codingsheet_FINAL_merged.xlsx
GS0121,Thilo Hoppe__1,7,"Es bahnt sich eine Wiederholung - dessen an, was ich vor fast drei Jahren als einziger parlamentarischer Beobachter aus Deutschland auf dem letzten EU - Lateinamerika - Gipfel in Madrid verfolgen konnte.",Foreign Policy & Defence,Andere,,,,110,110 - European Community/Union: Negative,0.520071148872376,European Integration,Europe,Contra-EU,0,In wenigen Tagen treffen sich die Regierungschefs in Santiago de Chile.,Da wurden die Freihandelsabkommen beschworen und als Wirtschaftswachstumsmotor gefeiert.,FALSE,17,Grüne,2013-01-17,Contra-EU,goldstandard_codingsheet_FINAL_merged.xlsx
GS0182,Thomas Erndl__1,11,"Dass dann auch noch bei Rettungsaktionen geschossen wird, da fehlen mir wirklich die Worte.",Foreign Policy & Defence,Andere,,,,105,105 - Military: Negative,0.367615252733231,Foreign Policy & Defence,,,0,Die Liste der katastrophalen Konsequenzen ist lang und bitter; die humanitären Auswirkungen sind fürchterlich.,Russland trägt dafür die alleinige Verantwortung.,FALSE,20,CDU/CSU,2023-06-14,Foreign Policy & Defence,goldstandard_codingsheet_FINAL_merged.xlsx
GS0086,Thomas Jarzombek__1,30,"Es geht außerdem um den Europäischen Gesundheitsdatenraum, der erst 2025 kommen soll.",Democracy & Political System,Andere,,,,303,303 - Governmental and Administrative Efficiency,0.702883124351502,Democracy & Political System,,,0,Das gilt ebenfalls für ein Registergesetz.,Wir müssen das Verfahren hier beschleunigen.,FALSE,20,CDU/CSU,2023-03-02,Democracy & Political System,goldstandard_codingsheet_FINAL_merged.xlsx
GS0012,Tino Sorge__2,6,"Wie passt das zu Ihren Ausführungen, dass Unternehmen sich an solchen Dingen nicht beteiligen?",Economy,Staatsintervention,,,,403,403 - Market Regulation,0.314325571060181,Economy,Economy,Staatsintervention,0,"Ist Ihnen bekannt, dass BioNTech für das letzte Jahr über 1 Milliarde Euro Steuern an die Stadt Mainz zahlt und dass sogar Ihr Kollege, Herr Ebling, seines Zeichens SPD - Oberbürgermeister, das mit Freude zur Kenntnis genommen hat?",Das würde mich mal interessieren.,FALSE,20,CDU/CSU,2022-01-13,Staatsintervention,goldstandard_codingsheet_FINAL_merged.xlsx
GS0201,Ulla Jelpke__1,33,"Aber man sieht gegenwärtig nicht, daß Sie auch eine andere Politik durchsetzen wollen, insbesondere was den Bereich der inneren Sicherheit betrifft.",Nicht zuordenbar (000),Andere,,,,305,305 - Political Authority,0.598352909088135,Democracy & Political System,,,0,"Noch eines zur SPD: Sie sind offensichtlich nur zu bereit, eine neue Regierung zu stellen.","Selbst eine SPD - freundliche Tageszeitung, die "" Süddeutsche Zeitung "", sah sich veranlaßt, die Kungelei zwischen rechten Hardlinern in der Union und der SPD zu kritisieren.",FALSE,13,Linke,1998-06-24,Democracy & Political System,goldstandard_codingsheet_FINAL_merged.xlsx
GS0074,Uwe Küster__1,28,"Dass von die sem Instrument naturgemäß die Oppositionsfraktionen mehr Gebrauch machen als die Regierungsfraktionen, ist nur allzu verständlich.",Democracy & Political System,Andere,,,,202,202 - Democracy,0.927887499332428,Democracy & Political System,,,0,"Wird ein wichtiges Thema in der Öffentlichkeit kontrovers behandelt, muss das Parlament zeitnah hierzu Stellung beziehen können.","Schließlich hat die Opposition keine Regierungsmitglieder, die ihre Politik erläutern könnten.",FALSE,14,SPD,2001-06-28,Democracy & Political System,goldstandard_codingsheet_FINAL_merged.xlsx
GS0159,Uwe Schulz__1,13,"In Ihrer ach so offensiven 5G - Strategie von 2017 kam das Thema „ Sicherheit der Netzausrüster “ nicht vor, und bei den Frequenzversteigerungen waren für Sie, für die Bundesregierung, die Erlöse wichtiger als alle Sicherheitsaspekte.",Democracy & Political System,Andere,,,,305,305 - Political Authority,0.530414998531342,Democracy & Political System,,,0,"Obwohl 5G längst in den Startlöchern steht, zeigt die Regierungskoalition keine klare Haltung.","Dabei müsste doch auch die Bundesregierung verstanden haben, um was es geht: Das 5G - Netz wird in Zukunft die zentrale kritische Infrastruktur für wesentliche gesellschaftliche und wirtschaftliche Funktionen sein.",FALSE,19,AfD,2019-12-20,Democracy & Political System,goldstandard_codingsheet_FINAL_merged.xlsx
GS0128,Volker Beck__1,5,Ich möchte Ihnen das an zwei Beispielen verdeutlichen.,Law & Order and National Identity,Andere,,,,602,602 - National Way of Life: Negative,0.323093563318253,Migration,Migration,Migration liberal,0,Dies zeigt sich gerade beim Umgang mit den Verbrechen der NS - Zeit.,Die Auseinandersetzung mit unserer Vergangenheit sowie die Entschädigung und Rehabilitierung der Opfer des Nationalsozialismus sind wir nicht nur den Betroffenen schuldig; es ist auch ein wichtiger Beitrag zur Stärkung des Rechtsbewußtseins und der demokratischen Substanz unserer Gesellschaft.,FALSE,13,Grüne,1996-11-27,Migration liberal,goldstandard_codingsheet_FINAL_merged.xlsx
GS0417,Volker Beck__1,26,"Selbst in einem Land wie Israel, das sehr religiös geprägt ist, ist dies eine Selbstverständlichkeit.",Law & Order and National Identity,Andere,,,,604,604 - Traditional Morality: Negative,0.794924974441528,Law & Order and National Identity,,,0,In einer Reihe anderer NATO - Staaten stellen schwule Offiziere und Ausbilder kein Problem dar.,"Meine Damen und Herren, in nächster Zeit stehen einige Gerichtsentscheidungen an.",FALSE,14,Grüne,2000-03-23,Law & Order and National Identity,goldstandard_codingsheet_FINAL_merged.xlsx
GS0061,Volker Kauder__1,23,"– Wenn ich die Diskussionen der letzten Zeit an mir vorüberziehen lasse, dann habe ich aber allen Grund, auch zu sagen: Auch diejenigen, die sagen, dass sie dem Gesetzentwurf „ Ehe für alle “ aufgrund ihrer christlichen und ihrer persönlichen Überzeugung nicht zustimmen können, haben denselben Respekt verdient.",Law & Order and National Identity,Andere,,,,603,603 - Traditional Morality: Positive,0.516800999641419,Law & Order and National Identity,,,0,"Liebe Kolleginnen, liebe Kollegen, unabhängig davon, wie die Entscheidung ausfallen wird – man kann es ja schon voraussagen –, sage ich für mich und auch für meine Fraktion: Wir haben Respekt vor der Haltung eines jeden Kollegen und einer jeden Kollegin.",,FALSE,18,CDU/CSU,2017-06-30,Law & Order and National Identity,goldstandard_codingsheet_FINAL_merged.xlsx
GS0016,Volker Ullrich__1,19,Vielen Dank.,Nicht zuordenbar (000),Andere,,,,305,305 - Political Authority,0.979795575141907,Democracy & Political System,,,1,"Das haben wir über 75 Jahre erreicht, und wir wollen mit einem guten Antrag daran arbeiten, dass das so weitergeht.",,TRUE,18,CDU/CSU,2015-03-19,Democracy & Political System,goldstandard_codingsheet_FINAL_merged.xlsx
GS0067,Volker Ullrich__1,21,"Wie diese Mitwirkungspflicht erfüllt wird, sollten wir möglicherweise auch im Rahmen der Geschäftsordnung festlegen.",Democracy & Political System,Andere,203 - Constitutionalism: Positive,,,204,204 - Constitutionalism: Negative,0.329655110836029,Democracy & Political System,,,0,Das sind wir der Machtbalance zwischen beiden Verfassungsorganen schuldig.,"Letzten Endes wird sicherlich die Frage erlaubt sein, ob diese Änderung verfassungspolitisch in der Verfassungspraxis eine tatsächliche Änderung bringt oder nicht.",FALSE,18,CDU/CSU,2014-10-09,Democracy & Political System,goldstandard_codingsheet_FINAL_merged.xlsx
GS0256,Volker Ullrich__1,25,"Wir dürfen nicht schweigen über Antisemitismus, der sich mit Verschwörungstheorien durch Chatgruppen frisst und droht, die Mitte der Gesellschaft zu vergiften: vermeintliche Kritik am Staat Israel, die aber nur als Deckmantel für Antisemitismus steht.",Law & Order and National Identity,Andere,,,,602,602 - National Way of Life: Negative,0.382520884275436,Migration,Migration,Migration liberal,0,"Und er beginnt nicht mit strafbaren Handlungen; das wäre eine unzulässige Verengung, eine geradezu gefährliche Sichtweise.",Dazu zählen auch kulturelle Vorkommnisse wie dieses Jahr auf der Documenta.,FALSE,20,CDU/CSU,2022-11-09,Migration liberal,goldstandard_codingsheet_FINAL_merged.xlsx
GS0207,Volker Wissing__2,18,Nach der größten Steuererhöhung in der Geschichte unseres Landes kommt jetzt der größte Schuldenberg.,Economy,Staatsintervention,,,,414,414 - Economic Orthodoxy,0.81271243095398,Economy,Economy,Marktliberalismus,0,Diese Regierung ist eine Regierung der Superlative.,"Wir beraten heute den größten anzunehmenden Unfug, einen Super-GAU dieser Großen Koalition.",FALSE,16,FDP,2009-03-19,Marktliberalismus,goldstandard_codingsheet_FINAL_merged.xlsx
GS0114,Winfried Hermann__2,4,"Immissionen durch Aktivitäten in Sportanlagen möchte die Linke rechtlich nicht mit den Immissionen durch Gewerbe - oder Verkehrslärm gleichgesetzt wissen, da es sich bei Ersterem um eine Ausdrucksform und Begleiterscheinungen sozialen Verhaltens handelt.",Welfare & Social Policy,keine klare Richtung,,,,502,502 - Culture: Positive,0.421426653862,Welfare & Social Policy,,,0,"Richtig ist: Die Sportvereine können ihrer Aufgabe nur dann nachkommen, wenn genügend Sportanlagen im Wohnumfeld zur Verfügung stehen.","Sportanlagen sollten deswegen nicht in erster Linie als regelungsbedürftige Störungen, sondern als Bereicherung des sozialen und kulturellen Lebens angesehen werden.",FALSE,17,Grüne,2010-05-20,Welfare & Social Policy (sonstige),goldstandard_codingsheet_FINAL_merged.xlsx
GS0050,Winfried Nachtwei__1,43,"Wir haben beispielsweise zu überprüfen - dieser Punkt ist seit gestern wieder verstärkt in der Diskussion -, welche Form von Multiethnizität im Kosovo notwendig und möglich ist und überhaupt eine Perspektive hat.",Foreign Policy & Defence,Andere,,,,607,607 - Multiculturalism: Positive,0.856728494167328,Migration,Migration,Migration liberal,0,Zugleich aber - wir haben es hier nicht mit einem mechanistischen Dogma zu tun - müssen wir einige Punkte überprüfen.,"Auch dies ist eine Diskussion, die weitergeführt werden muss.",FALSE,15,Grüne,2004-09-08,Migration liberal,goldstandard_codingsheet_FINAL_merged.xlsx
GS0150,Wolfgang Gehrcke__1,66,– Man kann das nicht oft genug sagen.,Democracy & Political System,Andere,,,,201,201 - Freedom and Human Rights,0.919807732105255,Democracy & Political System,,,0,"Ich würde mich sehr freuen, wenn diese Bundestagssitzung dem neuen Präsidenten der USA deutlich machte, dass Guantánamo schnellstens aufgelöst und die Menschen freigelassen werden müssen.","Man kann nicht über Menschenrechte diskutieren, ohne auf diese Wunde aufmerksam zu machen.",FALSE,16,Linke,2008-12-05,Democracy & Political System,goldstandard_codingsheet_FINAL_merged.xlsx
GS0242,Wolfgang Gerhardt__1,46,"Das zeigt, daß der umgekehrte Weg von Senkung und Entlastung die einzige Chance ist.",Welfare & Social Policy,Sozialstaat Ausbau,,,,505,505 - Welfare State Limitation,0.857246339321137,Welfare & Social Policy,Welfare,Sozialstaat Begrenzung,0,-- Aber wir haben Probleme.,"Ich will noch einmal -- auch für die Öffentlichkeit -- sagen: Macht eine Koalition, die mit der SPD vor vier Monaten Kindergeld von 70 auf 200 DM erhöht und 7,2 Milliarden DM Familienleistungsausgleich geschaffen hat, eigentlich einen politischen Fehler und schädigt sie die Zukunft des Landes, wenn sie jetzt darum bittet, die nächste Erhöhungsstufe erst im nächsten Jahr zu verwirklichen?",FALSE,13,FDP,1996-04-26,Sozialstaat Begrenzung,goldstandard_codingsheet_FINAL_merged.xlsx
GS0083,Wolfgang Hellmich__1,26,Ohne ihre Hilfe und ohne ihren Einsatz gäbe es noch mehr Opfer.,Foreign Policy & Defence,Andere,,,,107,107 - Internationalism: Positive,0.669398486614227,Foreign Policy & Defence,,,0,"Ich danke den Helferinnen und Helfern des Roten Kreuzes und der anderen internationalen Organisationen, die unter Einsatz ihres Lebens im Libanon, in Syrien, an den Grenzen humanitäre Hilfe leisten.","Eine kurze Waffenruhe, sei es nur für wenige Stunden oder Tage, könnte Zugang zu Verletzten und den mehr als 4 Millionen Binnenflüchtlingen in Syrien schaffen und somit das humanitäre Elend lindern.",FALSE,17,SPD,2013-06-27,Foreign Policy & Defence,goldstandard_codingsheet_FINAL_merged.xlsx
GS0025,Wolfgang Kubicki__1,31,Wir sollten dem Beispiel unserer dänischen Freunde folgen und konsequent den Weg zur Normalität gehen.,Democracy & Political System,Andere,,,,201,201 - Freedom and Human Rights,0.288433015346527,Democracy & Political System,,,0,"Es wird Zeit, dass das Prinzip der Eigenverantwortung wieder zum tragenden Element unseres Zusammenlebens wird.",Herzlichen Dank.,FALSE,19,FDP,2021-09-07,Democracy & Political System,goldstandard_codingsheet_FINAL_merged.xlsx
GS0095,Wolfgang Lohmann__1,97,"Angesichts der Herausforderungen, vor denen unser Gesundheitswesen steht, ist der Kompromiss im Grunde unverantwortlich.",Welfare & Social Policy,Sozialstaat Ausbau,,,,504,504 - Welfare State Expansion,0.555652737617493,Welfare & Social Policy,Welfare,Sozialstaat Ausbau,0,"Statt selbst ein Konzept auf der Grundlage der von Ihrem Ressort eingeholten Gutachten zu erstellen, zwingen Sie erst die Gutachter für sich und dann die Kassen am runden Tisch zu einer gemeinsamen Lösung.","Frau Ministerin, ich rate dringend, sich wieder der am Gemeinwohl aus gerichteten Politik zuzuwenden.",FALSE,14,CDU/CSU,2001-05-17,Sozialstaat Ausbau,goldstandard_codingsheet_FINAL_merged.xlsx
GS0011,Wolfgang Schäuble__1,18,"Aber, verehrte Kolleginnen und Kollegen, wenn wir unsere Verantwortung für Frieden, für Freiheit und für Menschenrechte ernst nehmen, haben wir keine Alternative.",Foreign Policy & Defence,Andere,,,,201,201 - Freedom and Human Rights,0.463054805994034,Democracy & Political System,,,0,Das ist nach meiner Erinnerung eine der bittersten Stunden in meiner auch nicht mehr ganz jungen Laufbahn als Mitglied dieses Hauses.,Deswegen muß unser geschlossener Appell an den Aggressor lauten: Das Morden in Europa muß aufhören!,FALSE,14,CDU/CSU,1999-03-25,Democracy & Political System,goldstandard_codingsheet_FINAL_merged.xlsx
GS0424,Wolfgang Schäuble__1,119,Das ist die Wahrheit!,Economy,Wirtschaft Allgemein,,,,701,701 - Labour Groups: Positive,0.871204137802124,Social Groups,,,0,"Angesichts einer sich so dramatisch veränderden Arbeitswelt werden in den großen Industrieunternehmen, in den großen Verwaltungen keine zusätzlichen Arbeitsplätze geschaffen -- weder bei VW noch bei den großen Banken oder Versicherungen.","Das ist bitter, hat aber mit der Mobilität von Information zu tun, mit der Modernität von Wirtschaft, Gesellschaft, Wissenschaft und Technik.",FALSE,13,CDU/CSU,1996-06-14,Social Groups,goldstandard_codingsheet_FINAL_merged.xlsx
GS0147,Wolfgang Schäuble__1,62,"Mit den neuen Regeln im gerade geänderten Zuwanderungs - und Bleiberecht haben wir auch die Hürden für Ausländer, die in Deutschland investieren und Arbeitsplätze schaffen wollen, weiter gesenkt.",Migration,Migration liberal,,,,607,607 - Multiculturalism: Positive,0.235491380095482,Migration,Migration,Migration liberal,0,"Es empfiehlt sich allerdings, sie zu kennen, bevor man sie kritisiert.",Die Mindestinvestitionssumme ist auf eine halbe Million Euro und die Zahl der zu schaffenden Arbeitsplätze auf fünf halbiert worden.,FALSE,16,CDU/CSU,2007-10-12,Migration liberal,goldstandard_codingsheet_FINAL_merged.xlsx
GS0158,Wolfgang Spanier__1,39,Dort ist die Zahl der Baugenehmigungen und Fertigstellungen dementsprechend deutlich höher.,Economy,Wirtschaft Allgemein,,,,403,403 - Market Regulation,0.316151022911072,Economy,Economy,Staatsintervention,0,In weiten Teilen gibt es einen gesättigten Wohnungsmarkt und nur in einigen Ballungszentren gibt es noch Wohnungs nachfrage.,"Wenn ich das letzte Jahr betrachte, stelle ich fest, dass die Mieten, inklusive der Mietnebenkosten, um 1,4 Prozent gestiegen sind.",FALSE,14,SPD,2002-06-13,Staatsintervention,goldstandard_codingsheet_FINAL_merged.xlsx
GS0155,Wolfgang Wieland__1,47,Warum brauchen Sie einen zwangsverpflichteten Datenschutzbeauftragten?,Democracy & Political System,Andere,,,,201,201 - Freedom and Human Rights,0.765532314777374,Democracy & Political System,,,0,Warum brauchen Sie fünf Menschen für ein Expertengremium beim Bundesbeauftragten für den Datenschutz und die Informationsfreiheit?,"Ein Richter würde ausreichen – aber davor drücken Sie sich –, der das Ganze anordnet, wie es auch sonst im Polizeirecht üblich ist, wenn in die Rechtssphäre der Bürger relevant und nicht zufällig eingegriffen wird.",FALSE,16,Grüne,2009-06-18,Democracy & Political System,goldstandard_codingsheet_FINAL_merged.xlsx
