cs_id,y_true_000,pred_prob_000
CS10001,0,0.2208850254880195
CS10002,0,0.16772739738939005
CS10003,0,0.34645622880312776
CS10004,0,0.37514531356389297
CS10005,0,0.033704471712823106
CS10006,0,0.03857681908210727
CS10007,1,0.8561128433686295
CS10008,0,0.023584023487566955
CS10009,1,0.388705211772863
CS10010,0,0.044833501907665024
CS10011,0,0.0679510502205194
CS10012,1,0.5633942724052944
CS10013,0,0.01469298510290878
CS10014,0,0.06110760494615544
CS10015,0,0.13429160267094195
CS10016,0,0.012325239121487539
CS10017,0,0.6576373930822424
CS10018,0,0.04542066305157042
CS10019,0,0.02707751889931963
CS10020,0,0.3047897875844093
CS10021,1,0.687982655086784
CS10022,1,0.26004702434000926
CS10023,0,0.04876746009708386
CS10024,0,0.02944873894468797
CS10025,1,0.031093098209779825
CS10026,1,0.8094544349873342
CS10027,1,0.6573941105928768
CS10028,0,0.03638397477353815
CS10029,1,0.7451841091908862
CS10030,0,0.03130197407048963
CS10031,1,0.2131996972217749
CS10032,0,0.06861077080951007
CS10033,0,0.11024028969094099
CS10034,1,0.7603875443390051
CS10035,0,0.03326433699170262
CS10036,0,0.10171506009776056
CS10037,1,0.4808038560752212
CS10038,0,0.021998391503223524
CS10039,1,0.28703392412962736
CS10040,0,0.03178708056749678
CS10041,0,0.011662826140891716
CS10042,0,0.1194155216204313
CS10043,0,0.3228281697003354
CS10044,0,0.04036815063363031
CS10045,1,0.025425939226057688
CS10046,0,0.11877658809169538
CS10047,0,0.025209454717938642
CS10048,0,0.0710391275696903
CS10049,0,0.2073951803243471
CS10050,1,0.9868125278758183
CS10051,0,0.1259360091426174
CS10052,0,0.759551889757063
CS10053,0,0.04675571703028589
CS10054,0,0.246851921846817
CS10055,1,0.36610054714728263
CS10056,0,0.04521100956848221
CS10057,1,0.11468538889267291
CS10058,0,0.024526163111119118
CS10059,1,0.838710183522959
CS10060,1,0.1035621023888385
CS10061,0,0.14635902474422532
CS10062,0,0.09809167054684968
CS10063,0,0.07192847416483837
CS10064,0,0.1863878319342739
CS10065,1,0.04864142040693628
CS10066,0,0.7129409642452986
CS10067,0,0.022047269873088363
CS10068,0,0.05712410050362744
CS10069,1,0.026849721053550074
CS10070,0,0.16267993057010394
CS10071,0,0.4022632227357787
CS10072,0,0.016130578165265037
CS10073,1,0.2585922385115765
CS10074,1,0.7926287273540911
CS10075,0,0.7216533167261149
CS10076,1,0.3570921924210906
CS10077,0,0.03760991272232657
CS10078,1,0.1988567377450931
CS10079,0,0.15888620783198273
CS10080,1,0.8064613496965546
CS10081,0,0.09557338582100512
CS10082,1,0.986547275217603
CS10083,0,0.32498509120696717
CS10084,0,0.23341898032034625
CS10085,0,0.015177397226783636
CS10086,0,0.009341342126632983
CS10087,0,0.14173824669866741
CS10088,0,0.01660219983602645
CS10089,0,0.07029626354652048
CS10090,1,0.9866997224742158
CS10091,0,0.3191186289930993
CS10092,0,0.050408243354351234
CS10093,0,0.09300019248758028
CS10094,1,0.9814614890482224
CS10095,0,0.2941149373088952
CS10096,0,0.027588171125507918
CS10097,0,0.024101518332471098
CS10098,1,0.21633044134367718
CS10099,0,0.2822671539736616
CS10100,0,0.1413229957325194
CS10101,1,0.2600333169969974
CS10102,0,0.1811657778101447
CS10103,0,0.1378191510527854
CS10104,1,0.9829721065076232
CS10105,0,0.14246996112673957
CS10106,0,0.08095044121666317
CS10107,0,0.04938023308028226
CS10108,1,0.9821336359613413
CS10109,0,0.10369101061159251
CS10110,0,0.021770777440312732
CS10111,0,0.009533723566249952
CS10112,1,0.1191289489890076
CS10113,1,0.399550785664582
CS10114,0,0.05545577489973508
CS10115,0,0.033820576623499535
CS10116,1,0.5892369218180271
CS10117,0,0.022111671952245247
CS10118,1,0.9899538748785965
CS10119,0,0.3599327160649482
CS10120,0,0.048423846678050525
CS10121,0,0.05514175047512792
CS10122,0,0.12217675519380916
CS10123,1,0.8919680920317308
CS10124,0,0.07608510011842103
CS10125,1,0.11348860306671632
CS10126,0,0.005001634824241411
CS10127,0,0.39150198490486926
CS10128,0,0.01303468418912948
CS10129,0,0.6186120992778236
CS10130,0,0.1917550175392387
CS10131,1,0.05334183777342805
CS10132,0,0.014779805334255942
CS10133,0,0.8211506002377789
CS10134,0,0.01882651986332335
CS10135,0,0.06210867049163489
CS10136,0,0.08238237214715123
CS10137,0,0.41754696173296946
CS10138,0,0.04724992135170591
CS10139,0,0.014411174846501666
CS10140,0,0.0938784677145225
CS10141,1,0.7499376872341436
CS10142,1,0.5921733675423374
CS10143,0,0.38115141573288935
CS10144,0,0.09292171041726974
CS10145,0,0.13762166463705303
CS10146,0,0.056114770336289664
CS10147,0,0.03302023594940597
CS10148,0,0.0632034934219988
CS10149,0,0.012493480483134865
CS10150,0,0.06722363142178156
CS10151,0,0.1386511715537742
CS10152,0,0.07462808598284938
CS10153,0,0.3370062838386507
CS10154,0,0.13598715618678456
CS10155,0,0.033559079214997276
CS10156,0,0.03516890011768766
CS10157,0,0.06655714079952009
CS10158,0,0.051441489484899676
CS10159,0,0.02882699198115501
CS10160,1,0.9834023633526728
CS10161,1,0.8448280130699772
CS10162,0,0.053070747943618685
CS10163,0,0.14562081696106818
CS10164,0,0.26642904100383513
CS10165,1,0.46873097976840294
CS10166,1,0.17357449352037124
CS10167,0,0.23172727612819202
CS10168,0,0.15991927454636895
CS10169,0,0.02381621028374819
CS10170,0,0.3514372289241732
CS10171,0,0.6013336628836872
CS10172,1,0.2702815514358194
CS10173,0,0.03932958450275932
CS10174,1,0.2841097385576794
CS10175,0,0.01642479836228852
CS10176,0,0.006562920465539103
CS10177,0,0.3350977162968917
CS10178,0,0.09585254544860101
CS10179,0,0.34896083917977355
CS10180,0,0.14363524984380524
CS10181,1,0.22315382788517515
CS10182,0,0.48935095454055494
CS10183,0,0.04890365864847496
CS10184,1,0.6828779110274361
CS10185,0,0.10729900859282238
CS10186,0,0.2403842330888113
CS10187,1,0.9879916984541448
CS10188,1,0.35396865684039175
CS10189,0,0.10392650140592212
CS10190,0,0.11794176942076134
CS10191,0,0.03249251138997457
CS10192,0,0.05754307558460886
CS10193,1,0.9801598809735281
CS10194,0,0.03958426502475711
CS10195,0,0.057992140529411235
CS10196,0,0.1040493434524973
CS10197,0,0.13421577485703057
CS10198,0,0.14063653260064696
CS10199,0,0.15390698386869706
CS10200,1,0.9900247519400431
CS10201,0,0.00994918004658254
CS10202,0,0.25770992259361697
CS10203,0,0.04459611689482756
CS10204,0,0.033861756048409734
CS10205,1,0.9872399630474078
CS10206,1,0.9551125240911811
CS10207,0,0.017997797197540733
CS10208,1,0.22918750925335868
CS10209,0,0.0666686476792671
CS10210,0,0.0556984925763073
CS10211,0,0.013707531970656956
CS10212,0,0.09580822784405063
CS10213,0,0.17412550981868505
CS10214,0,0.29011489284496134
CS10215,0,0.07634386425492923
CS10216,0,0.2835217972757646
CS10217,0,0.2930685674582869
CS10218,0,0.11668256734682159
CS10219,0,0.1377827934775845
CS10220,1,0.26456368751596593
CS10221,0,0.024481740748632963
CS10222,1,0.3335122039825959
CS10223,0,0.18080297320512753
CS10224,0,0.13200959058936693
CS10225,0,0.020573710316583522
CS10226,0,0.2000013004652437
CS10227,0,0.10345934648264239
CS10228,0,0.12899093411022639
CS10229,0,0.24615469899210196
CS10230,0,0.031077602642519228
CS10231,0,0.023668007795735087
CS10232,1,0.6108279350082075
CS10233,0,0.11888538662908214
CS10234,0,0.01050063798817945
CS10235,0,0.17972127007930971
CS10236,1,0.1653380332293546
CS10237,0,0.01761693996312522
CS10238,0,0.02395927320908295
CS10239,0,0.053536379011019854
CS10240,0,0.09696576148228467
CS10241,0,0.09383443112439137
CS10242,0,0.16939616724299733
CS10243,0,0.07100825437616608
CS10244,1,0.3878400183549367
CS10245,0,0.13040159903005222
CS10246,0,0.06548518205929037
CS10247,0,0.2058584198824745
CS10248,0,0.22575808785495413
CS10249,0,0.01357928509296778
CS10250,0,0.37181025336232504
CS10251,0,0.09758518634386099
CS10252,1,0.03259249412309806
CS10253,1,0.2379601245360811
CS10254,0,0.038562637838865536
CS10255,1,0.3247642913884442
CS10256,0,0.1428718727200019
CS10257,0,0.10638456514850417
CS10258,1,0.2850304311766541
CS10259,0,0.23951610639265458
CS10260,1,0.18248902516626572
CS10261,0,0.022781999389505245
CS10262,0,0.0497988371625309
CS10263,0,0.5843364516205939
CS10264,0,0.7072644113848675
CS10265,1,0.7544935578196473
CS10266,0,0.3388938298453118
CS10267,0,0.4655901669622036
CS10268,0,0.05328108853029259
CS10269,0,0.27937246917307124
CS10270,0,0.5878463195345158
CS10271,0,0.026799563580655848
CS10272,0,0.08633472564211064
CS10273,0,0.20958370114210734
CS10274,0,0.007589593573299833
CS10275,0,0.006787519104764545
CS10276,0,0.17234786445501224
CS10277,0,0.04044760127539051
CS10278,0,0.12378114973777858
CS10279,1,0.985771286762973
CS10280,0,0.1446049127016031
CS10281,0,0.014141555541364802
CS10282,0,0.04331492490328128
CS10283,1,0.9533799908680514
CS10284,1,0.9827008598434124
CS10285,0,0.02539896484653551
CS10286,1,0.9836962814012282
CS10287,0,0.02122935197714223
CS10288,0,0.040020250099596755
CS10289,0,0.2294406149561617
CS10290,1,0.16614046518692946
CS10291,0,0.0762892915241168
CS10292,0,0.018577953402037484
CS10293,0,0.03467884196327166
CS10294,1,0.981017372783602
CS10295,0,0.16782382988134634
CS10296,0,0.08885169328250674
CS10297,0,0.10993394462183707
CS10298,0,0.06723767949336655
CS10299,0,0.02055457906714125
CS10300,0,0.1297537859868564
CS10301,0,0.07323263445987337
CS10302,1,0.15514537668214667
CS10303,0,0.4754559096746681
CS10304,0,0.014780036145330204
CS10305,0,0.1902837935966223
CS10306,0,0.10691844162435028
CS10307,0,0.026365704533697718
CS10308,0,0.15542806725451608
CS10309,0,0.057590439823118025
CS10310,1,0.38365541313394286
CS10311,0,0.12415083603137658
CS10312,0,0.07561174517894946
CS10313,1,0.3419669892252702
CS10314,0,0.03663146158666155
CS10315,0,0.6015090040386831
CS10316,0,0.055761560150280415
CS10317,0,0.15791299852613258
CS10318,0,0.20948768107912413
CS10319,1,0.19288345560016093
CS10320,0,0.02236572622741567
CS10321,1,0.13073337325307835
CS10322,0,0.05795320325209244
CS10323,0,0.017333782523347746
CS10324,0,0.3488952246609927
CS10325,1,0.5646647783304868
CS10326,0,0.06172933057845995
CS10327,0,0.1023904380512763
CS10328,1,0.8706634009480682
CS10329,0,0.013874634258382782
CS10330,0,0.012378336133496669
CS10331,0,0.02123909116298834
CS10332,0,0.013606630708784415
CS10333,0,0.0369910564785773
CS10334,1,0.47505716468725745
CS10335,0,0.15524013739891965
CS10336,0,0.21739209215840502
CS10337,0,0.4526763566399639
CS10338,0,0.02279533367389059
CS10339,1,0.13234984487812582
CS10340,0,0.11146561185316604
CS10341,0,0.016121222744230654
CS10342,1,0.9795863209640263
CS10343,0,0.14193148868377486
CS10344,0,0.0203933055472026
CS10345,0,0.04163134513985529
CS10346,0,0.15195505510252144
CS10347,1,0.14081017045098337
CS10348,0,0.03075228706561752
CS10349,0,0.11825856072115028
CS10350,0,0.05044832980203993
CS10351,0,0.15600174828512042
CS10352,0,0.29239254313993507
CS10353,0,0.047212477084418766
CS10354,1,0.0199962389220653
CS10355,0,0.013589017991806026
CS10356,0,0.034170550010586165
CS10357,0,0.42886055050248034
CS10358,1,0.989212978214885
CS10359,0,0.13198711469867366
CS10360,0,0.15539534267503097
CS10361,0,0.11308962805814918
CS10362,0,0.11786419648095915
CS10363,0,0.07183008858173039
CS10364,0,0.035311941080370536
CS10365,1,0.8543627907936803
CS10366,0,0.33529013135592417
CS10367,1,0.9723868349318613
CS10368,0,0.07839474785448378
CS10369,0,0.02523122021670116
CS10370,0,0.11949909246981551
CS10371,1,0.5173921549520205
CS10372,0,0.3638227057454892
CS10373,0,0.06846994405837747
CS10374,1,0.22250705592419773
CS10375,0,0.170581958903487
CS10376,0,0.03640556864978678
CS10377,0,0.49255657711712064
CS10378,1,0.6871974933847617
CS10379,1,0.019764279380774196
CS10380,0,0.1264474461846303
CS10381,0,0.0634616626395608
CS10382,0,0.02510929476119615
CS10383,0,0.08549968490853813
CS10384,0,0.06320918520667254
CS10385,0,0.01964348115544589
CS10386,1,0.10173025492041743
CS10387,1,0.9880126394066824
CS10388,0,0.03618054361115425
CS10389,1,0.989272105316811
CS10390,0,0.05355660786490794
CS10391,0,0.3004599001434109
CS10392,0,0.03316452038803241
CS10393,0,0.06063143009314713
CS10394,0,0.0062326080840596374
CS10395,1,0.9866756267397496
CS10396,0,0.1314873418086654
CS10397,0,0.43227846359134536
CS10398,0,0.2468443158172407
CS10399,0,0.10702563202647251
CS10400,0,0.012296101833335378
CS10401,1,0.4523479270684049
CS10402,0,0.23436374619036437
CS10403,1,0.1929290133339213
CS10404,0,0.2789041174157827
CS10405,1,0.2973380153701242
CS10406,0,0.11251571505287372
CS10407,1,0.21201568675443236
CS10408,1,0.9413971698931514
CS10409,0,0.013643523597593661
CS10410,0,0.07537831282705075
CS10411,0,0.16565183228442518
CS10412,0,0.05709648616199464
CS10413,1,0.6208879455751607
CS10414,0,0.143651100164321
CS10415,1,0.6889968946990624
CS10416,0,0.1609796050316724
CS10417,0,0.08033160321591733
CS10418,1,0.985771286762973
CS10419,1,0.7028810908901333
CS10420,0,0.027287635318385933
CS10421,0,0.23880898602005915
CS10422,0,0.018584894422834834
CS10423,0,0.3136043807227043
CS10424,0,0.36308157422598447
CS10425,0,0.06377929939458209
CS10426,0,0.4795369642186154
CS10427,0,0.04692811896925328
CS10428,1,0.6142513114044932
CS10429,0,0.07200303285385018
CS10430,0,0.03543804753608846
CS10431,0,0.08849190854397339
CS10432,0,0.06274514513301613
CS10433,1,0.6599802079218775
CS10434,0,0.15482770469301438
CS10435,0,0.15585657242428452
CS10436,0,0.08730330096303689
CS10437,0,0.01279490064099678
CS10438,0,0.060427993885840164
CS10439,0,0.3270804069324228
CS10440,1,0.9771704906166564
CS10441,0,0.22734956051839492
CS10442,0,0.0819580381350765
CS10443,1,0.8350729653678738
CS10444,0,0.04924857645314677
CS10445,0,0.3980116503482791
CS10446,0,0.0732915312392418
CS10447,1,0.6805662002525538
CS10448,1,0.9842611472311394
CS10449,0,0.051498938592584184
CS10450,0,0.1541188927754578
CS10451,0,0.042574250000984526
CS10452,0,0.3473058873761927
CS10453,0,0.014268464672925718
CS10454,0,0.1522698319541866
CS10455,0,0.3904524016650478
CS10456,0,0.05482729341660036
CS10457,0,0.029106923126260165
CS10458,1,0.06717865775424887
CS10459,0,0.025091031993179885
CS10460,0,0.05711687778537973
CS10461,0,0.05789697664016268
CS10462,1,0.9817084833964103
CS10463,0,0.1363345350335553
CS10464,0,0.1683090692285484
CS10465,0,0.5500175836585072
CS10466,0,0.012461900913882168
CS10467,0,0.10421153570865675
CS10468,0,0.02679757784868475
CS10469,1,0.28911922437876403
CS10470,0,0.007436407857262236
CS10471,0,0.12785340199063333
CS10472,0,0.4037312984230632
CS10473,0,0.36232706967692535
CS10474,1,0.9798601061115998
CS10475,0,0.07248396076419725
CS10476,0,0.023652868593061475
CS10477,0,0.012493045982713944
CS10478,1,0.8020293046226832
CS10479,1,0.23326324966953155
CS10480,0,0.007490611580189929
CS10481,0,0.1666317784552305
CS10482,0,0.09891039963812966
CS10483,0,0.15156252359943861
CS10484,0,0.01968336486250512
CS10485,1,0.8063255809797483
CS10486,1,0.9699183299596458
CS10487,0,0.049850487591365907
CS10488,0,0.10332991937764614
CS10489,0,0.145933183913723
CS10490,0,0.08376848247556845
CS10491,0,0.04024425129921289
CS10492,0,0.06589644395029438
CS10493,0,0.3066318177459801
CS10494,0,0.5008370154140316
CS10495,0,0.03877671404764115
CS10496,1,0.982638204738042
CS10497,0,0.03538292682767807
CS10498,1,0.9747235711981117
CS10499,0,0.27169542734796737
CS10500,0,0.05250778522822919
CS10501,1,0.9804140208871613
CS10502,1,0.974081592565487
CS10503,0,0.35169384017925265
CS10504,0,0.03179222170614247
CS10505,0,0.04203977003989589
CS10506,0,0.023863694778088126
CS10507,0,0.1190884750983402
CS10508,0,0.0522975115865947
CS10509,1,0.9892335509054853
CS10510,0,0.07308034494272915
CS10511,1,0.6962350596032542
CS10512,1,0.6643229816629731
CS10513,0,0.013226736463121764
CS10514,0,0.1746082871878611
CS10515,1,0.6044577848325847
CS10516,0,0.04269886622778253
CS10517,0,0.2532825116462789
CS10518,0,0.46921299957856105
CS10519,1,0.2957951945815039
CS10520,0,0.04037140097101386
CS10521,1,0.987996646767301
CS10522,0,0.23567934606123628
CS10523,0,0.1167562184121574
CS10524,0,0.10801391821087095
CS10525,0,0.053443124631068754
CS10526,0,0.01670339770268448
CS10527,0,0.016731014455082766
CS10528,0,0.5552529474568844
CS10529,1,0.9885582131849838
CS10530,0,0.24137036611440293
CS10531,0,0.06298513524511737
CS10532,0,0.024990367236582323
CS10533,0,0.02131396049909312
CS10534,0,0.0334911835653854
CS10535,0,0.23984774546268592
CS10536,0,0.05631469140241319
CS10537,0,0.17092277610373943
CS10538,0,0.13592183405678812
CS10539,0,0.11228296754644822
CS10540,0,0.06822971648926082
CS10541,0,0.11348118710397193
CS10542,1,0.5560333362619571
CS10543,0,0.016750208510762143
CS10544,0,0.009763026242602401
CS10545,0,0.10942309748465319
CS10546,0,0.01936584423679316
CS10547,0,0.07046197408631694
CS10548,0,0.29320672571769285
CS10549,0,0.018853480541508014
CS10550,0,0.0660941622815806
CS10551,0,0.05216246545104387
CS10552,0,0.20533042278895486
CS10553,0,0.070308489224811
CS10554,0,0.3395131482738618
CS10555,0,0.08809405228980871
CS10556,0,0.08484318058011854
CS10557,0,0.02774498703713069
CS10558,1,0.979886377257464
CS10559,0,0.012617061915693057
CS10560,0,0.06951367557203347
CS10561,1,0.5617797863026892
CS10562,1,0.16341424124927573
CS10563,1,0.9804831363576786
CS10564,0,0.01784329726202181
CS10565,0,0.20138872413762612
CS10566,0,0.1793583986994889
CS10567,0,0.12186288603457385
CS10568,0,0.18548431905918428
CS10569,0,0.07987212499376577
CS10570,0,0.029490445952066676
CS10571,1,0.31783667128290455
CS10572,0,0.12784970680933572
CS10573,1,0.9794697613271741
CS10574,1,0.05949254236583459
CS10575,0,0.05266860932537629
CS10576,0,0.05135182733774381
CS10577,1,0.2942162436616459
CS10578,0,0.05278562926770706
CS10579,0,0.11092684664040353
CS10580,0,0.028028800776665915
CS10581,1,0.9636561068836942
CS10582,0,0.11706256304289919
CS10583,1,0.5267533373749841
CS10584,0,0.031649355015263655
CS10585,0,0.40232968967558946
CS10586,1,0.9789759780787644
CS10587,0,0.18528015960676622
CS10588,0,0.023885245467090407
CS10589,1,0.6359248771934578
CS10590,0,0.07383458796073285
CS10591,0,0.014226356991113614
CS10592,0,0.22130424608290147
CS10593,0,0.09959021829825282
CS10594,1,0.44698414748791243
CS10595,0,0.01739116121326339
CS10596,1,0.9799687442971993
CS10597,1,0.9799105420355502
CS10598,0,0.2637119612946846
CS10599,0,0.058303907286983245
CS10600,0,0.11293500768150264
CS10601,0,0.13445252288820042
CS10602,1,0.20947052392056886
CS10603,1,0.16627709044154962
CS10604,0,0.2496802926180491
CS10605,0,0.0604559884808374
CS10606,0,0.1673527195673666
CS10607,0,0.1303269580043588
CS10608,0,0.03938230058403143
CS10609,0,0.04533583423911659
CS10610,0,0.09125062305344124
CS10611,0,0.013781339244470793
CS10612,0,0.24322802635174331
CS10613,0,0.037113561821191236
CS10614,1,0.9612152998242792
CS10615,0,0.21572800761540312
CS10616,0,0.009447545973977874
CS10617,0,0.018833532386330204
CS10618,0,0.055687672323407024
CS10619,1,0.5255284315051706
CS10620,0,0.18430565160584028
CS10621,1,0.5997350348104612
CS10622,1,0.6646297328897708
CS10623,0,0.24332577854153392
CS10624,0,0.2489854751827013
CS10625,0,0.012522950869323667
CS10626,0,0.04933165058967946
CS10627,0,0.4279432268745844
CS10628,0,0.2106833525827472
CS10629,0,0.3611720317598489
CS10630,0,0.13641007933234
CS10631,0,0.04980810494951563
CS10632,1,0.5164910019674992
CS10633,0,0.06840716395353987
CS10634,0,0.05948430685401982
CS10635,1,0.16971999829445958
CS10636,0,0.09914307047431585
CS10637,0,0.09766059612349072
CS10638,0,0.3382727310852519
CS10639,0,0.14878113729918058
CS10640,0,0.015463012667003414
CS10641,0,0.047202699857788216
CS10642,0,0.015399201523434583
CS10643,0,0.0206280429997653
CS10644,1,0.9858080898285564
CS10645,0,0.10905774725831857
CS10646,0,0.5622323554575278
CS10647,0,0.10970256661635687
CS10648,0,0.18636495801060604
CS10649,1,0.5276354189155094
CS10650,0,0.04626636081657353
CS10651,0,0.01664448875254645
CS10652,0,0.18276123354737234
CS10653,0,0.23215402227796242
CS10654,0,0.007244488067584558
CS10655,0,0.053614255269764516
CS10656,0,0.05688597753165658
CS10657,0,0.06556790732546978
CS10658,0,0.21011396568372961
CS10659,1,0.751860598383504
CS10660,0,0.021959776102553265
CS10661,0,0.022163320845791507
CS10662,0,0.11678669256070291
CS10663,0,0.0666618858578286
CS10664,1,0.14265374778487971
CS10665,0,0.48255358294123585
CS10666,0,0.05007468355555819
CS10667,0,0.024776470944820675
CS10668,0,0.43377496586147124
CS10669,0,0.039511977806866674
CS10670,0,0.15012626358325715
CS10671,0,0.04105702659206119
CS10672,0,0.030789435778090915
CS10673,1,0.11610443120482479
CS10674,0,0.08828072335661073
CS10675,1,0.9743741053923646
CS10676,0,0.05265150810775473
CS10677,0,0.12015584822659858
CS10678,0,0.006215763717505534
CS10679,0,0.0161044398654679
CS10680,0,0.418799047325571
CS10681,1,0.021676375392157148
CS10682,0,0.023357657009359264
CS10683,0,0.06990566997046897
CS10684,0,0.1661461224195206
CS10685,1,0.5771334399134527
CS10686,0,0.29939954285578346
CS10687,0,0.13669730388784834
CS10688,0,0.055128435571685806
CS10689,0,0.03756617989832171
CS10690,0,0.08304917621858832
CS10691,0,0.1866816438294514
CS10692,0,0.04413171612721215
CS10693,1,0.14927496516994174
CS10694,1,0.1025926473352358
CS10695,1,0.6101935292396249
CS10696,0,0.1456813085602887
CS10697,1,0.9778489659403365
CS10698,0,0.5410169350411116
CS10699,1,0.21443973960332788
CS10700,0,0.006341819997532025
CS10701,0,0.04126536697244307
CS10702,0,0.01358896757517216
CS10703,0,0.009209122279027053
CS10704,0,0.16235606793275298
CS10705,1,0.9805514609692272
CS10706,0,0.020941957192484397
CS10707,1,0.947213120744126
CS10708,1,0.5314262999186956
CS10709,1,0.4918060793526459
CS10710,0,0.07358121594259247
CS10711,1,0.3538184871759055
CS10712,0,0.03421212532675203
CS10713,0,0.08872897686884572
CS10714,0,0.15953891537743173
CS10715,0,0.01402239520441481
CS10716,0,0.01717675960534115
CS10717,1,0.4148147413271031
CS10718,1,0.3183808644520816
CS10719,0,0.128064765450143
CS10720,0,0.014180989630847012
CS10721,0,0.42063902045861823
CS10722,1,0.27231299869834946
CS10723,0,0.03527208542409557
CS10724,0,0.06443345174433597
CS10725,0,0.06921844953729697
CS10726,1,0.35471603487460385
CS10727,0,0.0647845261807446
CS10728,0,0.03803571849906362
CS10729,0,0.049010634085438314
CS10730,0,0.2013339728547902
CS10731,0,0.28410147271346753
CS10732,0,0.013795089622426567
CS10733,1,0.43451760569264875
CS10734,1,0.41574576613219305
CS10735,1,0.21489418229819585
CS10736,0,0.048980737011681486
CS10737,0,0.055522523261354276
CS10738,0,0.09263706737052352
CS10739,1,0.40155895518399076
CS10740,0,0.04578103773369113
CS10741,0,0.005865865409531443
CS10742,0,0.03971100043731068
CS10743,0,0.016399200318638545
CS10744,1,0.7010846503626402
CS10745,0,0.05448798199966922
CS10746,1,0.035585971641929004
CS10747,0,0.06708938158793724
CS10748,0,0.020517120393069414
CS10749,0,0.12397356514198239
CS10750,1,0.9446313574561963
CS10751,1,0.3661133946787732
CS10752,0,0.14424882505100822
CS10753,0,0.08437958591065663
CS10754,0,0.3837081606101521
CS10755,0,0.12892121606070217
CS10756,1,0.4495490969572523
CS10757,0,0.028707889944221365
CS10758,0,0.21535599979796474
CS10759,0,0.03309168987402794
CS10760,1,0.18988155811422727
CS10761,0,0.3672849120455263
CS10762,0,0.013851262666551898
CS10763,0,0.07826885436942099
CS10764,1,0.9665003330534186
CS10765,0,0.05335440307786854
CS10766,1,0.9722289473275928
CS10767,0,0.34849585262115773
CS10768,0,0.6359371650207721
CS10769,0,0.00997862657374953
CS10770,0,0.047566300449230874
CS10771,1,0.5272819605599446
CS10772,0,0.04613813550533307
CS10773,0,0.36484095921353754
CS10774,0,0.674690586831615
CS10775,0,0.1304932503796443
CS10776,0,0.10782828869729058
CS10777,0,0.04348697959275255
CS10778,1,0.5601137260270338
CS10779,0,0.10577557192896563
CS10780,0,0.09736379030005145
CS10781,0,0.043172803041035136
CS10782,0,0.3138174691274532
CS10783,0,0.45388887081472024
CS10784,0,0.03780389825736132
CS10785,1,0.6884107643688295
CS10786,0,0.40344964367360564
CS10787,1,0.3962455941713313
CS10788,0,0.08544837813880683
CS10789,0,0.02787490703858459
CS10790,0,0.10055774109191676
CS10791,1,0.8801882014430248
CS10792,0,0.038722458998693816
CS10793,1,0.9721776692110696
CS10794,0,0.03997463727047848
CS10795,0,0.09653870603141737
CS10796,0,0.02415882703878558
CS10797,0,0.2917983337098953
CS10798,0,0.16937134152631814
CS10799,0,0.20641012970981945
CS10800,0,0.027609373366228908
CS10801,0,0.04306783683025367
CS10802,0,0.08605836805135647
CS10803,0,0.10554747782835866
CS10804,0,0.07227738132621575
CS10805,0,0.6462938524727679
CS10806,0,0.12478660992038733
CS10807,0,0.03973925138325496
CS10808,0,0.0341968245274582
CS10809,0,0.011842677819132742
CS10810,0,0.11520066856586171
CS10811,0,0.2563184414829267
CS10812,0,0.03480244333015956
CS10813,0,0.033023407680331504
CS10814,0,0.10745419428554848
CS10815,0,0.022735023849388327
CS10816,0,0.04453357807680154
CS10817,0,0.030464205681519262
CS10818,0,0.08974133540865105
CS10819,1,0.35371018402847715
CS10820,0,0.12992157597562182
CS10821,0,0.19917515765225338
CS10822,0,0.2670905572840443
CS10823,1,0.30895937848212823
CS10824,0,0.020963842539707497
CS10825,0,0.26978245420955244
CS10826,1,0.2619088451558907
CS10827,1,0.16963980132506334
CS10828,1,0.2839937758657524
CS10829,0,0.20475857611112577
CS10830,0,0.01258848826256327
CS10831,0,0.03360230738602004
CS10832,0,0.2477840543697187
CS10833,0,0.6064815090369222
CS10834,0,0.5126469754601982
CS10835,0,0.05989602283076675
CS10836,1,0.34657993819255867
CS10837,1,0.7568331026018721
CS10838,1,0.10653018893887928
CS10839,0,0.1255162622554873
CS10840,1,0.4415502229229499
CS10841,1,0.6264768520357588
CS10842,0,0.3233551159838231
CS10843,0,0.17551820804769583
CS10844,0,0.017315337384941502
CS10845,0,0.06730100956018154
CS10846,0,0.057398342575933764
CS10847,1,0.9783441859039311
CS10848,0,0.0968310653556766
CS10849,0,0.029215323093538546
CS10850,0,0.14716811077022732
CS10851,1,0.985771286762973
CS10852,1,0.4327626901887597
CS10853,0,0.013599806184553077
CS10854,1,0.9813163459948987
CS10855,0,0.4023303863468854
CS10856,0,0.24898761857986107
CS10857,0,0.0823620268739608
CS10858,0,0.04435074327658889
CS10859,0,0.04719362615031663
CS10860,0,0.009757054020872409
CS10861,0,0.07160211514023278
CS10862,0,0.7138528936526544
CS10863,1,0.9847467598053182
CS10864,0,0.07905246743656413
CS10865,0,0.19801630074902715
CS10866,0,0.08892308297979647
CS10867,0,0.18193338809612497
CS10868,1,0.9779930490549776
CS10869,0,0.9688483410334263
CS10870,0,0.21687141402727023
CS10871,0,0.013211465016218471
CS10872,0,0.010102230758719527
CS10873,0,0.011701268766878072
CS10874,0,0.19370934316513477
CS10875,0,0.035310633125626746
CS10876,0,0.05835192943692696
CS10877,0,0.0544367800102255
CS10878,0,0.019586249546682994
CS10879,0,0.3931377613618127
CS10880,0,0.13569474923347216
CS10881,0,0.06922398683510503
CS10882,0,0.014795719693002574
CS10883,1,0.08730970783107107
CS10884,0,0.06927789785382357
CS10885,0,0.07273153367096932
CS10886,0,0.10273478053763307
CS10887,0,0.044938852190652176
CS10888,0,0.01216038263827624
CS10889,0,0.045601026413463426
CS10890,1,0.5626469560080648
CS10891,0,0.06320128312481074
CS10892,0,0.048716371518463863
CS10893,1,0.23876111253872156
CS10894,0,0.6054909166752909
CS10895,0,0.016333787331935093
CS10896,0,0.06894773627509809
CS10897,0,0.05407181376637557
CS10898,1,0.27753901596346847
CS10899,0,0.08771361602336472
CS10900,1,0.6225976197495431
CS10901,0,0.059021432708673154
CS10902,1,0.2022935861644104
CS10903,0,0.0318224628081186
CS10904,0,0.14835685677877386
CS10905,0,0.017983810645228124
CS10906,1,0.09904870704824827
CS10907,0,0.07028749860448562
CS10908,0,0.13722689614138603
CS10909,0,0.1819194112726503
CS10910,1,0.9710066395001599
CS10911,0,0.27621813984371635
CS10912,0,0.0774192642596886
CS10913,0,0.08153032233327907
CS10914,0,0.044790529158357816
CS10915,0,0.573208754208948
CS10916,0,0.13948152060203564
CS10917,0,0.12248690339477701
CS10918,0,0.5311756741117074
CS10919,1,0.19012539172717807
CS10920,0,0.16538663050893068
CS10921,0,0.018064465177837163
CS10922,0,0.19433688488370943
CS10923,1,0.15413883675705806
CS10924,0,0.20165200970579558
CS10925,0,0.400241303054198
CS10926,1,0.35376863681275256
CS10927,0,0.13099790272052098
CS10928,1,0.6943503964315384
CS10929,0,0.0707796710467225
CS10930,0,0.021646280680185193
CS10931,0,0.01959787303593338
CS10932,1,0.5246645875794348
CS10933,1,0.2111188557135062
CS10934,0,0.18310561155805344
CS10935,0,0.1242161212836355
CS10936,0,0.01654128255052313
CS10937,0,0.01094900821955433
CS10938,0,0.045020396098565514
CS10939,0,0.05803623726392818
CS10940,0,0.2337973544652432
CS10941,0,0.016307369338415995
CS10942,0,0.013040318870508985
CS10943,0,0.14715366393485366
CS10944,0,0.02382141601957063
CS10945,0,0.3779489746430969
CS10946,1,0.6317025238836985
CS10947,0,0.010494310039917987
CS10948,0,0.07378436255302073
CS10949,0,0.2014002195787668
CS10950,0,0.1272838182377683
CS10951,0,0.13186184577273838
CS10952,0,0.09451934872637154
CS10953,0,0.04643762032223557
CS10954,0,0.08653642763619121
CS10955,0,0.29983526679624645
CS10956,0,0.03439755300489908
CS10957,0,0.013479564036561878
CS10958,0,0.10375944550793456
CS10959,0,0.13538916889813163
CS10960,0,0.09463308765859124
CS10961,0,0.13069339572161529
CS10962,0,0.010957328963434243
CS10963,1,0.710951053478461
CS10964,0,0.028023191493844517
CS10965,1,0.9788035468135177
CS10966,0,0.1362196280523875
CS10967,1,0.140495530457927
CS10968,0,0.01734948313328183
CS10969,0,0.4193751726717628
CS10970,0,0.07908627363133945
CS10971,0,0.36905223277814
CS10972,0,0.6875877209512069
CS10973,0,0.34319722622122273
CS10974,0,0.1827528581333111
CS10975,1,0.9833776794185772
CS10976,1,0.5057302408602333
CS10977,1,0.6427624056187128
CS10978,0,0.09376620601272159
CS10979,0,0.20549738014797975
CS10980,0,0.16547722658217115
CS10981,1,0.21476915066130625
CS10982,0,0.5460248575617667
CS10983,1,0.3023011699803209
CS10984,0,0.1953710468249271
CS10985,0,0.01775195325229293
CS10986,0,0.051054961934633436
CS10987,0,0.22009540397724198
CS10988,0,0.05800779523265744
CS10989,0,0.0682968054702713
CS10990,1,0.8680065207204682
CS10991,0,0.4403079813976386
CS10992,0,0.06139670203199651
CS10993,0,0.048686328526537294
CS10994,0,0.07536497393707535
CS10995,1,0.8007541213134036
CS10996,0,0.052332015017808306
CS10997,0,0.012692937497827104
CS10998,0,0.07808557632856465
CS10999,0,0.7084642772689457
CS11000,0,0.04133866157966788
CS11001,1,0.22299677574153448
CS11002,1,0.6698188579859564
CS11003,0,0.1069285245968163
CS11004,0,0.10259370299686232
CS11005,0,0.08493931335349048
CS11006,0,0.09841749550768762
CS11007,1,0.7381838851717009
CS11008,0,0.6388609867995523
CS11009,0,0.011923568254648383
CS11010,0,0.7832148969879672
CS11011,0,0.012811079851659952
CS11012,0,0.08623026918935374
CS11013,0,0.07983335942795938
CS11014,0,0.06430199920975502
CS11015,1,0.019262684012155636
CS11016,0,0.1371459189855924
CS11017,0,0.06652742567882645
CS11018,0,0.10778776531150018
CS11019,0,0.10769889810412564
CS11020,0,0.11297567755371776
CS11021,0,0.08575418891271552
CS11022,0,0.08237275400679252
CS11023,1,0.6368773826835195
CS11024,0,0.10039170692833028
CS11025,0,0.09102121367642349
CS11026,1,0.17299603742762704
CS11027,0,0.03248267026692314
CS11028,1,0.4724564251131504
CS11029,0,0.08159051359820986
CS11030,0,0.10200221737392101
CS11031,0,0.025405144430571014
CS11032,0,0.01941868992099321
CS11033,0,0.7372002152221687
CS11034,0,0.20053524429223996
CS11035,0,0.028576499159292307
CS11036,0,0.04546150602398567
CS11037,0,0.0082871377274173
CS11038,0,0.019739825983062242
CS11039,0,0.06892586045793055
CS11040,0,0.1036385634243851
CS11041,0,0.020425925371665377
CS11042,0,0.22739074013869243
CS11043,0,0.1225052732891777
CS11044,0,0.05752940446374447
CS11045,0,0.1381127352138297
CS11046,0,0.057668778652583505
CS11047,0,0.04436324832097337
CS11048,0,0.050980831797208255
CS11049,0,0.0880885583616873
CS11050,0,0.551719202599691
CS11051,0,0.0878135986855909
CS11052,0,0.04275715077313106
CS11053,1,0.12139126686050193
CS11054,0,0.013743752827321078
CS11055,0,0.05692175225275423
CS11056,0,0.03229124120119402
CS11057,1,0.27497235029869155
CS11058,1,0.6029230679365212
CS11059,0,0.008041574462086237
CS11060,0,0.18911936850592212
CS11061,0,0.045411086897174144
CS11062,0,0.025664794170683475
CS11063,1,0.26475295547823485
CS11064,0,0.1547228934201364
CS11065,0,0.03644497239827818
CS11066,0,0.05869939184674174
CS11067,0,0.012609560263142522
CS11068,1,0.05586536202782962
CS11069,1,0.2840659513718784
CS11070,0,0.02756325183405811
CS11071,1,0.20805838520496342
CS11072,0,0.04927735715427484
CS11073,0,0.055478924935498594
CS11074,0,0.47794783985390166
CS11075,0,0.012625906101914395
CS11076,0,0.12439082887229608
CS11077,0,0.027651047172443422
CS11078,0,0.14490330770701923
CS11079,0,0.03781408816606628
CS11080,0,0.1538495698736798
CS11081,1,0.16741518441261372
CS11082,1,0.39400159779168076
CS11083,0,0.012639513346880555
CS11084,1,0.6550967289543153
CS11085,0,0.04126684147437388
CS11086,0,0.4484887125074861
CS11087,0,0.01597831504471116
CS11088,0,0.2259896359801022
CS11089,0,0.004416152519136497
CS11090,0,0.043724075150444346
CS11091,1,0.07448867142039857
CS11092,0,0.07513315822421557
CS11093,0,0.18307507277969823
CS11094,0,0.27140587180293546
CS11095,0,0.0232939827156248
CS11096,0,0.05685036625548097
CS11097,0,0.4488106711104666
CS11098,1,0.9916169186067698
CS11099,1,0.4535968478350816
CS11100,1,0.8897796492018664
CS11101,0,0.1565190200925649
CS11102,0,0.32226847250122054
CS11103,0,0.01625078902113125
CS11104,0,0.32865374070215614
CS11105,0,0.01384781567376591
CS11106,1,0.4497558016074262
CS11107,0,0.0665211947430285
CS11108,0,0.08153860079421295
CS11109,0,0.025136776959565288
CS11110,0,0.23550625917497847
CS11111,0,0.29997078926868165
CS11112,0,0.38793523054487083
CS11113,1,0.7901178008108108
CS11114,0,0.07576404755696976
CS11115,0,0.06765656653765667
CS11116,0,0.20506205376966072
CS11117,1,0.6187919183114591
CS11118,0,0.04250957903682509
CS11119,0,0.12123136879922566
CS11120,1,0.37993834336555365
CS11121,0,0.014763124589581655
CS11122,0,0.0843660236438732
CS11123,0,0.2298531342155389
CS11124,1,0.9689783027040961
CS11125,0,0.13287485342773045
CS11126,0,0.06368817103805804
CS11127,0,0.19720100544596122
CS11128,1,0.7067408834095599
CS11129,0,0.03819737824512254
CS11130,0,0.03366496560858415
CS11131,0,0.05533778798897366
CS11132,0,0.0149246360759393
CS11133,0,0.09036481424395326
CS11134,0,0.0347822592973573
CS11135,0,0.06147474197479315
CS11136,0,0.0119585762945353
CS11137,0,0.03767994564398972
CS11138,0,0.5283249473362321
CS11139,1,0.057168019156233346
CS11140,0,0.010132582004578006
CS11141,0,0.039165698950993234
CS11142,1,0.7632746782464078
CS11143,0,0.3185294879420262
CS11144,1,0.4886887575188457
CS11145,1,0.7932380362660664
CS11146,0,0.05017940027680117
CS11147,0,0.29101690487266024
CS11148,0,0.015809250281007717
CS11149,0,0.1787487545464283
CS11150,0,0.016076786045354813
CS11151,0,0.3873317361267378
CS11152,0,0.2839578316132217
CS11153,1,0.051600490291572154
CS11154,0,0.020659087411256265
CS11155,0,0.03324392273526185
CS11156,0,0.08239713177762716
CS11157,1,0.1727693144594504
CS11158,1,0.9825026550152773
CS11159,0,0.06413780703199289
CS11160,1,0.10967858480807043
CS11161,0,0.03201815696162879
CS11162,1,0.283689493140129
CS11163,0,0.31617865174735343
CS11164,1,0.7996449028380131
CS11165,1,0.06459163480283345
CS11166,0,0.02111903194438322
CS11167,0,0.039420203387348855
CS11168,0,0.31276434923171315
CS11169,0,0.08803287649785294
CS11170,1,0.9860233840017946
CS11171,1,0.1378661458742249
CS11172,0,0.09912880388481786
CS11173,0,0.2508960929596346
CS11174,0,0.21362598211945175
CS11175,1,0.9847596277249393
CS11176,1,0.23962982920424344
CS11177,0,0.3136837768315076
CS11178,0,0.06160919557755613
CS11179,0,0.040278270411335255
CS11180,1,0.7288189366796699
CS11181,1,0.03852114716778486
CS11182,1,0.390879328300165
CS11183,0,0.04870442118474486
CS11184,0,0.0608495310791703
CS11185,0,0.011123306604321941
CS11186,1,0.4185291127105021
CS11187,0,0.01747772919558803
CS11188,0,0.020668175991503404
CS11189,0,0.014952621590237115
CS11190,1,0.3820941402192205
CS11191,0,0.08287826614798263
CS11192,1,0.4884795322637454
CS11193,1,0.9717748493649039
CS11194,0,0.04107812504894391
CS11195,1,0.44407323171307983
CS11196,1,0.22035747185110682
CS11197,0,0.09247339692291946
CS11198,1,0.6232796126435346
CS11199,0,0.0495839244737478
CS11200,0,0.010886330830211906
CS11201,1,0.15272424717954802
CS11202,0,0.3541921004821895
CS11203,0,0.01349062026269954
CS11204,0,0.09614142033051347
CS11205,0,0.02797439215476027
CS11206,1,0.1798563565934792
CS11207,0,0.041252035123941114
CS11208,0,0.06987231889432052
CS11209,0,0.017504864979399324
CS11210,0,0.028761865968090355
CS11211,0,0.06016587783650628
CS11212,0,0.11465685447212728
CS11213,0,0.22980603975481248
CS11214,0,0.010634620862943872
CS11215,1,0.08646407661690196
CS11216,0,0.033731772596309405
CS11217,0,0.09752958120772152
CS11218,0,0.3901091043637992
CS11219,0,0.028035162569298392
CS11220,0,0.3482481497990259
CS11221,0,0.1005574236752431
CS11222,1,0.4319024255198936
CS11223,0,0.22629491474178104
CS11224,1,0.5427336190663677
CS11225,0,0.04500880186044129
CS11226,0,0.056834444257504495
CS11227,0,0.23245692939340404
CS11228,1,0.10091803662284346
CS11229,0,0.029014245441579194
CS11230,0,0.03951014925481077
CS11231,0,0.10357651288547398
CS11232,1,0.26689878380186727
CS11233,1,0.8252023555724006
CS11234,0,0.043691302403152506
CS11235,1,0.15830993796948445
CS11236,0,0.4146156043788567
CS11237,0,0.11821595615618628
CS11238,0,0.9802429083775667
CS11239,0,0.08911680083212314
CS11240,0,0.1359759270784202
CS11241,0,0.06398075070344283
CS11242,0,0.1534567142001132
CS11243,1,0.9857916717047734
CS11244,0,0.01731851374177076
CS11245,0,0.0976942223348987
CS11246,1,0.9836962814012282
CS11247,1,0.980662539881728
CS11248,0,0.04416261798503787
CS11249,0,0.1304994757945098
CS11250,0,0.01625863357208811
CS11251,0,0.009848790892164798
CS11252,0,0.06939877820584274
CS11253,0,0.522911691729099
CS11254,1,0.08954944693122792
CS11255,1,0.17766197330875091
CS11256,0,0.010716305866166774
CS11257,1,0.5675878803801666
CS11258,0,0.11435401008501199
CS11259,0,0.019178446936465924
CS11260,0,0.3315894563675199
CS11261,0,0.11983926108167979
CS11262,1,0.187344538448412
CS11263,0,0.0869696637549377
CS11264,0,0.27123892610860506
CS11265,0,0.03453762625100876
CS11266,1,0.4748641764237265
CS11267,1,0.17002219557084927
CS11268,0,0.41846849606403347
CS11269,0,0.03738869910828505
CS11270,0,0.2168127310868349
CS11271,0,0.0884847596375683
CS11272,1,0.2920246853753365
CS11273,1,0.9786049588102965
CS11274,0,0.0289560098440206
CS11275,0,0.04317256172074016
CS11276,1,0.6015639675690219
CS11277,0,0.06635775498504398
CS11278,0,0.01793487825362573
CS11279,0,0.37180137618204123
CS11280,0,0.17461291172821808
CS11281,1,0.21536639935743312
CS11282,0,0.028177617231272326
CS11283,1,0.6074513689718273
CS11284,0,0.2457849241132317
CS11285,0,0.27786121793317475
CS11286,1,0.9803015112201567
CS11287,0,0.0316669935570475
CS11288,0,0.1408309999936648
CS11289,0,0.0826781803870155
CS11290,0,0.04440953963115527
CS11291,0,0.010135296487793632
CS11292,1,0.738146273048387
CS11293,0,0.07555547353786746
CS11294,0,0.04559379646995703
CS11295,0,0.10706614468429539
CS11296,0,0.0313842064713062
CS11297,0,0.21733065232952878
CS11298,0,0.19743506057268234
CS11299,0,0.2453744223928822
CS11300,1,0.32287422469939386
CS11301,0,0.06482630662573698
CS11302,0,0.010407875255826428
CS11303,0,0.08134333761942657
CS11304,0,0.23456168921649986
CS11305,1,0.15664658123632091
CS11306,1,0.9895695671118934
CS11307,0,0.00863037454174197
CS11308,0,0.04712519408393823
CS11309,0,0.0201951780721911
CS11310,0,0.012766130437171393
CS11311,0,0.0280819687950155
CS11312,0,0.0853977929180223
CS11313,0,0.22637297405872192
CS11314,0,0.03682572651274307
CS11315,0,0.019230392086059433
CS11316,1,0.11266411619394538
CS11317,1,0.4104083997333835
CS11318,1,0.9850795441146954
CS11319,0,0.14979507078860624
CS11320,1,0.9756993778170522
CS11321,0,0.11085652256217866
CS11322,0,0.0188885808143096
CS11323,0,0.13935778419338227
CS11324,0,0.13864403404902628
CS11325,0,0.014806691595509642
CS11326,0,0.08111254890334206
CS11327,1,0.1744554895647369
CS11328,1,0.28861373989597877
CS11329,1,0.02427995701522801
CS11330,0,0.03490035116564215
CS11331,0,0.04771757116913506
CS11332,1,0.9794870026508202
CS11333,0,0.009008533664417624
CS11334,0,0.20491875619061933
CS11335,0,0.04477181568683186
CS11336,0,0.057807419345470595
CS11337,0,0.05084978451729797
CS11338,0,0.599241860398378
CS11339,0,0.1954335577159884
CS11340,0,0.23374839221241572
CS11341,1,0.5044915524672122
CS11342,0,0.12431398740137552
CS11343,0,0.011713315023379111
CS11344,0,0.0785780969514762
CS11345,0,0.3419959006695612
CS11346,0,0.1453063376728529
CS11347,0,0.02441869630176155
CS11348,0,0.014556615785796196
CS11349,1,0.46008646498902617
CS11350,0,0.11925391683077659
CS11351,1,0.031142242179593757
CS11352,0,0.022946329564182272
CS11353,0,0.4387043599583959
CS11354,0,0.010784786870161675
CS11355,1,0.6768418130437471
CS11356,0,0.056036367052002545
CS11357,0,0.06285567068942226
CS11358,1,0.7150297505195236
CS11359,0,0.14251183049837174
CS11360,0,0.10362066002488193
CS11361,0,0.12280938830972898
CS11362,0,0.2623261575869931
CS11363,0,0.04830324751736578
CS11364,0,0.014012729948112543
CS11365,1,0.4251788207344471
CS11366,1,0.9881875639017379
CS11367,0,0.30010561029768595
CS11368,0,0.02807485864023088
CS11369,0,0.5754126618087991
CS11370,0,0.5630101812870872
CS11371,0,0.06075986804235772
CS11372,0,0.016144381765482618
CS11373,0,0.14147873957188556
CS11374,0,0.03922609256660644
CS11375,0,0.1618485331986029
CS11376,1,0.1925133468510997
CS11377,0,0.41243060270934084
CS11378,0,0.06699302558777603
CS11379,0,0.15548581043918774
CS11380,0,0.296348566358428
CS11381,1,0.45409473566262737
CS11382,0,0.05709313970536837
CS11383,0,0.00871701036759969
CS11384,1,0.06039066187575465
CS11385,0,0.04422663834416862
CS11386,1,0.7046473770321638
CS11387,1,0.5371172519207384
CS11388,0,0.15431017537107483
CS11389,0,0.016862755335123453
CS11390,0,0.06721124815868063
CS11391,1,0.4994639855088599
CS11392,0,0.01817296674484979
CS11393,0,0.005516082931975003
CS11394,0,0.16148009807122599
CS11395,0,0.05022101473878611
CS11396,0,0.6180074025108749
CS11397,0,0.05972400252594769
CS11398,0,0.010307578250860852
CS11399,0,0.15756384551536246
CS11400,0,0.06956759292248337
CS11401,0,0.01904261828501629
CS11402,1,0.06484630796053202
CS11403,0,0.16364057405771273
CS11404,0,0.029602083211461953
CS11405,0,0.17576916431449177
CS11406,0,0.057842830836847645
CS11407,0,0.1954639603928833
CS11408,0,0.08153667769288334
CS11409,0,0.25883836923827336
CS11410,0,0.07616229947901818
CS11411,1,0.6082218989807529
CS11412,0,0.08921594324865915
CS11413,0,0.1749267967042872
CS11414,0,0.08144565507823094
CS11415,0,0.06079547787151012
CS11416,0,0.08099969660992222
CS11417,0,0.058846503564004775
CS11418,0,0.36997980896900257
CS11419,0,0.05162248513162305
CS11420,1,0.9772486329153826
CS11421,1,0.9657367077376103
CS11422,0,0.383159059790499
CS11423,0,0.07680818115895599
CS11424,1,0.7892108609660983
CS11425,0,0.0490959438809658
CS11426,0,0.03548750336895392
CS11427,0,0.049837411069303617
CS11428,1,0.7676390698143455
CS11429,0,0.31419100316082843
CS11430,0,0.03467727629871629
CS11431,0,0.07976158141042883
CS11432,0,0.04061701199330135
CS11433,1,0.9900247519400431
CS11434,0,0.14401696333682343
CS11435,0,0.17396573542387248
CS11436,0,0.513224550656794
CS11437,1,0.45761105444369726
CS11438,0,0.09329965999841733
CS11439,1,0.9795433481312127
CS11440,0,0.09024026423220734
CS11441,0,0.04289239276880595
CS11442,0,0.02723791890199935
CS11443,0,0.21779223765195502
CS11444,0,0.08890153433355608
CS11445,0,0.15022379223975557
CS11446,0,0.028904953958559996
CS11447,0,0.23602798512310014
CS11448,0,0.2522926673334335
CS11449,1,0.6426866200571746
CS11450,0,0.01994086149248637
CS11451,0,0.03327285154361604
CS11452,1,0.42782959278783883
CS11453,0,0.016071356671915737
CS11454,0,0.08988580910516294
CS11455,0,0.2441578525439479
CS11456,0,0.32678922885724937
CS11457,1,0.3587251291254791
CS11458,0,0.03600721516289535
CS11459,0,0.4603380682313442
CS11460,0,0.08069677089303799
CS11461,0,0.1257359296101814
CS11462,0,0.030467959632443496
CS11463,0,0.046565115922428305
CS11464,1,0.09014609139654499
CS11465,0,0.1267328510744285
CS11466,1,0.589456518304751
CS11467,0,0.08795498013337352
CS11468,0,0.07711273685679952
CS11469,0,0.09588245116651577
CS11470,0,0.2378832679544947
CS11471,0,0.12630056753040253
CS11472,0,0.47655802462849484
CS11473,0,0.053068560073177784
CS11474,1,0.3222923817870363
CS11475,0,0.0626461978368948
CS11476,0,0.020698111684778205
CS11477,0,0.13809118003147705
CS11478,0,0.24431125183547098
CS11479,1,0.12007786345867762
CS11480,0,0.051918092425779334
CS11481,1,0.9681074160406511
CS11482,0,0.376991125357986
CS11483,0,0.02878426354743163
CS11484,0,0.01420353294647143
CS11485,0,0.27318939733661285
CS11486,0,0.05050015385024575
CS11487,0,0.015593774687142839
CS11488,0,0.054346729710209075
CS11489,0,0.10094309070648248
CS11490,1,0.8166641443331806
CS11491,0,0.009375030461594774
CS11492,0,0.3564874899943433
CS11493,1,0.16725201580666452
CS11494,0,0.29812691000615127
CS11495,0,0.28886819351640874
CS11496,0,0.20395340023988537
CS11497,1,0.2990933708390705
CS11498,1,0.49275544720669984
CS11499,0,0.07267752781932546
CS11500,0,0.1063077578160979
CS11501,0,0.27988043223912074
CS11502,1,0.3126083227842178
CS11503,0,0.07657800773982305
CS11504,0,0.014035769878614972
CS11505,0,0.1014136723257755
CS11506,0,0.011015886950583002
CS11507,0,0.05062932414233777
CS11508,0,0.07918171357029696
CS11509,0,0.05611320369062803
CS11510,0,0.016280962181548626
CS11511,0,0.1981860066379947
CS11512,0,0.018381180676787363
CS11513,0,0.08232152896501527
CS11514,1,0.29527493406704436
CS11515,1,0.15101483863855042
CS11516,0,0.019256593987443355
CS11517,1,0.744043667629413
CS11518,0,0.6683978274779732
CS11519,0,0.3405707570823884
CS11520,0,0.07417575647204713
CS11521,0,0.05199501633078646
CS11522,1,0.9786729830965487
CS11523,0,0.09892122014656902
CS11524,1,0.14585106175594081
CS11525,0,0.04032654383334227
CS11526,0,0.1634131813897634
CS11527,1,0.4189506807656407
CS11528,0,0.11272778237454414
CS11529,0,0.745179091344293
CS11530,0,0.26777492529719554
CS11531,0,0.07163697379135665
CS11532,0,0.48470621058936747
CS11533,0,0.5432248357952912
CS11534,0,0.03393648357921553
CS11535,0,0.2302736493346214
CS11536,1,0.14012864503369057
CS11537,0,0.019914424622792477
CS11538,0,0.09660816157902193
CS11539,0,0.04206095018230456
CS11540,0,0.021697280796223073
CS11541,1,0.27350385251250303
CS11542,0,0.25276751407625986
CS11543,0,0.10952476774468156
CS11544,0,0.07567922981053261
CS11545,0,0.15783182280907412
CS11546,0,0.05606383418767226
CS11547,0,0.032964907977073424
CS11548,0,0.030758147130665568
CS11549,0,0.011131731574149947
CS11550,0,0.04407357522680114
CS11551,0,0.162187921874475
CS11552,1,0.22069289525602406
CS11553,0,0.00819858102040302
CS11554,1,0.9833852121951115
CS11555,0,0.12178732666311327
CS11556,0,0.07887104407648571
CS11557,0,0.03298248174350776
CS11558,0,0.11766521333198128
CS11559,0,0.0495694074095434
CS11560,0,0.0526889842718219
CS11561,1,0.40175824051688774
CS11562,0,0.024994957672157456
CS11563,0,0.032471923951613205
CS11564,1,0.23025812862567246
CS11565,0,0.33579510165041626
CS11566,0,0.40818662802971867
CS11567,0,0.014244897032295756
CS11568,1,0.012190961974754272
CS11569,0,0.04660744551899091
CS11570,0,0.12283335396641228
CS11571,0,0.014410886996128783
CS11572,0,0.2952084981006569
CS11573,1,0.2129756018751702
CS11574,0,0.034329824139600125
CS11575,0,0.010679135007875654
CS11576,0,0.08966441842663174
CS11577,1,0.9895695671118934
CS11578,0,0.08685627618011844
CS11579,0,0.043725340777182216
CS11580,0,0.3162798539598446
CS11581,0,0.5157484802414917
CS11582,0,0.010451718501498305
CS11583,0,0.01066933140069486
CS11584,0,0.05079968205890584
CS11585,0,0.12672847188205108
CS11586,0,0.02369773546102963
CS11587,0,0.04194178665070461
CS11588,0,0.032935690510092534
CS11589,0,0.17821627379877825
CS11590,0,0.17472281450354277
CS11591,1,0.9351340200745388
CS11592,0,0.21703285940620895
CS11593,1,0.20615041641229082
CS11594,0,0.5332555400806192
CS11595,0,0.061368146650968666
CS11596,1,0.9841023351359817
CS11597,1,0.6948522031649161
CS11598,0,0.04877949522985957
CS11599,1,0.3016547530466358
CS11600,1,0.9777977987340584
CS11601,1,0.31018596605804954
CS11602,0,0.4658685976976722
CS11603,0,0.049755408451451336
CS11604,0,0.28723858250197326
CS11605,0,0.2464896122951154
CS11606,0,0.00913485179924935
CS11607,0,0.17194678252314521
CS11608,0,0.1361508477598122
CS11609,1,0.3191575731419891
CS11610,0,0.02997164280393804
CS11611,0,0.01839299178004908
CS11612,0,0.09419472161104007
CS11613,0,0.6594884336305669
CS11614,0,0.04950869620439903
CS11615,0,0.637891333040649
CS11616,0,0.055693464962845225
CS11617,0,0.005893145301328789
CS11618,0,0.04174175364038266
CS11619,0,0.05381128847605979
CS11620,0,0.10846915569149891
CS11621,0,0.1511533774522632
CS11622,0,0.11212660416627546
CS11623,0,0.11442755469340149
CS11624,0,0.20821462754647324
CS11625,0,0.04146771582211665
CS11626,1,0.5750668137818881
CS11627,1,0.7343468798925564
CS11628,1,0.9787578671208741
CS11629,0,0.12836838899656144
CS11630,0,0.06803214136938103
CS11631,0,0.04219044638838619
CS11632,1,0.8057743388867326
CS11633,0,0.060799347559370706
CS11634,1,0.4522620384449452
CS11635,0,0.01562386626111545
CS11636,0,0.14691287913403134
CS11637,0,0.04240971887114087
CS11638,0,0.02579371033023782
CS11639,1,0.2702056259800325
CS11640,0,0.2557159474939537
CS11641,1,0.10952730231055453
CS11642,0,0.07148752800641633
CS11643,1,0.5759620046850301
CS11644,1,0.07111444517413389
CS11645,0,0.0315136996562357
CS11646,0,0.021212355510308912
CS11647,0,0.081687756058576
CS11648,1,0.44064894024805035
CS11649,0,0.10146591510531658
CS11650,0,0.6569782723812743
CS11651,0,0.02845595553813378
CS11652,0,0.34787244025985853
CS11653,1,0.31567545926219737
CS11654,0,0.041447490434806875
CS11655,0,0.03652070749834544
CS11656,1,0.5925848667749198
CS11657,1,0.9848899500387395
CS11658,0,0.01765671047584234
CS11659,1,0.4473405403684212
CS11660,1,0.5753473108348762
CS11661,1,0.9792725575654128
CS11662,0,0.39764694275708223
CS11663,0,0.004507144077769332
CS11664,0,0.015451997401258693
CS11665,0,0.03281005548693737
CS11666,1,0.058356589913582675
CS11667,0,0.019484713712614714
CS11668,1,0.39320429831760295
CS11669,0,0.05499165972386283
CS11670,0,0.19900098353210754
CS11671,0,0.004545867480010482
CS11672,0,0.14497181242753104
CS11673,1,0.5798862843992753
CS11674,0,0.23546987797490515
CS11675,0,0.16632559802632518
CS11676,0,0.09811845439457827
CS11677,1,0.4465357208878608
CS11678,0,0.011995633303572803
CS11679,0,0.14621682832014496
CS11680,1,0.9813367405168286
CS11681,0,0.05322626423838345
CS11682,0,0.0771247158181438
CS11683,0,0.20003420850530693
CS11684,0,0.08000120069127475
CS11685,0,0.03853576490916546
CS11686,0,0.20365994670830465
CS11687,0,0.056811908922015535
CS11688,0,0.015215019532186017
CS11689,1,0.36855030850297943
CS11690,0,0.0372420473899498
CS11691,0,0.3862548986103566
CS11692,1,0.09399624904792803
CS11693,0,0.15188904189121294
CS11694,0,0.11475729732017369
CS11695,0,0.2598120744550494
CS11696,0,0.23253820365216402
CS11697,1,0.4274981390137913
CS11698,0,0.036406256802084806
CS11699,0,0.049695045082095844
CS11700,1,0.3482713526491763
CS11701,0,0.26864476346202193
CS11702,0,0.07695271780217182
CS11703,0,0.014245697299220112
CS11704,1,0.05304865269256243
CS11705,0,0.5873493232529269
CS11706,0,0.04644006270613799
CS11707,0,0.30467260492956894
CS11708,1,0.9795863209640263
CS11709,0,0.7361882578471894
CS11710,0,0.0967230531905963
CS11711,0,0.038610074723611686
CS11712,1,0.507741798170945
CS11713,0,0.2110139062752156
CS11714,1,0.19708252818378252
CS11715,0,0.10507813608309166
CS11716,0,0.3618768809921942
CS11717,0,0.05158253791042778
CS11718,1,0.977178658247099
CS11719,0,0.06138282160540854
CS11720,0,0.24631209950313343
CS11721,0,0.33189150957046054
CS11722,0,0.1645668451460353
CS11723,0,0.19940923584596057
CS11724,0,0.018369986062911875
CS11725,0,0.09993832158082298
CS11726,0,0.010368212877297165
CS11727,0,0.3305874695853102
CS11728,0,0.03178040208171418
CS11729,0,0.29787143764348145
CS11730,0,0.10850973330930792
CS11731,0,0.12113734601769009
CS11732,0,0.19416604075646385
CS11733,1,0.14213165783537535
CS11734,0,0.04856826862082235
CS11735,1,0.1702469523115596
CS11736,0,0.02514051427677925
CS11737,0,0.02596376907231914
CS11738,0,0.36351594472241516
CS11739,0,0.05065332707700504
CS11740,1,0.3580184112412674
CS11741,1,0.10007281859265593
CS11742,0,0.36489576185823425
CS11743,0,0.010991372376355312
CS11744,0,0.08503942795230568
CS11745,1,0.22239911080478894
CS11746,0,0.03803432929522446
CS11747,0,0.03427550631036209
CS11748,1,0.6095243814833524
CS11749,0,0.6234721077830863
CS11750,0,0.678125812281441
CS11751,0,0.17974525625362542
CS11752,0,0.025126341926739675
CS11753,0,0.16472876519468338
CS11754,0,0.01934359092108047
CS11755,0,0.3551040110592362
CS11756,0,0.1353367906453604
CS11757,0,0.050732995662664225
CS11758,0,0.056885523137443356
CS11759,1,0.9781776695814312
CS11760,0,0.1068132451869262
CS11761,0,0.0882310252291267
CS11762,0,0.09966173805314056
CS11763,0,0.076698770098902
CS11764,0,0.15997841565667564
CS11765,0,0.1496251796316416
CS11766,0,0.03477999589123446
CS11767,1,0.9829059598653865
CS11768,0,0.08679529154334673
CS11769,0,0.05723673455190882
CS11770,0,0.3753830751394904
CS11771,1,0.4450616395237011
CS11772,1,0.9808988443838138
CS11773,0,0.13487610791132817
CS11774,0,0.11150248222189173
CS11775,0,0.21104546039323258
CS11776,0,0.03238807157493932
CS11777,0,0.014925353188515237
CS11778,1,0.9806357079277448
CS11779,0,0.059326893786195684
CS11780,0,0.5202510769531575
CS11781,0,0.08902232479527056
CS11782,0,0.03108373977370191
CS11783,0,0.10730449271332569
CS11784,1,0.9772830936706699
CS11785,0,0.025322536217403865
CS11786,1,0.3658709240245115
CS11787,0,0.027621550472758095
CS11788,0,0.3622069968247823
CS11789,0,0.010160520245344355
CS11790,0,0.04476463762514673
CS11791,0,0.017399930777967716
CS11792,0,0.038821025575817555
CS11793,0,0.0713054253718795
CS11794,0,0.06138966345379321
CS11795,0,0.04301636478538931
CS11796,0,0.3063399060226888
CS11797,0,0.016979668493121887
CS11798,0,0.7081610040111985
CS11799,1,0.3929271111596915
CS11800,0,0.028987330442979162
CS11801,1,0.18339824225714887
CS11802,0,0.3562960805952708
CS11803,0,0.3746948908241887
CS11804,0,0.19111142128378544
CS11805,0,0.032697199719806905
CS11806,1,0.5325643243432391
CS11807,1,0.22820774091297708
CS11808,0,0.1328071405093179
CS11809,0,0.5374809547849859
CS11810,0,0.03732947633552444
CS11811,0,0.25584884963488425
CS11812,0,0.015106370081341079
CS11813,0,0.2637519006308499
CS11814,0,0.4359311443460518
CS11815,0,0.02203320321898507
CS11816,0,0.025891279560510183
CS11817,0,0.12048121642530436
CS11818,0,0.016266230298820863
CS11819,0,0.04801965557750862
CS11820,0,0.3295733297409342
CS11821,0,0.026840487314538274
CS11822,0,0.015261498531464263
CS11823,0,0.2334009850329283
CS11824,0,0.4197584737828521
CS11825,1,0.973973560273475
CS11826,0,0.2078351570530145
CS11827,0,0.20399253469163084
CS11828,1,0.4036048034342086
CS11829,1,0.14268851456155987
CS11830,0,0.21585163065423607
CS11831,0,0.08388886737119483
CS11832,0,0.013443091548244029
CS11833,0,0.08080654032638973
CS11834,0,0.07605427847934747
CS11835,0,0.4555665030897878
CS11836,0,0.17592656550042993
CS11837,1,0.871805332288068
CS11838,0,0.033025429666655164
CS11839,0,0.03011717052252937
CS11840,0,0.13933517309842677
CS11841,0,0.396157799911726
CS11842,0,0.5045675531466123
CS11843,0,0.056261273030686634
CS11844,0,0.04761857821932701
CS11845,0,0.06097061309531779
CS11846,0,0.06674988892218964
CS11847,1,0.19357399597132788
CS11848,1,0.49101441356482906
CS11849,0,0.016761118611898235
CS11850,0,0.055534644608272156
CS11851,0,0.11908016867819207
CS11852,1,0.9896881800141265
CS11853,0,0.010425347851604537
CS11854,1,0.4925496445529109
CS11855,1,0.23944110692214463
CS11856,1,0.9790854751710647
CS11857,0,0.28397984440166796
CS11858,0,0.01843904766830619
CS11859,0,0.03251349097176244
CS11860,1,0.9809678461572958
CS11861,0,0.17155296313212973
CS11862,0,0.24180192089109637
CS11863,0,0.04607109817849953
CS11864,0,0.05257288262858596
CS11865,0,0.058809754386384326
CS11866,0,0.02062196831467845
CS11867,0,0.06029637202400294
CS11868,0,0.05191207862837441
CS11869,1,0.9889805050721256
CS11870,0,0.016383092256085717
CS11871,0,0.06943458768344792
CS11872,0,0.3297687385056709
CS11873,0,0.09599152605612597
CS11874,0,0.016400772417104064
CS11875,0,0.05816305456596656
CS11876,0,0.27547856004379223
CS11877,1,0.45096324115899705
CS11878,0,0.09999750816242725
CS11879,0,0.12580187022778547
CS11880,1,0.4198410637230735
CS11881,1,0.9892335509054853
CS11882,0,0.33074403395285146
CS11883,0,0.03779506878107476
CS11884,0,0.03414122968659741
CS11885,0,0.15180739273956662
CS11886,0,0.1000445600771951
CS11887,0,0.02382367208982166
CS11888,0,0.03647102122771329
CS11889,0,0.2747582550762184
CS11890,0,0.09890344442763323
CS11891,0,0.11287018059080356
CS11892,0,0.08433431548014683
CS11893,0,0.3992381462030644
CS11894,0,0.16185985381448822
CS11895,1,0.9784956815219601
CS11896,1,0.9679785646895455
CS11897,0,0.13703293117478824
CS11898,0,0.03395229410973468
CS11899,0,0.4743522405626703
CS11900,1,0.34016960194929574
CS11901,0,0.02130926739415494
CS11902,0,0.23456930204988344
CS11903,0,0.35673616188177615
CS11904,0,0.2623211671409664
CS11905,0,0.22095302214491655
CS11906,0,0.022689386405835447
CS11907,0,0.10385623068386791
CS11908,0,0.03415524667137704
CS11909,1,0.2645091489010776
CS11910,0,0.013701352469368783
CS11911,0,0.48153213710521237
CS11912,0,0.3767000118132425
CS11913,0,0.3678950688189366
CS11914,0,0.07327423315802338
CS11915,1,0.1381558646063688
CS11916,1,0.5193877346894297
CS11917,1,0.9631304160648827
CS11918,1,0.9789431799966984
CS11919,0,0.6120917924647749
CS11920,1,0.985105276645733
CS11921,1,0.9857818609153997
CS11922,1,0.4807713768416217
CS11923,0,0.054769281867202285
CS11924,1,0.8016467120539339
CS11925,0,0.013586294668128019
CS11926,0,0.025215513011869545
CS11927,1,0.3584280783082631
CS11928,0,0.17318862177255193
CS11929,0,0.05328815041949398
CS11930,0,0.05390324060993539
CS11931,0,0.017036494248957437
CS11932,0,0.07721646717080231
CS11933,1,0.23168711708259837
CS11934,1,0.39968426907656074
CS11935,0,0.02115194221859916
CS11936,0,0.10189929252605269
CS11937,0,0.5327721299441516
CS11938,0,0.00987029836955349
CS11939,0,0.17164899635214154
CS11940,0,0.011227942939081042
CS11941,0,0.05936072563737807
CS11942,0,0.3054620974278237
CS11943,1,0.3346671226975599
CS11944,1,0.11163403884285948
CS11945,1,0.8533212780426549
CS11946,0,0.019999519854986682
CS11947,0,0.12522762139716925
CS11948,0,0.037441742283232105
CS11949,0,0.06728101997457737
CS11950,0,0.4071304524058859
CS11951,0,0.0052565693292770934
CS11952,0,0.3790742731345929
CS11953,1,0.9477594812252466
CS11954,0,0.011066656362646381
CS11955,1,0.3885963301556413
CS11956,0,0.02548109868331488
CS11957,0,0.10489625067794577
CS11958,1,0.9828794960021825
CS11959,1,0.6259623482956335
CS11960,0,0.10600635049041113
CS11961,0,0.011958462676418351
CS11962,0,0.013528659882552207
CS11963,0,0.19881899428391145
CS11964,1,0.7482915013657994
CS11965,0,0.19752387770307642
CS11966,0,0.007811267449327277
CS11967,0,0.14802046880407094
CS11968,0,0.04075771999692512
CS11969,0,0.09478315662972954
CS11970,0,0.7916266323248733
CS11971,0,0.017451760278282023
CS11972,0,0.0430681744484733
CS11973,0,0.04557077558857919
CS11974,0,0.20914123453129066
CS11975,0,0.022542331897825483
CS11976,0,0.06448723911857568
CS11977,0,0.020284405302775046
CS11978,0,0.18695188680088087
CS11979,0,0.11308300102007071
CS11980,0,0.009429989154462508
CS11981,0,0.03465921487027006
CS11982,1,0.9657024109814033
CS11983,0,0.0295686450589086
CS11984,0,0.014884440912709246
CS11985,0,0.3488711027629177
CS11986,0,0.13782475872242728
CS11987,1,0.6259024401738903
CS11988,0,0.023713971549862156
CS11989,0,0.1798856416393465
CS11990,0,0.023228826343504826
CS11991,0,0.07484732776980477
CS11992,0,0.06371931148032951
CS11993,0,0.04758145458352648
CS11994,1,0.2407068851170827
CS11995,0,0.05437978768938182
CS11996,0,0.050085677046202856
CS11997,0,0.36340115985963445
CS11998,0,0.18698358724534891
CS11999,0,0.04726075824067225
CS12000,1,0.9398067130163292
CS12001,1,0.6702008837997816
CS12002,0,0.03706865516927096
CS12003,0,0.19288568953464746
CS12004,0,0.714455666797112
CS12005,0,0.5991063008133055
CS12006,0,0.035587566747667186
CS12007,0,0.048784379045973505
CS12008,0,0.2776162589131941
CS12009,0,0.17756839851099954
CS12010,0,0.015242824464073941
CS12011,0,0.04536791426710632
CS12012,0,0.12379471099991997
CS12013,0,0.17031208614287552
CS12014,0,0.020268216584374527
CS12015,0,0.13797312033265277
CS12016,0,0.05341818323855323
CS12017,1,0.5161518311795815
CS12018,0,0.05113521630566823
CS12019,0,0.12283138129332595
CS12020,0,0.4580033353839908
CS12021,1,0.09494629227561636
CS12022,1,0.12145945699684324
CS12023,0,0.11277284781669468
CS12024,0,0.012693672797792337
CS12025,0,0.10417377564141908
CS12026,0,0.08562735439012771
CS12027,1,0.3399203556559834
CS12028,0,0.031709984861553055
CS12029,0,0.013824834122734457
CS12030,0,0.06305894115001219
CS12031,0,0.05294111284196827
CS12032,1,0.9408369419009341
CS12033,0,0.04306999635966426
CS12034,0,0.2839424390224543
CS12035,0,0.15527016820837916
CS12036,1,0.04042990645385077
CS12037,0,0.09427848574147149
CS12038,0,0.00555682163255183
CS12039,0,0.09749918719659562
CS12040,0,0.19598096068744197
CS12041,0,0.1350287888419616
CS12042,0,0.3042224562366793
CS12043,0,0.01277310063722981
CS12044,0,0.07011010698178068
CS12045,1,0.9624221728462895
CS12046,0,0.11746395334543785
CS12047,0,0.041203016383925456
CS12048,0,0.3727960340794007
CS12049,0,0.013063189279853935
CS12050,0,0.029178403827332975
CS12051,0,0.028433096524275617
CS12052,1,0.4223572648780774
CS12053,1,0.9809914888138819
CS12054,1,0.6836133871611902
CS12055,0,0.01986315852058635
CS12056,1,0.13061461735816823
CS12057,0,0.07636961354030732
CS12058,1,0.9878128281364981
CS12059,0,0.3839036687656933
CS12060,0,0.035740522000626614
CS12061,1,0.5051331487039489
CS12062,0,0.013082629306474929
CS12063,1,0.40796014547808557
CS12064,0,0.013102955712662833
CS12065,0,0.44056036743459015
CS12066,0,0.04322137594728325
CS12067,0,0.009262581345114042
CS12068,0,0.03957390269954841
CS12069,0,0.38767164669948456
CS12070,0,0.19594288757023495
CS12071,0,0.08312714329564312
CS12072,1,0.6002297938922918
CS12073,0,0.08743118465634069
CS12074,1,0.3482839247463215
CS12075,1,0.9842363428625507
CS12076,0,0.13160332254896454
CS12077,0,0.09233663105153588
CS12078,0,0.07607246140122159
CS12079,0,0.10698154008193973
CS12080,0,0.09202532822893766
CS12081,0,0.03241949871692438
CS12082,0,0.30374770728443967
CS12083,1,0.38022536812946583
CS12084,0,0.0693771015931781
CS12085,0,0.015656705981282815
CS12086,0,0.1298112114257951
CS12087,0,0.18022348316890033
CS12088,0,0.06317770034666537
CS12089,0,0.4804953480153425
CS12090,1,0.6992497716559702
CS12091,1,0.4841250610714235
CS12092,0,0.017894103625428887
CS12093,0,0.1416418804558357
CS12094,0,0.18797585327134408
CS12095,0,0.0738170335325444
CS12096,0,0.016419492698990082
CS12097,0,0.318921465921219
CS12098,0,0.02359629008893176
CS12099,0,0.2108179936751856
CS12100,0,0.02518318595898021
CS12101,0,0.07924675186257996
CS12102,0,0.03864111850735109
CS12103,0,0.20881092548159305
CS12104,0,0.1207534790080864
CS12105,0,0.5483033352673881
CS12106,0,0.08473992504108865
CS12107,0,0.07187839296548877
CS12108,0,0.14639899003405682
CS12109,1,0.2679159498454765
CS12110,0,0.10467990558857906
CS12111,0,0.11080738049443294
CS12112,0,0.0577207222185792
CS12113,0,0.48644009667740934
CS12114,0,0.08484954716626693
CS12115,0,0.2808979068316347
CS12116,0,0.013922610164294389
CS12117,1,0.473720979045118
CS12118,0,0.1554751622736655
CS12119,0,0.024368178961930644
CS12120,0,0.5241781882734425
CS12121,0,0.039581063617284286
CS12122,0,0.08731959182272085
CS12123,0,0.3325635190086961
CS12124,0,0.01730656614527542
CS12125,0,0.021067854478750054
CS12126,0,0.1419869965441325
CS12127,0,0.16284613615753882
CS12128,0,0.0363534076358278
CS12129,0,0.013500123476831955
CS12130,0,0.060312150331240585
CS12131,1,0.21103761293340023
CS12132,0,0.012718736989066021
CS12133,1,0.9842306614219024
CS12134,0,0.016714649679887953
CS12135,0,0.05976421752055718
CS12136,0,0.03953763712043206
CS12137,0,0.015071489702567071
CS12138,0,0.14034845293628748
CS12139,0,0.11046002825018912
CS12140,0,0.46337846886795664
CS12141,0,0.019599809982006795
CS12142,1,0.16214762716502634
CS12143,0,0.15884337953208788
CS12144,0,0.17083037385758193
CS12145,1,0.9792279711124661
CS12146,0,0.016760186239783023
CS12147,1,0.11687910418979822
CS12148,1,0.35193606309374587
CS12149,1,0.9651943436733817
CS12150,0,0.017063836963568012
CS12151,0,0.005048200832732169
CS12152,0,0.23451146581405938
CS12153,0,0.021883017527138088
CS12154,0,0.023901586141918712
CS12155,0,0.02912720132413504
CS12156,0,0.17713054680764406
CS12157,0,0.0777803011224071
CS12158,0,0.31982026293551824
CS12159,0,0.13701193560679
CS12160,0,0.1282492401831051
CS12161,1,0.3120197925339248
CS12162,1,0.9875479237829043
CS12163,0,0.023064342429835023
CS12164,0,0.06366443677170049
CS12165,0,0.04393072292433288
CS12166,0,0.08852057221467463
CS12167,0,0.055633820941127315
CS12168,1,0.15541099462177968
CS12169,1,0.8187507829831353
CS12170,0,0.39364277544214227
CS12171,0,0.013451980949435519
CS12172,1,0.4702708387751503
CS12173,0,0.07047180560873854
CS12174,0,0.14352873426666932
CS12175,1,0.10042695612601436
CS12176,0,0.021434269250352772
CS12177,1,0.6868615104673618
CS12178,0,0.09005023295323418
CS12179,0,0.3133508873766223
CS12180,0,0.3636790670888197
CS12181,0,0.058699065628676377
CS12182,1,0.9893687363232936
CS12183,0,0.02502676527823752
CS12184,0,0.14853484297470546
CS12185,0,0.025218938410089056
CS12186,0,0.05545471772429166
CS12187,0,0.0211812113203392
CS12188,0,0.04556656670366132
CS12189,0,0.5350859778602486
CS12190,0,0.0357935933527335
CS12191,0,0.04899674015995513
CS12192,1,0.22531837831470472
CS12193,0,0.23344503425981233
CS12194,0,0.020237279455701893
CS12195,0,0.1639573282452875
CS12196,0,0.0472365796514212
CS12197,0,0.110125337262141
CS12198,0,0.010255035769448058
CS12199,0,0.480232833029902
CS12200,0,0.019759818205127445
CS12201,0,0.13704083837855358
CS12202,1,0.3596860918167329
CS12203,0,0.04276483561071922
CS12204,0,0.026268924713415857
CS12205,0,0.05767347132822255
CS12206,0,0.054774865182990136
CS12207,1,0.6197084853082135
CS12208,0,0.09020339072621239
CS12209,0,0.44624520197542805
CS12210,0,0.0672303829846857
CS12211,0,0.5361508532594004
CS12212,0,0.08355609176250604
CS12213,1,0.22845758378790387
CS12214,1,0.16211974535084664
CS12215,1,0.9762679641609447
CS12216,1,0.04265473650729053
CS12217,1,0.9900015930713764
CS12218,0,0.36724494092705345
CS12219,1,0.9707469349819089
CS12220,1,0.07069788430130729
CS12221,0,0.0533879533277694
CS12222,1,0.9667035572986411
CS12223,0,0.2220106302567642
CS12224,0,0.025082174793498488
CS12225,0,0.3346462293637306
CS12226,0,0.18983289903699022
CS12227,0,0.0577345877585896
CS12228,0,0.031057582572704637
CS12229,1,0.1356010310339288
CS12230,1,0.6365201549894157
CS12231,0,0.046273678885736275
CS12232,0,0.10085486720053492
CS12233,0,0.1984823870222247
CS12234,0,0.30040933043692547
CS12235,1,0.9780047177248729
CS12236,0,0.25036776564926816
CS12237,0,0.014215285853336682
CS12238,0,0.0276078523742995
CS12239,0,0.04126645238962624
CS12240,0,0.11052440421786677
CS12241,0,0.18117419177198374
CS12242,0,0.026288970131025807
CS12243,0,0.1384848874554848
CS12244,0,0.04111839350516016
CS12245,0,0.05966409602885052
CS12246,1,0.47454493708132367
CS12247,0,0.033566149633030805
CS12248,0,0.5148555820704469
CS12249,0,0.27984532349792585
CS12250,0,0.23559457710988346
CS12251,0,0.021553419401780283
CS12252,0,0.06031726018594581
CS12253,0,0.29799888224795834
CS12254,0,0.1430008453000551
CS12255,0,0.00442400378641413
CS12256,0,0.029121073638607966
CS12257,1,0.5146001622090121
CS12258,0,0.03506811743192109
CS12259,0,0.3329443133597329
CS12260,1,0.9850694355057998
CS12261,0,0.06390986829554614
CS12262,1,0.8310066882721546
CS12263,0,0.13763266491974402
CS12264,0,0.02468589044106535
CS12265,0,0.678284901378868
CS12266,0,0.015060829307564659
CS12267,0,0.18829543625832393
CS12268,1,0.6720317731044694
CS12269,0,0.3533494496372745
CS12270,0,0.2794037678887919
CS12271,0,0.12035983894252705
CS12272,0,0.0697900897298615
CS12273,0,0.11530631687554035
CS12274,0,0.3374439655553917
CS12275,0,0.01706306441084414
CS12276,0,0.03335504462098128
CS12277,1,0.2149251018063458
CS12278,0,0.00767800554354807
CS12279,1,0.5406129928935097
CS12280,0,0.3472720941372799
CS12281,0,0.08193719934108386
CS12282,1,0.9795047139579441
CS12283,0,0.342362292532858
CS12284,1,0.4522632124838595
CS12285,1,0.5445050002543773
CS12286,0,0.25054707624816863
CS12287,0,0.02395084820417929
CS12288,0,0.025794310662338168
CS12289,0,0.19531161573107966
CS12290,0,0.2615991895507093
CS12291,0,0.0069432717049874235
CS12292,0,0.36439824144134697
CS12293,0,0.15789829593980104
CS12294,0,0.015067431125075576
CS12295,0,0.08003105475571064
CS12296,0,0.06228916757230661
CS12297,0,0.06782002198442212
CS12298,0,0.1336093071892687
CS12299,0,0.12093497678624997
CS12300,0,0.06418305749172874
CS12301,0,0.0287289527101281
CS12302,0,0.038147366456923223
CS12303,1,0.979886377257464
CS12304,1,0.09718749429253153
CS12305,0,0.036223314011633076
CS12306,0,0.22488955999576116
CS12307,0,0.28630029790003125
CS12308,0,0.3275332044961553
CS12309,0,0.01046473569025934
CS12310,1,0.025960508597920658
CS12311,0,0.0828650258275485
CS12312,1,0.9718304177702701
CS12313,0,0.019845251278599246
CS12314,0,0.033697897453478086
CS12315,0,0.22858859794439151
CS12316,1,0.12911701876899925
CS12317,1,0.5969536801809852
CS12318,0,0.04036146989663417
CS12319,0,0.06117996583670425
CS12320,1,0.38679079872411626
CS12321,1,0.9894673529674743
CS12322,0,0.39211022428341885
CS12323,0,0.050011350883989183
CS12324,0,0.13996609042490762
CS12325,0,0.006305298329307124
CS12326,0,0.7352075685723428
CS12327,1,0.9840750706575059
CS12328,0,0.04141148074567514
CS12329,1,0.9806781903913842
CS12330,0,0.08485087622140877
CS12331,0,0.16667846111477072
CS12332,0,0.6065608825490376
CS12333,0,0.4359367693643972
CS12334,0,0.13302200532859448
CS12335,0,0.01766323785774684
CS12336,0,0.12724150637660545
CS12337,0,0.33510882018300187
CS12338,0,0.028699676259279196
CS12339,0,0.05273061802067337
CS12340,0,0.23420133970600357
CS12341,0,0.014119827275933262
CS12342,0,0.2894080056627063
CS12343,0,0.14196854625030836
CS12344,0,0.17651372419574168
CS12345,0,0.03929758909580351
CS12346,1,0.23828096123240114
CS12347,0,0.05306323716352724
CS12348,1,0.9397691087692704
CS12349,1,0.9778502206242494
CS12350,0,0.049766602062509366
CS12351,1,0.9871397453808537
CS12352,0,0.6715423904971926
CS12353,0,0.26811071778528006
CS12354,1,0.38108310211504276
CS12355,0,0.031208031128543576
CS12356,0,0.5720083006485449
CS12357,1,0.19390395659033624
CS12358,0,0.12865338154457717
CS12359,0,0.16266032784222184
CS12360,0,0.16046656524964484
CS12361,0,0.634609618672705
CS12362,0,0.06894021287362527
CS12363,0,0.1049379144026939
CS12364,1,0.9862286254451086
CS12365,1,0.9385708427658942
CS12366,1,0.24115877340897
CS12367,1,0.015495093338199128
CS12368,0,0.1901054409338683
CS12369,0,0.3325396925449832
CS12370,0,0.11863079798319591
CS12371,0,0.05064117427478225
CS12372,0,0.2896811644389337
CS12373,0,0.016248071498008308
CS12374,1,0.7932049303695612
CS12375,0,0.11774700872571592
CS12376,0,0.15690442927779322
CS12377,0,0.010817310481668563
CS12378,0,0.1376824145489478
CS12379,0,0.0680798914608704
CS12380,0,0.012494351195442281
CS12381,0,0.44325682457264365
CS12382,0,0.014062074254702956
CS12383,0,0.011722604305818988
CS12384,0,0.057560159270323645
CS12385,1,0.628253739847905
CS12386,0,0.022351957008519066
CS12387,0,0.035756682318845566
CS12388,0,0.10698807135094911
CS12389,0,0.13067951168016576
CS12390,1,0.5248574962013766
CS12391,0,0.34245962764476073
CS12392,0,0.04397907003723834
CS12393,0,0.03739755937297703
CS12394,1,0.11508581354065522
CS12395,0,0.3070081001538052
CS12396,0,0.038864590000439694
CS12397,0,0.44290760865281653
CS12398,0,0.03280331809469747
CS12399,1,0.6825329209719594
CS12400,0,0.027681974616059334
CS12401,1,0.3299841757840457
CS12402,0,0.2809338558751666
CS12403,1,0.7473615963080704
CS12404,0,0.5793076860620765
CS12405,0,0.16873614761241887
CS12406,0,0.042003173869525325
CS12407,0,0.02860181950517755
CS12408,0,0.015019348792477991
CS12409,1,0.6636527891138851
CS12410,0,0.16255202090350135
CS12411,1,0.9801385991562817
CS12412,0,0.1860104196929684
CS12413,0,0.24167633502420902
CS12414,0,0.01651377350301889
CS12415,0,0.022845736985013812
CS12416,0,0.16060478767571995
CS12417,0,0.01853896969848052
CS12418,0,0.13942823138636085
CS12419,1,0.04978353880019992
CS12420,0,0.08149250633667392
CS12421,0,0.20767352416034954
CS12422,0,0.031871214024984024
CS12423,0,0.07645219137684992
CS12424,0,0.039492439152958345
CS12425,0,0.29396734540939595
CS12426,0,0.06602808147004686
CS12427,0,0.05901452507400655
CS12428,0,0.5978843142278413
CS12429,0,0.009749042373042008
CS12430,0,0.19429466720735752
CS12431,0,0.020925934724264322
CS12432,1,0.9700079991872531
CS12433,0,0.03455554447970592
CS12434,0,0.10558887601170673
CS12435,0,0.17436139154845806
CS12436,1,0.9695761098982814
CS12437,1,0.9795863209640263
CS12438,0,0.2620422665753043
CS12439,0,0.02098037923834356
CS12440,0,0.0991268789679493
CS12441,0,0.10061048202885223
CS12442,1,0.6770416078422042
CS12443,0,0.07800632357748505
CS12444,0,0.022030775924339174
CS12445,0,0.22446664346326034
CS12446,0,0.17929447199725695
CS12447,0,0.11847784395656792
CS12448,1,0.9699377933163414
CS12449,1,0.5387010969003896
CS12450,0,0.0834484190509533
CS12451,1,0.9779172604895139
CS12452,0,0.07254928002712867
CS12453,0,0.20619855420340202
CS12454,1,0.23251543184024534
CS12455,0,0.5313631889921736
CS12456,0,0.7362189606187203
CS12457,0,0.2612882426363854
CS12458,0,0.052475852594569286
CS12459,0,0.05146364572190207
CS12460,0,0.03681402981611634
CS12461,0,0.008952762841061794
CS12462,0,0.05616373111286674
CS12463,0,0.054213579728232555
CS12464,0,0.22891418448591516
CS12465,1,0.9849607119892718
CS12466,1,0.9701668057934949
CS12467,1,0.13285388830031228
CS12468,0,0.20759714924626374
CS12469,0,0.08752486578773455
CS12470,0,0.34155258687518203
CS12471,1,0.2916646874058776
CS12472,0,0.03512892963002756
CS12473,0,0.04364230000163997
CS12474,0,0.281148024545627
CS12475,0,0.0710724629980877
CS12476,1,0.29093063735436214
CS12477,0,0.10538299631896168
CS12478,0,0.11336877891637522
CS12479,0,0.4403470519645798
CS12480,0,0.01475525970110282
CS12481,0,0.109967946085774
CS12482,0,0.10611801921175411
CS12483,0,0.10171061161672026
CS12484,0,0.046461419481668105
CS12485,0,0.6286457588414874
CS12486,1,0.15934354546158366
CS12487,0,0.08936640050747369
CS12488,1,0.9893294110905578
CS12489,0,0.025866348377638015
CS12490,0,0.023017632113744056
CS12491,1,0.9874697433631702
CS12492,0,0.0834300643046038
CS12493,1,0.589121348081404
CS12494,0,0.3869998442468936
CS12495,0,0.030402582027466
CS12496,0,0.076243772039786
CS12497,0,0.061874267682307416
CS12498,1,0.029990594350727096
CS12499,1,0.2083108757613054
CS12500,1,0.4135714774579128
CS12501,1,0.05411762827150646
CS12502,1,0.9800243856847795
CS12503,0,0.007304132633526551
CS12504,1,0.1948645606837207
CS12505,0,0.06501012427932465
CS12506,0,0.03856276768031118
CS12507,0,0.01392399612294412
CS12508,0,0.136975576156679
CS12509,1,0.676859329751596
CS12510,0,0.02702506868953128
CS12511,0,0.3399489621724575
CS12512,0,0.0622176548829419
CS12513,0,0.12248109747081345
CS12514,0,0.05576315452313727
CS12515,0,0.06461256642303533
CS12516,0,0.05646322595855994
CS12517,1,0.7535914204085972
CS12518,0,0.02132321604275669
CS12519,0,0.046859500096886116
CS12520,0,0.20972203735802158
CS12521,0,0.0675584787447374
CS12522,0,0.5129735154544204
CS12523,0,0.03488511808808658
CS12524,0,0.013481514952190118
CS12525,0,0.19415329915423843
CS12526,0,0.48088532780268134
CS12527,0,0.041689729623873524
CS12528,0,0.018283384078304706
CS12529,1,0.9796134785040823
CS12530,0,0.10460948999145288
CS12531,0,0.017461398675491627
CS12532,1,0.05016513025835976
CS12533,0,0.11288893033388744
CS12534,0,0.0831510890935749
CS12535,1,0.3349587266570326
CS12536,1,0.9837887152743511
CS12537,0,0.025566644204410415
CS12538,1,0.14962236306903545
CS12539,0,0.037187092568915725
CS12540,0,0.018414350132486303
CS12541,1,0.9856948696287232
CS12542,0,0.05994369448041943
CS12543,0,0.2473767295805513
CS12544,0,0.13178439913538875
CS12545,0,0.0407233540157577
CS12546,0,0.10299047498446771
CS12547,0,0.012764458195041978
CS12548,0,0.36369833248812955
CS12549,0,0.06580112158243985
CS12550,0,0.3176748620789911
CS12551,0,0.2685320841054834
CS12552,0,0.2178890367037632
CS12553,0,0.10710748845878705
CS12554,0,0.009640301845544165
CS12555,0,0.017917750090483586
CS12556,1,0.4491539716510062
CS12557,1,0.10969909809052633
CS12558,0,0.28622796896607205
CS12559,0,0.49581077558893005
CS12560,0,0.019379975310128722
CS12561,0,0.01296338452696507
CS12562,1,0.17047459141125193
CS12563,0,0.03117808890587282
CS12564,1,0.09001608283017967
CS12565,0,0.055290109808919366
CS12566,0,0.2878326565543113
CS12567,0,0.20776314365405696
CS12568,0,0.015605332958317137
CS12569,1,0.04646531509003617
CS12570,1,0.7209913941897695
CS12571,1,0.009896877074181054
CS12572,0,0.01873037876480798
CS12573,0,0.051357496802880605
CS12574,0,0.06548828771479624
CS12575,1,0.552759813183113
CS12576,1,0.3842106627862954
CS12577,1,0.1374511357903767
CS12578,1,0.2184805873917367
CS12579,0,0.08454043149816468
CS12580,0,0.027445705378596023
CS12581,1,0.2475872869432208
CS12582,0,0.3362173408285288
CS12583,0,0.01091038093663114
CS12584,0,0.19770203564685024
CS12585,0,0.03482358064167661
CS12586,0,0.45563425096454335
CS12587,0,0.016505135360039107
CS12588,1,0.6978676321684254
CS12589,0,0.05019075680198037
CS12590,1,0.646703781448625
CS12591,0,0.15195686209611198
CS12592,1,0.9880058615518972
CS12593,0,0.05477233735339953
CS12594,0,0.059059303598158815
CS12595,1,0.6891620843790514
CS12596,0,0.15211974160549416
CS12597,0,0.03833591735949159
CS12598,0,0.06766981461164619
CS12599,1,0.17522248767358897
CS12600,0,0.08458274263290429
CS12601,0,0.01649515219557863
CS12602,0,0.22353751633589303
CS12603,0,0.025566955040544962
CS12604,1,0.2159131352645325
CS12605,0,0.30648413761721793
CS12606,0,0.07980336331081843
CS12607,0,0.012960050838459037
CS12608,0,0.20788278083075973
CS12609,0,0.5426580905717541
CS12610,0,0.1031488230104976
CS12611,0,0.4822115084614849
CS12612,0,0.11830487782676066
CS12613,1,0.3175674603843694
CS12614,0,0.2658764410542402
CS12615,0,0.11727541936634309
CS12616,1,0.23924003638410357
CS12617,1,0.5455192372889637
CS12618,0,0.014528690368712002
CS12619,0,0.16182901385725973
CS12620,0,0.03671213974393502
CS12621,0,0.0504380812866894
CS12622,0,0.13685666005254965
CS12623,0,0.030197778625409212
CS12624,0,0.26946463479917887
CS12625,0,0.0700549122716822
CS12626,0,0.11298720032841032
CS12627,0,0.3481563878787355
CS12628,0,0.024716704029137254
CS12629,0,0.03022375548128576
CS12630,0,0.047317923072470534
CS12631,0,0.22550372614525402
CS12632,1,0.1970813168190032
CS12633,0,0.8201902438547313
CS12634,0,0.22309851157589625
CS12635,1,0.9798429193446125
CS12636,0,0.28593262962706484
CS12637,1,0.5304167312346715
CS12638,0,0.04673624857205189
CS12639,0,0.02852828069602164
CS12640,0,0.08460090425532384
CS12641,0,0.31020798546102707
CS12642,0,0.18355630015722849
CS12643,0,0.026032023430038513
CS12644,0,0.334186389195453
CS12645,0,0.018326944640123348
CS12646,1,0.2844638393739111
CS12647,0,0.21309482440490393
CS12648,0,0.17071329056150528
CS12649,1,0.02143098911786153
CS12650,0,0.1418242678452466
CS12651,0,0.01333609259493957
CS12652,0,0.5191576810885282
CS12653,0,0.049630084969716985
CS12654,0,0.2500206041652034
CS12655,1,0.045551220520775086
CS12656,0,0.01404813085303193
CS12657,0,0.06955257370586555
CS12658,0,0.18684915863684967
CS12659,0,0.023564952776291552
CS12660,0,0.05887261096420654
CS12661,0,0.14667595880387088
CS12662,0,0.10060425692526458
CS12663,0,0.40401965098432285
CS12664,0,0.031028766374157732
CS12665,0,0.556569521398818
CS12666,0,0.02569961499940338
CS12667,0,0.03411442870467062
CS12668,0,0.02557980350791093
CS12669,0,0.591124045754008
CS12670,0,0.176831651604649
CS12671,1,0.24435536346854086
CS12672,0,0.07408608915047678
CS12673,1,0.9858936662691863
CS12674,1,0.8319970106592619
CS12675,1,0.1120426861734398
CS12676,0,0.16048429793109184
CS12677,0,0.0428094032083406
CS12678,0,0.12864158000947304
CS12679,0,0.17590105640781484
CS12680,1,0.9782289301868566
CS12681,1,0.3907978101151445
CS12682,0,0.11167430616192404
CS12683,0,0.1358145405563776
CS12684,0,0.010872851419259904
CS12685,0,0.04093720777428712
CS12686,0,0.0861218589578147
CS12687,0,0.2055933031932348
CS12688,0,0.44556714294276795
CS12689,0,0.1337714097875064
CS12690,0,0.12067206301779519
CS12691,1,0.09193747783283325
CS12692,0,0.03616895898517822
CS12693,0,0.01876821485546388
CS12694,0,0.31406473618864145
CS12695,0,0.13854998288731932
CS12696,0,0.11115840418739395
CS12697,0,0.039410688027078644
CS12698,0,0.03768171225260896
CS12699,0,0.012782159557678089
CS12700,0,0.2489542888685787
CS12701,0,0.18771042751912542
CS12702,0,0.006946439649259717
CS12703,0,0.019095583835837537
CS12704,0,0.008335951931024465
CS12705,0,0.03742744150210769
CS12706,0,0.01928969308178493
CS12707,0,0.5733476891681695
CS12708,0,0.015495616415608005
CS12709,0,0.36335950526435434
CS12710,0,0.02458753522092509
CS12711,0,0.01615317623677855
CS12712,0,0.18715569405410593
CS12713,0,0.02277892474915991
CS12714,0,0.0790950002198724
CS12715,0,0.10395752849849106
CS12716,0,0.2660382632421143
CS12717,0,0.0655242681264838
CS12718,0,0.021501007449580993
CS12719,0,0.4274136749989619
CS12720,0,0.0716781317570374
CS12721,0,0.03446192912111122
CS12722,0,0.06579507740877294
CS12723,0,0.37476493343047074
CS12724,0,0.6627411642501295
CS12725,0,0.1471851410566152
CS12726,0,0.36324124516861267
CS12727,0,0.12955068012939108
CS12728,0,0.16938416195191408
CS12729,0,0.24875883114896047
CS12730,1,0.9840893830291643
CS12731,0,0.5219376280925224
CS12732,0,0.05867007839625611
CS12733,0,0.117199675491238
CS12734,0,0.026449685355682408
CS12735,1,0.09485553449247379
CS12736,0,0.01796257836282054
CS12737,1,0.23968920888559614
CS12738,0,0.037406224441991195
CS12739,0,0.03353547081696418
CS12740,0,0.11790299771808965
CS12741,0,0.006735153354548705
CS12742,1,0.33895208818502137
CS12743,1,0.10409772144864675
CS12744,1,0.35869134159292565
CS12745,0,0.10449827026011084
CS12746,0,0.1260775827419381
CS12747,0,0.05339897480572023
CS12748,0,0.098666721574544
CS12749,1,0.2715149634830417
CS12750,0,0.026075044735944394
CS12751,0,0.016076539702881663
CS12752,1,0.8622715798238163
CS12753,1,0.18188852958323984
CS12754,0,0.04158011497667753
CS12755,0,0.07137445183946856
CS12756,1,0.03936765457715997
CS12757,1,0.12456803034672859
CS12758,1,0.7752757563400098
CS12759,0,0.056054935760389314
CS12760,1,0.5970839176655032
CS12761,0,0.021064014426560647
CS12762,1,0.5182912096336468
CS12763,0,0.05408428044491231
CS12764,1,0.9818729746584537
CS12765,0,0.04876953538424827
CS12766,0,0.05038205015177263
CS12767,0,0.056609761907177
CS12768,1,0.6360209290070403
CS12769,0,0.013980991732002342
CS12770,0,0.05381787384767864
CS12771,1,0.43348262889760547
CS12772,0,0.08005721987264648
CS12773,1,0.4830322155294275
CS12774,0,0.02248924784681517
CS12775,0,0.08335995750008403
CS12776,0,0.37875775640696735
CS12777,0,0.03395880054981735
CS12778,0,0.18306598963581344
CS12779,0,0.0951913861232878
CS12780,1,0.9779871576794094
CS12781,0,0.20845215199067543
CS12782,0,0.029878963936731572
CS12783,0,0.08800917268602221
CS12784,0,0.060101344388201375
CS12785,0,0.3146515444148554
CS12786,0,0.03231660079039758
CS12787,1,0.9678964120232082
CS12788,0,0.349341416801729
CS12789,0,0.15987990518320802
CS12790,1,0.5747714365354336
CS12791,0,0.01412619184378734
CS12792,0,0.10213510985137603
CS12793,0,0.020679195352374998
CS12794,1,0.1032644624582996
CS12795,0,0.05637817130715409
CS12796,0,0.025789701710427472
CS12797,1,0.055319030259313305
CS12798,0,0.010164229613139626
CS12799,0,0.13117408733492802
CS12800,1,0.1860209558371895
CS12801,0,0.03778912086405123
CS12802,0,0.05319966279526308
CS12803,0,0.040537163263883944
CS12804,0,0.038760471486187324
CS12805,0,0.11771207872021597
CS12806,0,0.00952741481402351
CS12807,0,0.1947589364100369
CS12808,1,0.04107065654196373
CS12809,1,0.10748147886744615
CS12810,0,0.0857417007917188
CS12811,0,0.07317284976837851
CS12812,1,0.9804569864489887
CS12813,0,0.14553509455115718
CS12814,0,0.011056786336677562
CS12815,0,0.03237516425035523
CS12816,0,0.4081642636599871
CS12817,1,0.16384973315269555
CS12818,1,0.7468297194612711
CS12819,0,0.17380190928597072
CS12820,0,0.012426718134290613
CS12821,0,0.1534496037500231
CS12822,0,0.03558333662254912
CS12823,0,0.02573610838317787
CS12824,1,0.5924933805659361
CS12825,0,0.09754307882259983
CS12826,0,0.1960754955130093
CS12827,0,0.32657284380347085
CS12828,1,0.9875353774911931
CS12829,0,0.25327318538556853
CS12830,0,0.021487405156468468
CS12831,0,0.54841007866841
CS12832,0,0.03358353954181586
CS12833,1,0.35504106979715166
CS12834,0,0.026609073561306852
CS12835,0,0.30741911139557104
CS12836,1,0.9851182206015567
CS12837,0,0.02292304748794322
CS12838,0,0.10248553720242465
CS12839,0,0.10057418128987303
CS12840,0,0.02094741466181396
CS12841,0,0.18832467446170695
CS12842,0,0.15193336123472717
CS12843,0,0.057031760549063046
CS12844,0,0.09042225694841399
CS12845,1,0.3949674547111026
CS12846,0,0.20761300838719998
CS12847,1,0.06569738929424115
CS12848,1,0.21439828555859422
CS12849,0,0.23744599641918615
CS12850,1,0.8615056632916226
CS12851,0,0.27122856955938046
CS12852,0,0.10192688351400776
CS12853,1,0.3140100812341868
CS12854,0,0.1508698159817989
CS12855,0,0.04453517510143877
CS12856,0,0.21234367266292564
CS12857,1,0.19992369948510588
CS12858,0,0.04705466074006587
CS12859,1,0.31137719499156713
CS12860,0,0.07368187606066287
CS12861,0,0.5713539598945344
CS12862,0,0.02120373960448499
CS12863,0,0.04567890559042864
CS12864,1,0.4124453448477037
CS12865,0,0.010974104027149672
CS12866,1,0.14938639186574965
CS12867,0,0.19286679603772164
CS12868,0,0.04254134735074084
CS12869,0,0.018234161143080702
CS12870,1,0.7208790949957519
CS12871,1,0.3926436938553376
CS12872,0,0.13177174062630856
CS12873,0,0.08048059770907863
CS12874,0,0.11879545917971346
CS12875,0,0.12126315921143364
CS12876,0,0.04757674667920238
CS12877,0,0.28599850657490716
CS12878,1,0.549336301348916
CS12879,1,0.020757846723977732
CS12880,0,0.05462222557853363
CS12881,0,0.45309803805215276
CS12882,0,0.03373545717654978
CS12883,0,0.5732960177957012
CS12884,0,0.011764881882896584
CS12885,0,0.11959123719329745
CS12886,0,0.07523915266229186
CS12887,0,0.037127916225510954
CS12888,0,0.11634003170568302
CS12889,0,0.19045617144037416
CS12890,1,0.9847218470664856
CS12891,0,0.4553240407462076
CS12892,0,0.11191255752278255
CS12893,0,0.020703367059772403
CS12894,0,0.25395194590903863
CS12895,0,0.03712647590151785
CS12896,0,0.036195299765361545
CS12897,0,0.06949673261526912
CS12898,0,0.027004723099660823
CS12899,0,0.14217774773911884
CS12900,0,0.5794260621013272
CS12901,1,0.22028781945023554
CS12902,0,0.0760955707175551
CS12903,0,0.9190081637545712
CS12904,0,0.05019297730287736
CS12905,0,0.445178987577605
CS12906,0,0.11929129116277022
CS12907,0,0.008480761466944313
CS12908,0,0.01383872119605872
CS12909,0,0.010156467491834156
CS12910,0,0.19820662629141494
CS12911,0,0.1344599879182987
CS12912,0,0.16285009268975376
CS12913,0,0.05292980693683971
CS12914,0,0.0905070659191139
CS12915,1,0.46165509065742233
CS12916,0,0.010334010425242793
CS12917,0,0.01307210417767356
CS12918,0,0.0436780926015865
CS12919,0,0.04304595150140951
CS12920,0,0.0827082167962315
CS12921,1,0.38444096177743176
CS12922,0,0.13287603572217424
CS12923,0,0.010765660847771977
CS12924,0,0.020660669585521523
CS12925,1,0.2098556475862352
CS12926,0,0.03748291076669743
CS12927,0,0.013844422502035202
CS12928,1,0.5169629874222686
CS12929,0,0.32774096668054103
CS12930,0,0.037148988449384523
CS12931,1,0.9774807433599858
CS12932,0,0.10043235761735073
CS12933,0,0.3102322539571103
CS12934,0,0.14267120225390328
CS12935,1,0.36337858696328673
CS12936,0,0.011712737403267311
CS12937,0,0.21064144579107863
CS12938,1,0.09209740101017813
CS12939,1,0.3450250441571061
CS12940,1,0.0661550863378349
CS12941,0,0.09750353421166333
CS12942,0,0.04209044395380085
CS12943,1,0.25820449699841036
CS12944,0,0.007928740099340456
CS12945,0,0.23794598695322075
CS12946,0,0.11575084791379685
CS12947,0,0.22376908570871598
CS12948,0,0.02191573717996039
CS12949,0,0.10354646210422147
CS12950,0,0.16511925164313723
CS12951,0,0.0642375787693433
CS12952,0,0.04987111510917967
CS12953,1,0.7999800086506316
CS12954,1,0.11778014609282941
CS12955,1,0.616708718551068
CS12956,0,0.4258490198619842
CS12957,0,0.05251061436178483
CS12958,0,0.15321018360056293
CS12959,0,0.06932947179775233
CS12960,0,0.058239265382036734
CS12961,0,0.10814617105625969
CS12962,0,0.38489421899545695
CS12963,1,0.056977659876357986
CS12964,0,0.021102107099581942
CS12965,0,0.6074683134166085
CS12966,0,0.06591122905878938
CS12967,0,0.26201556911247675
CS12968,0,0.10774827836548374
CS12969,0,0.1411235415605622
CS12970,0,0.14779744322139335
CS12971,0,0.2129803385347451
CS12972,0,0.01756208223388837
CS12973,0,0.09584461449129501
CS12974,0,0.24667320044961327
CS12975,0,0.11507122160346232
CS12976,0,0.3193398804912439
CS12977,0,0.1498259580268947
CS12978,1,0.9839526065169976
CS12979,0,0.05110810923702588
CS12980,0,0.07068224306999776
CS12981,1,0.14161030276860112
CS12982,0,0.016572960730982363
CS12983,0,0.12916202397583965
CS12984,0,0.02274002978729277
CS12985,0,0.06342646259739881
CS12986,0,0.1107735399425533
CS12987,0,0.10038731457918874
CS12988,0,0.2367882551257965
CS12989,1,0.9768181247500936
CS12990,0,0.019946638925766744
CS12991,0,0.04014071332710038
CS12992,0,0.07092892675750721
CS12993,0,0.05553467061944058
CS12994,0,0.029858357528421583
CS12995,0,0.08939544321477748
CS12996,0,0.034918318342415565
CS12997,0,0.05433839552276022
CS12998,0,0.12787539995258998
CS12999,0,0.45213673452627495
CS13000,1,0.588000305878399
CS13001,0,0.061516335977641785
CS13002,0,0.033211837232356954
CS13003,1,0.33527096824626496
CS13004,0,0.7199584436159228
CS13005,0,0.025855834952522888
CS13006,1,0.33051443121518387
CS13007,0,0.10271808387253382
CS13008,0,0.0101586779076613
CS13009,1,0.9806781903913842
CS13010,0,0.04869801402849439
CS13011,1,0.6728212875776903
CS13012,0,0.12321160767549338
CS13013,0,0.013573586544427887
CS13014,1,0.2467552283697146
CS13015,0,0.017198328014534206
CS13016,0,0.06260564577660717
CS13017,0,0.04716339495665132
CS13018,0,0.03536723687121196
CS13019,0,0.2273557204900762
CS13020,0,0.21978522613517606
CS13021,0,0.02552554699745652
CS13022,0,0.11200038593137186
CS13023,1,0.9792299869634749
CS13024,0,0.004511988607013368
CS13025,1,0.4011686282777829
CS13026,0,0.19695262303315325
CS13027,0,0.10330320175718219
CS13028,0,0.02820509759529493
CS13029,0,0.15628861341160033
CS13030,0,0.06715672243731671
CS13031,0,0.044868103905302326
CS13032,0,0.05865062732346737
CS13033,0,0.07984730673273178
CS13034,0,0.057433065780618825
CS13035,0,0.17517981553558806
CS13036,0,0.02616843265881701
CS13037,0,0.1884894827922025
CS13038,1,0.19081054103273087
CS13039,0,0.2783193855575455
CS13040,1,0.30165646769446747
CS13041,0,0.02612932743737156
CS13042,1,0.35189320898375587
CS13043,0,0.7653213617292347
CS13044,0,0.08070215700735484
CS13045,1,0.9871013550482607
CS13046,0,0.39291577482568096
CS13047,0,0.03227569200965853
CS13048,0,0.3626357353518327
CS13049,0,0.06765763722698111
CS13050,0,0.019943394275073505
CS13051,0,0.025647834135101
CS13052,0,0.17707247720886224
CS13053,0,0.02979648165851632
CS13054,0,0.6647086431030489
CS13055,0,0.0677879322314071
CS13056,0,0.06664008274359633
CS13057,1,0.985066522950152
CS13058,0,0.20234703800085746
CS13059,0,0.6229862581958431
CS13060,0,0.017376376074907742
CS13061,0,0.06661603890614039
CS13062,0,0.1608227651120682
CS13063,0,0.18412046627357798
CS13064,0,0.09144002316266475
CS13065,0,0.023086793435480008
CS13066,0,0.014289745188449547
CS13067,0,0.5693774432719074
CS13068,0,0.007686107699887938
CS13069,0,0.060582370205368295
CS13070,0,0.030523588478847532
CS13071,0,0.06734704056122537
CS13072,0,0.027883370741675413
CS13073,0,0.037916945945522994
CS13074,1,0.9792321846749069
CS13075,1,0.5840054849751969
CS13076,0,0.3252478225372415
CS13077,0,0.5183298584605242
CS13078,0,0.2997975058653102
CS13079,0,0.040635305347342825
CS13080,0,0.17732729999491156
CS13081,0,0.05404547777681857
CS13082,0,0.23371821382962926
CS13083,1,0.08973326265909663
CS13084,1,0.266917714529326
CS13085,1,0.5182773450944627
CS13086,0,0.05187535417995827
CS13087,0,0.24240308600000568
CS13088,0,0.06822853674083355
CS13089,0,0.13283972732993843
CS13090,0,0.029661964424953186
CS13091,0,0.007615986475109067
CS13092,1,0.5295380941794969
CS13093,1,0.893763100849979
CS13094,1,0.7811001830751588
CS13095,0,0.1078912576484751
CS13096,0,0.787583817107582
CS13097,0,0.40281589944096585
CS13098,1,0.5624208316556029
CS13099,0,0.3541851182297796
CS13100,0,0.045837156230475455
CS13101,0,0.44365927679784056
CS13102,0,0.030713239790882994
CS13103,0,0.4918307245801422
CS13104,0,0.4237068829789808
CS13105,0,0.9480339604046133
CS13106,0,0.4779355107734506
CS13107,1,0.5921375909352501
CS13108,0,0.21172168184233148
CS13109,0,0.029872310313179842
CS13110,1,0.25641754584051263
CS13111,0,0.4805640867056207
CS13112,0,0.010071813176306454
CS13113,0,0.5836066728602609
CS13114,0,0.02318995045871687
CS13115,0,0.026856825167858547
CS13116,0,0.02316423591314559
CS13117,0,0.19821577446686453
CS13118,0,0.15144448144719766
CS13119,0,0.0785562778050719
CS13120,0,0.04630138622734431
CS13121,1,0.08941358338646092
CS13122,1,0.9778916428291953
CS13123,1,0.979289797108047
CS13124,1,0.6240868775999596
CS13125,0,0.5705559693955297
CS13126,0,0.14197841909678272
CS13127,0,0.05947888754055026
CS13128,0,0.799150932184743
CS13129,0,0.043850734442256324
CS13130,0,0.2106263635808068
CS13131,0,0.23987238687802773
CS13132,0,0.02383050574409273
CS13133,0,0.2655102011059292
CS13134,0,0.23898244740375926
CS13135,0,0.110245834562472
CS13136,0,0.1742049023405143
CS13137,0,0.08303042411434629
CS13138,1,0.9719216294539436
CS13139,0,0.022158345339714988
CS13140,0,0.23520108601839193
CS13141,1,0.3306336169518025
CS13142,1,0.4714989030129233
CS13143,0,0.20423792444126865
CS13144,0,0.15369410870450081
CS13145,0,0.0515212093459796
CS13146,1,0.28526181405700163
CS13147,1,0.20260577536384355
CS13148,0,0.13386894442547376
CS13149,1,0.5201518215564509
CS13150,1,0.9812020481286281
CS13151,1,0.9902991972959178
CS13152,0,0.027980403939943912
CS13153,0,0.13173675289462725
CS13154,0,0.4331543902287288
CS13155,0,0.1419624598072465
CS13156,0,0.0464936907275353
CS13157,0,0.016686975412411646
CS13158,1,0.9690531229344933
CS13159,0,0.21837627453673378
CS13160,0,0.3109554954505279
CS13161,0,0.00771175872593419
CS13162,0,0.49269588963517086
CS13163,0,0.6569544395060557
CS13164,0,0.020422135769016258
CS13165,0,0.2391798087718337
CS13166,0,0.04398867529416891
CS13167,0,0.05425246477846133
CS13168,0,0.008276809120389148
CS13169,0,0.15464906922022645
CS13170,0,0.013321106989497414
CS13171,0,0.017241963613384897
CS13172,1,0.82696557805823
CS13173,0,0.5481609096762216
CS13174,0,0.6959676049331317
CS13175,0,0.24251455346579512
CS13176,0,0.06010183070299808
CS13177,0,0.26809012973762003
CS13178,0,0.41734323716614213
CS13179,0,0.09019002010039788
CS13180,0,0.04020165753120408
CS13181,0,0.05518900676929045
CS13182,0,0.030367619610198356
CS13183,0,0.2989257012968032
CS13184,0,0.23247044257238214
CS13185,0,0.35499593511706273
CS13186,0,0.046637914078387355
CS13187,0,0.06397297863171511
CS13188,0,0.11451839892894672
CS13189,0,0.040135678459268964
CS13190,0,0.02873609670844849
CS13191,0,0.13396811687768828
CS13192,0,0.04112371464223326
CS13193,0,0.028567452109803073
CS13194,0,0.3054332376734917
CS13195,0,0.019231224536438746
CS13196,1,0.14831531377140844
CS13197,1,0.9809851148588026
CS13198,0,0.020306685907788845
CS13199,0,0.35681765245269953
CS13200,0,0.04952852218920741
CS13201,0,0.26132255796293363
CS13202,1,0.6538848353114574
CS13203,0,0.16131793590494345
CS13204,0,0.1338865742360558
CS13205,0,0.14413413257190977
CS13206,0,0.1789593636249752
CS13207,0,0.5428972269037541
CS13208,1,0.9845210582022816
CS13209,0,0.047000194082724274
CS13210,0,0.39090444103625327
CS13211,1,0.024204177832322163
CS13212,0,0.13245093598602614
CS13213,0,0.120859500472211
CS13214,0,0.024892223696851446
CS13215,0,0.36814383955154495
CS13216,0,0.0566735438120304
CS13217,0,0.053015281509938415
CS13218,0,0.10353560638416634
CS13219,0,0.053191016980509875
CS13220,1,0.2794255557433978
CS13221,0,0.07714973188210335
CS13222,0,0.011793990350513803
CS13223,0,0.07595375109820682
CS13224,0,0.03405590104741236
CS13225,0,0.04443560899305265
CS13226,0,0.11973930078884922
CS13227,0,0.048637544186148046
CS13228,0,0.42922844643168917
CS13229,0,0.037606630912819156
CS13230,0,0.06022364224417613
CS13231,0,0.4522601507204849
CS13232,0,0.010845105564277086
CS13233,0,0.014690662224181687
CS13234,0,0.01399564462139123
CS13235,0,0.020684681341742242
CS13236,0,0.08900111702972187
CS13237,1,0.28402819411997154
CS13238,0,0.103319563421862
CS13239,0,0.4530795525422146
CS13240,0,0.06758870710912043
CS13241,0,0.4813024645266712
CS13242,0,0.03749204827059757
CS13243,0,0.32758762708011974
CS13244,0,0.047558245902159166
CS13245,0,0.06127172989771096
CS13246,0,0.11017895666112555
CS13247,0,0.01648912187486155
CS13248,0,0.12711593728451212
CS13249,0,0.029905823186687754
CS13250,0,0.5346766752760674
CS13251,1,0.4763502453850123
CS13252,0,0.06508170266350219
CS13253,0,0.47047419783907396
CS13254,0,0.31973534791394903
CS13255,1,0.24568735045049458
CS13256,0,0.36307165000155545
CS13257,1,0.9524157583274783
CS13258,0,0.3004685167578615
CS13259,0,0.05480968161705939
CS13260,0,0.01481178192560016
CS13261,0,0.018231181225495496
CS13262,0,0.48393411031653366
CS13263,0,0.028822706672199667
CS13264,0,0.1056378076454686
CS13265,0,0.008600505376144551
CS13266,1,0.31641114557076094
CS13267,1,0.9803719976517637
CS13268,0,0.29490651130802925
CS13269,1,0.1404590440583052
CS13270,0,0.32621100670847186
CS13271,0,0.06151325878302217
CS13272,0,0.100618721119153
CS13273,0,0.13468593432509424
CS13274,0,0.05741353404264197
CS13275,0,0.020393748712698594
CS13276,0,0.07809579994460472
CS13277,0,0.06895401214911946
CS13278,0,0.06394444429971859
CS13279,0,0.10033354526933926
CS13280,0,0.22738997308574482
CS13281,1,0.9742267389119453
CS13282,0,0.00963335124248888
CS13283,0,0.024656623450462708
CS13284,0,0.6044186038068855
CS13285,0,0.25897439469503286
CS13286,0,0.1391645161553828
CS13287,1,0.9470330437227149
CS13288,0,0.44347877778555117
CS13289,0,0.06130355085173632
CS13290,0,0.02403808755031986
CS13291,0,0.019766494861031207
CS13292,0,0.17128499950881532
CS13293,0,0.11443797190442086
CS13294,0,0.07682682516751602
CS13295,1,0.9785739513887621
CS13296,0,0.027329471659344795
CS13297,0,0.18902001891789066
CS13298,0,0.1956266276519767
CS13299,0,0.011578021548804981
CS13300,0,0.5738803153439538
CS13301,1,0.42053873007525167
CS13302,0,0.039228595338477716
CS13303,0,0.06506248908831556
CS13304,1,0.034614314629061005
CS13305,0,0.022458082733854603
CS13306,0,0.11593971021230556
CS13307,0,0.054907241461194474
CS13308,0,0.019050723784688826
CS13309,0,0.07321941745878396
CS13310,0,0.21541226172656847
CS13311,0,0.03566240615674332
CS13312,0,0.03153791090292904
CS13313,1,0.14835669858029793
CS13314,0,0.03422743879481352
CS13315,0,0.023063927880173266
CS13316,0,0.028080187524755242
CS13317,1,0.29002383944183013
CS13318,0,0.284652771934395
CS13319,0,0.017816866579459672
CS13320,0,0.07227804713980138
CS13321,0,0.0863457005607637
CS13322,0,0.06653227669210686
CS13323,0,0.00678001806750366
CS13324,0,0.021731190272485136
CS13325,0,0.4786963791420249
CS13326,0,0.06351809449834851
CS13327,0,0.5665294879393016
CS13328,0,0.10505143785025176
CS13329,1,0.2512981881743125
CS13330,0,0.09903784321410394
CS13331,1,0.4221445478034212
CS13332,0,0.41318462080842666
CS13333,1,0.2011323601983253
CS13334,0,0.018750399325050463
CS13335,1,0.7544268844661542
CS13336,0,0.023836289093026968
CS13337,1,0.9642040660621625
CS13338,0,0.05307080072901759
CS13339,1,0.9881690619863498
CS13340,1,0.10818503112009371
CS13341,1,0.5976327487119529
CS13342,0,0.13415359159052415
CS13343,0,0.04480540022190391
CS13344,1,0.41740025046896995
CS13345,0,0.044021181162744026
CS13346,0,0.030047695957512128
CS13347,0,0.014195396845801669
CS13348,0,0.0397493292121675
CS13349,0,0.1881608470376244
CS13350,0,0.21110102576975975
CS13351,0,0.03900122484771728
CS13352,0,0.018715453429182072
CS13353,0,0.4624619594406224
CS13354,0,0.07138630740687123
CS13355,0,0.2576307881324761
CS13356,0,0.310586440231129
CS13357,0,0.012207636116793473
CS13358,0,0.01886650525453409
CS13359,0,0.06617214069760478
CS13360,0,0.01978118673542334
CS13361,0,0.18497745946122457
CS13362,0,0.03866449201659975
CS13363,0,0.030027167959164682
CS13364,0,0.3124576679012359
CS13365,0,0.10026721169066984
CS13366,0,0.034217626224625874
CS13367,0,0.021602906996508707
CS13368,1,0.21164175739758376
CS13369,0,0.7019152950146442
CS13370,0,0.020304562933708976
CS13371,0,0.0426769695464635
CS13372,0,0.13893490792768468
CS13373,0,0.29017987312199617
CS13374,0,0.12699453328810764
CS13375,1,0.7737127702883319
CS13376,0,0.055558462985902626
CS13377,1,0.14689252984567114
CS13378,0,0.033323016137132844
CS13379,0,0.06117148091680442
CS13380,0,0.08014487621254826
CS13381,0,0.027709756798266604
CS13382,0,0.015085789932765796
CS13383,0,0.06651967253524611
CS13384,0,0.012793170588323867
CS13385,0,0.17663468149812206
CS13386,1,0.18847141764578929
CS13387,0,0.032375318970120096
CS13388,1,0.09003080206732572
CS13389,1,0.006229255167626102
CS13390,0,0.045630703912380034
CS13391,1,0.5151137384548319
CS13392,0,0.48333697009900456
CS13393,0,0.10639695566564913
CS13394,1,0.9795393347700135
CS13395,0,0.08931578322271705
CS13396,1,0.4007862277636524
CS13397,0,0.04610707901017101
CS13398,0,0.04301846169070434
CS13399,0,0.28876220293586474
CS13400,0,0.05816172425301208
CS13401,1,0.9822009823365869
CS13402,0,0.07579765260988096
CS13403,0,0.42653818304702945
CS13404,1,0.9808988443838138
CS13405,0,0.13467050299665392
CS13406,0,0.0288862369298986
CS13407,0,0.13443775071647468
CS13408,0,0.07024846172916985
CS13409,0,0.3264490872883067
CS13410,0,0.03430380849234111
CS13411,1,0.9868301674344067
CS13412,0,0.17748522497677968
CS13413,0,0.12086722424941612
CS13414,0,0.30344797731589607
CS13415,0,0.644562495145208
CS13416,0,0.0651942613527416
CS13417,0,0.03177934908809745
CS13418,0,0.029823732283418947
CS13419,0,0.04174843501783895
CS13420,0,0.31012461631107535
CS13421,0,0.04973377567233497
CS13422,0,0.04691130694443691
CS13423,0,0.40624332544243597
CS13424,0,0.34221981717562877
CS13425,1,0.5176205905888923
CS13426,1,0.9763387849512624
CS13427,0,0.32987615116174085
CS13428,0,0.11967315670545942
CS13429,0,0.1574875917939268
CS13430,0,0.08602748995333771
CS13431,0,0.016431489786252782
CS13432,1,0.17690378990566444
CS13433,0,0.008036926584700807
CS13434,0,0.05281980005445741
CS13435,0,0.02769173446250046
CS13436,0,0.04594045329788451
CS13437,0,0.14482434406913852
CS13438,0,0.2612548400028169
CS13439,0,0.049194329361997295
CS13440,1,0.6639890243603311
CS13441,1,0.3923641326886262
CS13442,0,0.04729674463205431
CS13443,0,0.04899200191103185
CS13444,0,0.27173535258122405
CS13445,0,0.07223530169959795
CS13446,0,0.16477913451394513
CS13447,0,0.023572225709662876
CS13448,0,0.08773033036348195
CS13449,1,0.2691170338551809
CS13450,0,0.30122186911130927
CS13451,0,0.03652189571953445
CS13452,0,0.15066148334205165
CS13453,1,0.9441477515383164
CS13454,0,0.4453752799789746
CS13455,0,0.20698097953367225
CS13456,0,0.027537892949662527
CS13457,0,0.012747460509659317
CS13458,0,0.29386711600684934
CS13459,0,0.1703055755838744
CS13460,0,0.11464004691891656
CS13461,1,0.08806378212030838
CS13462,0,0.5517089677800369
CS13463,0,0.0589142863375794
CS13464,0,0.04886249547862257
CS13465,1,0.7590733540192888
CS13466,0,0.037766603012574874
CS13467,0,0.38855900654242026
CS13468,0,0.07073881555981298
CS13469,0,0.19446769169013012
CS13470,0,0.08164469938464802
CS13471,1,0.6843564208726972
CS13472,0,0.11260594467197968
CS13473,0,0.0162687701169773
CS13474,1,0.7678435380253473
CS13475,0,0.038352295893220895
CS13476,0,0.012561957153269654
CS13477,0,0.14820441053512198
CS13478,1,0.5417009548954679
CS13479,0,0.1727860903460304
CS13480,0,0.019444834408429583
CS13481,0,0.2065236502077985
CS13482,0,0.14076838351152293
CS13483,0,0.8384612992461357
CS13484,0,0.09325225508098903
CS13485,1,0.5438172674834254
CS13486,1,0.3891346832974944
CS13487,0,0.03280011120797201
CS13488,0,0.18901487514255905
CS13489,0,0.1584186194604431
CS13490,0,0.02224874709038704
CS13491,0,0.3885572924745627
CS13492,0,0.03347532777279445
CS13493,0,0.7423938425473912
CS13494,0,0.055585755356052396
CS13495,0,0.022766594679742423
CS13496,0,0.022165712684872548
CS13497,0,0.13645282752171475
CS13498,0,0.0830025711326821
CS13499,0,0.18176950923671126
CS13500,0,0.08109290396239269
CS13501,1,0.980529601121537
CS13502,0,0.3381208404234108
CS13503,1,0.20153330085060256
CS13504,0,0.11953698497528523
CS13505,0,0.02084704809128382
CS13506,0,0.01664198453260958
CS13507,1,0.2830479369373827
CS13508,0,0.17257818728060947
CS13509,0,0.03486587645185974
CS13510,0,0.05892891440666585
CS13511,0,0.2354743486991647
CS13512,0,0.07946704253901943
CS13513,0,0.4374846851301491
CS13514,0,0.256357127800328
CS13515,0,0.011162495873329641
CS13516,0,0.3212032840240595
CS13517,0,0.523942326279991
CS13518,0,0.030522225098247174
CS13519,0,0.006611296508197022
CS13520,0,0.12493373237910936
CS13521,1,0.09391162031187397
CS13522,0,0.04679372037856176
CS13523,1,0.9886990135839118
CS13524,0,0.013282619572329072
CS13525,0,0.014861329163167883
CS13526,1,0.5932294429785941
CS13527,1,0.650336304081236
CS13528,0,0.7768985906555673
CS13529,1,0.9705371663927078
CS13530,0,0.17619390128898113
CS13531,0,0.05296331334583315
CS13532,1,0.7869998409295993
CS13533,0,0.06673976086031234
CS13534,0,0.014036007392576391
CS13535,0,0.04218289209097233
CS13536,0,0.045404996692484934
CS13537,1,0.345510380139653
CS13538,0,0.04381997132483589
CS13539,1,0.059133861986113666
CS13540,0,0.009302467475448975
CS13541,1,0.9880058615518972
CS13542,0,0.049663526601813265
CS13543,0,0.050153230768443496
CS13544,0,0.11419608617763566
CS13545,0,0.05474176467976939
CS13546,0,0.01745694333492375
CS13547,0,0.02784483769431224
CS13548,1,0.9836137101854026
CS13549,1,0.9784196279227505
CS13550,1,0.12466766432148947
CS13551,0,0.25402851250873215
CS13552,0,0.027177795939357097
CS13553,0,0.18225914058259052
CS13554,0,0.22538272835857212
CS13555,0,0.04028283650187944
CS13556,1,0.34447867143177213
CS13557,0,0.02512991721581676
CS13558,1,0.06650911998593839
CS13559,1,0.20137729279657404
CS13560,0,0.041082337749266194
CS13561,1,0.31137849576644017
CS13562,0,0.22327980209994205
CS13563,0,0.027324371032468098
CS13564,0,0.00944797557273429
CS13565,0,0.02461617455821332
CS13566,1,0.053296990264162084
CS13567,0,0.03685965877731439
CS13568,0,0.14801161921233955
CS13569,0,0.11914338816171004
CS13570,0,0.05453716296731995
CS13571,0,0.014696559303115338
CS13572,1,0.4402872024372796
CS13573,1,0.16161919132334898
CS13574,0,0.028469263789207267
CS13575,1,0.42652638731426057
CS13576,0,0.04890666516325345
CS13577,0,0.2677745633913135
CS13578,1,0.0371856779317571
CS13579,1,0.1563205449135992
CS13580,0,0.22256015980367197
CS13581,1,0.9886990135839118
CS13582,0,0.12803053702647807
CS13583,0,0.051260550705188174
CS13584,0,0.16308142744425205
CS13585,1,0.22389624764595842
CS13586,0,0.08688601507113455
CS13587,0,0.014427146242697243
CS13588,0,0.013105331773407228
CS13589,1,0.20409649882632022
CS13590,1,0.9868746886550079
CS13591,0,0.18690691982408264
CS13592,0,0.15305227436649382
CS13593,0,0.1167793676723669
CS13594,1,0.7339543072430932
CS13595,0,0.011263749000581918
CS13596,0,0.018687892904608133
CS13597,1,0.9799335805432327
CS13598,0,0.01309068717110696
CS13599,1,0.17769715621396054
CS13600,0,0.015314155724579677
CS13601,1,0.4143348741527461
CS13602,0,0.03878744756972068
CS13603,0,0.08407757813265852
CS13604,0,0.07579296355325363
CS13605,0,0.03051575888913357
CS13606,1,0.33746119023897075
CS13607,1,0.22369557230768272
CS13608,0,0.3066868441464255
CS13609,0,0.038703074637385385
CS13610,1,0.8131592831620077
CS13611,0,0.15701058274989324
CS13612,0,0.09033616636888553
CS13613,0,0.017156100293595683
CS13614,0,0.019605863022470176
CS13615,0,0.13904894570982312
CS13616,0,0.1657623750423085
CS13617,1,0.3968140678453211
CS13618,1,0.985771286762973
CS13619,1,0.9851942805841524
CS13620,0,0.013875465253347909
CS13621,1,0.5647761793609134
CS13622,0,0.08475592225303576
CS13623,0,0.011297451757702246
CS13624,0,0.06794846483655878
CS13625,0,0.006286318651961469
CS13626,0,0.024280625198860026
CS13627,1,0.4413224608324535
CS13628,0,0.5069145345599096
CS13629,0,0.029199799851930573
CS13630,1,0.10803134578075026
CS13631,0,0.19959670647017239
CS13632,0,0.023453785346211658
CS13633,0,0.018582084543340444
CS13634,0,0.7434684011657077
CS13635,1,0.14551296445497205
CS13636,0,0.01310922966098019
CS13637,1,0.9867746797434822
CS13638,0,0.3373659416845625
CS13639,0,0.27543047093676565
CS13640,0,0.11827782546636403
CS13641,0,0.01569733438978546
CS13642,1,0.9867832718933038
CS13643,0,0.00683750718333402
CS13644,1,0.23086006002067855
CS13645,0,0.13651279943559053
CS13646,0,0.15820414360963178
CS13647,0,0.0447200425206323
CS13648,1,0.19900290866125375
CS13649,0,0.01754627906913546
CS13650,1,0.6075283583832437
CS13651,0,0.0875296915801323
CS13652,0,0.1437033868542779
CS13653,0,0.21670047375971874
CS13654,0,0.4223894446405912
CS13655,0,0.021738236886208743
CS13656,0,0.30436640314719254
CS13657,0,0.05704789334617114
CS13658,0,0.2545627634728894
CS13659,0,0.11404317985943573
CS13660,0,0.4296088315844253
CS13661,1,0.5444364569959715
CS13662,0,0.2849847849027911
CS13663,0,0.01305808552247367
CS13664,0,0.08705962835070702
CS13665,0,0.019886909864502953
CS13666,0,0.027169880849207167
CS13667,0,0.04746803717626743
CS13668,0,0.07592807447573809
CS13669,0,0.028329217854358876
CS13670,1,0.7335777979467538
CS13671,0,0.04033251169517344
CS13672,1,0.4664687599603395
CS13673,1,0.49195010967165137
CS13674,0,0.07359686638967394
CS13675,0,0.4070558729279887
CS13676,0,0.3783837181049365
CS13677,0,0.06869614637740656
CS13678,0,0.1816671143886724
CS13679,0,0.11427202140842369
CS13680,0,0.06935672452941484
CS13681,0,0.040431040281545316
CS13682,0,0.06463157602621036
CS13683,0,0.019676506382326625
CS13684,0,0.2531599971174974
CS13685,0,0.019165180860734113
CS13686,0,0.08120044800153622
CS13687,0,0.014899345539998238
CS13688,1,0.9862494964407311
CS13689,0,0.5336288167210611
CS13690,1,0.9900247519400431
CS13691,0,0.32717516210497344
CS13692,0,0.06250444972956401
CS13693,0,0.21253628568478
CS13694,0,0.46803165476951414
CS13695,1,0.3377181527365668
CS13696,0,0.023483363244230643
CS13697,0,0.013201714029588682
CS13698,0,0.07672212585107278
CS13699,0,0.48931376235171103
CS13700,0,0.010337600128729826
CS13701,0,0.14902100719823178
CS13702,1,0.1796610555093414
CS13703,0,0.27812253867505043
CS13704,0,0.34200564178323317
CS13705,0,0.013835708924183456
CS13706,0,0.06136035531811271
CS13707,1,0.14738526429071167
CS13708,0,0.024251616110836368
CS13709,0,0.03486212404416977
CS13710,0,0.02632152154367613
CS13711,1,0.6935383533892662
CS13712,0,0.4112876781376441
CS13713,0,0.05552386782413682
CS13714,1,0.45016148749974394
CS13715,1,0.8689768796609026
CS13716,0,0.09793239327415444
CS13717,1,0.2665704846574765
CS13718,0,0.03485996702771334
CS13719,0,0.06815523599952406
CS13720,0,0.19922744077738302
CS13721,0,0.1538980372489393
CS13722,0,0.05639035499519886
CS13723,1,0.19811138224833819
CS13724,0,0.2219804588983024
CS13725,0,0.025120373085253833
CS13726,0,0.3951078166474125
CS13727,0,0.008338942772912902
CS13728,1,0.08246580325835406
CS13729,0,0.05483824162517875
CS13730,0,0.1366939653504701
CS13731,0,0.0269443890128112
CS13732,0,0.1390562339510368
CS13733,1,0.9770373446312886
CS13734,1,0.06181131130919493
CS13735,1,0.7118747883729836
CS13736,0,0.018310851573316703
CS13737,1,0.9447767203930677
CS13738,1,0.25324426717711357
CS13739,0,0.028896815962825687
CS13740,0,0.11957088166352275
CS13741,1,0.5802384003868394
CS13742,0,0.5111619430824124
CS13743,0,0.014889199565005035
CS13744,1,0.346447238035778
CS13745,1,0.5015073921831587
CS13746,0,0.034776411426827976
CS13747,0,0.019408334744854195
CS13748,0,0.013834861627030817
CS13749,1,0.9676316531031658
CS13750,1,0.1763297341113727
CS13751,0,0.04736860047873726
CS13752,1,0.6136562879647266
CS13753,0,0.03502107039186422
CS13754,1,0.5395737993357612
CS13755,1,0.9798498809428119
CS13756,0,0.05542699434584667
CS13757,0,0.3480042046100607
CS13758,0,0.07264053177125877
CS13759,0,0.2818759385097581
CS13760,0,0.0688331316227776
CS13761,0,0.09134225979801752
CS13762,0,0.13636320748636263
CS13763,1,0.7281905108423258
CS13764,1,0.20756758046173784
CS13765,0,0.0407578686902056
CS13766,0,0.02018908836597736
CS13767,0,0.013847340993115445
CS13768,0,0.042633381541196266
CS13769,1,0.503600052671514
CS13770,1,0.44419956892029777
CS13771,0,0.42210810228941487
CS13772,0,0.026421437470586125
CS13773,0,0.23952577349940166
CS13774,0,0.040961498413389856
CS13775,0,0.00777844940585048
CS13776,0,0.38322470470210607
CS13777,0,0.20056810411280263
CS13778,1,0.6551048488597131
CS13779,0,0.12440447887074055
CS13780,0,0.012884674506148686
CS13781,0,0.013324311366037159
CS13782,0,0.015519234808172806
CS13783,1,0.869719311501294
CS13784,0,0.029186225561220455
CS13785,0,0.3399673644291304
CS13786,0,0.05652987304088019
CS13787,1,0.8847490748547494
CS13788,1,0.9885305019371836
CS13789,0,0.062398660199307836
CS13790,0,0.020025327262564344
CS13791,1,0.9862656428833679
CS13792,0,0.36615370739662423
CS13793,0,0.021471689253775114
CS13794,0,0.040365681447967
CS13795,0,0.016751157327256117
CS13796,0,0.08754741693904158
CS13797,0,0.12848703665712394
CS13798,0,0.06585595253240328
CS13799,0,0.023079790283959074
CS13800,0,0.27682941827716717
CS13801,0,0.20276630440537569
CS13802,0,0.013487666472780262
CS13803,1,0.982321744889622
CS13804,0,0.0868681131941073
CS13805,0,0.07137081956952646
CS13806,0,0.029094946962737844
CS13807,0,0.2814526968596361
CS13808,0,0.046377339611888266
CS13809,0,0.01692979584463178
CS13810,0,0.03228192989080165
CS13811,0,0.17676345370773683
CS13812,1,0.07746621621040223
CS13813,0,0.21455639290328368
CS13814,1,0.741510928134718
CS13815,1,0.9175329744906465
CS13816,1,0.9098872994149798
CS13817,0,0.06635919758145256
CS13818,0,0.007664999758899599
CS13819,0,0.27958201817632944
CS13820,0,0.041316497982361346
CS13821,1,0.9785715868611847
CS13822,1,0.622660107926704
CS13823,0,0.068246329942009
CS13824,0,0.13335628472863784
CS13825,1,0.9339570068004679
CS13826,0,0.048111253562689235
CS13827,1,0.334084136178877
CS13828,0,0.3406135731700895
CS13829,0,0.4580718598885726
CS13830,0,0.007049450097788699
CS13831,0,0.15783106452760762
CS13832,1,0.3217328788614783
CS13833,1,0.5723343582843481
CS13834,0,0.056434410610893326
CS13835,0,0.06196629096397373
CS13836,1,0.3085260815683046
CS13837,0,0.09840857302648197
CS13838,1,0.6299760703025002
CS13839,0,0.31348199951809713
CS13840,0,0.015745302966457802
CS13841,0,0.1583270259346505
CS13842,1,0.29496374834759187
CS13843,0,0.043899853752368934
CS13844,0,0.3401649521723879
CS13845,0,0.21532945990783395
CS13846,0,0.05892340550753868
CS13847,1,0.30902525374653256
CS13848,0,0.18393335555658014
CS13849,0,0.49319403906606996
CS13850,0,0.06264523764490544
CS13851,1,0.20259594352128782
CS13852,0,0.1455463110253584
CS13853,0,0.49915149415708737
CS13854,1,0.25988519712822955
CS13855,0,0.06504016922336277
CS13856,0,0.02834706270519365
CS13857,0,0.07106771629360571
CS13858,0,0.2649580281903534
CS13859,0,0.15853231211107963
CS13860,0,0.09033206732746071
CS13861,0,0.02478418439039828
CS13862,1,0.610391730364447
CS13863,0,0.2044656141091349
CS13864,0,0.5236737084017001
CS13865,0,0.1185967810184968
CS13866,1,0.5191650161954832
CS13867,0,0.3418467550118416
CS13868,0,0.06066429252919916
CS13869,0,0.48649763473036156
CS13870,1,0.4086189322848582
CS13871,0,0.24234641979781893
CS13872,0,0.020221277779172795
CS13873,1,0.3756382231887398
CS13874,0,0.028755906369843754
CS13875,0,0.010600684138892955
CS13876,0,0.017463984610577202
CS13877,0,0.01197326434979901
CS13878,0,0.5733513240579292
CS13879,1,0.30349245689728394
CS13880,0,0.04536173392599933
CS13881,1,0.5125503142357193
CS13882,1,0.34259753963189027
CS13883,0,0.06601299667649414
CS13884,1,0.3398565409276391
CS13885,0,0.07014177661394903
CS13886,1,0.47149735775769974
CS13887,0,0.08643599427479913
CS13888,0,0.0107574192402129
CS13889,0,0.05900920842684625
CS13890,1,0.35300217107726983
CS13891,1,0.6276258679088601
CS13892,0,0.019940960022254497
CS13893,0,0.31481796743695606
CS13894,0,0.012496136693566374
CS13895,1,0.23011976123735006
CS13896,0,0.0070817174691110004
CS13897,0,0.04138668946721309
CS13898,0,0.1520607970233274
CS13899,0,0.18588421258730936
CS13900,1,0.10771337477279705
CS13901,0,0.0211633912158643
CS13902,0,0.08408322652195245
CS13903,1,0.847303317643441
CS13904,1,0.734931700466839
CS13905,0,0.0547380775840174
CS13906,0,0.12121636091651558
CS13907,0,0.4202878627242718
CS13908,0,0.05945045572347822
CS13909,0,0.007607878562035357
CS13910,1,0.1117801883792478
CS13911,0,0.17890869796673886
CS13912,0,0.306375074932854
CS13913,1,0.06693755973366225
CS13914,0,0.014584917153725901
CS13915,0,0.06216508717413675
CS13916,0,0.3610250902419642
CS13917,0,0.23778669102981081
CS13918,0,0.15979144201197043
CS13919,0,0.4323782249769095
CS13920,0,0.05182012901042271
CS13921,0,0.030370042791158437
CS13922,0,0.11066017400836857
CS13923,0,0.22381782115116158
CS13924,0,0.025635453745052415
CS13925,0,0.35720625897117486
CS13926,0,0.02420056629948218
CS13927,0,0.22448488411131984
CS13928,0,0.014236141274443309
CS13929,0,0.07491962886392033
CS13930,0,0.024225132298421034
CS13931,0,0.06350146400530512
CS13932,0,0.015957966567677874
CS13933,1,0.05386945656256481
CS13934,0,0.2873027235321868
CS13935,0,0.12269554920028135
CS13936,0,0.01861878176965463
CS13937,1,0.035678233951555074
CS13938,0,0.01014255611134132
CS13939,0,0.07788069555985845
CS13940,1,0.14940249229550326
CS13941,0,0.04623251324407138
CS13942,1,0.9813163459948987
CS13943,0,0.09393505860629153
CS13944,1,0.09199310223524482
CS13945,0,0.4186355345860975
CS13946,0,0.021799322132139767
CS13947,0,0.06807808151885554
CS13948,0,0.09307416115596263
CS13949,0,0.030235633130749683
CS13950,0,0.07366483438423688
CS13951,1,0.6433228539138588
CS13952,0,0.051314682231060275
CS13953,0,0.19320768068358338
CS13954,0,0.034104373500602234
CS13955,0,0.04509191344925054
CS13956,0,0.07029616246131536
CS13957,0,0.0511926721428182
CS13958,0,0.06058718713931405
CS13959,0,0.014365179098572994
CS13960,0,0.4183229224927105
CS13961,0,0.22137917585310526
CS13962,1,0.9860639716003365
CS13963,0,0.020529211261238165
CS13964,0,0.16189538881952037
CS13965,0,0.028334853574042005
CS13966,0,0.13966039599292107
CS13967,0,0.04941154573623165
CS13968,1,0.07447817185339864
CS13969,0,0.04066289335104525
CS13970,0,0.06963346588079819
CS13971,1,0.9783133606029459
CS13972,0,0.49520134674702604
CS13973,1,0.6669713760577569
CS13974,1,0.9732450622975098
CS13975,0,0.2095997740248179
CS13976,0,0.02813425297532937
CS13977,0,0.17523753147891744
CS13978,1,0.3011158745177408
CS13979,0,0.031306614631585385
CS13980,0,0.028551207615681473
CS13981,0,0.2592402365235066
CS13982,0,0.06735056527188724
CS13983,0,0.12473007648338526
CS13984,1,0.9809593483371873
CS13985,0,0.05748438957695356
CS13986,1,0.7164128557449498
CS13987,0,0.01478542615520842
CS13988,0,0.359788379823269
CS13989,0,0.09422354523576112
CS13990,1,0.0741749505924455
CS13991,0,0.05552636521162599
CS13992,0,0.05879394152772524
CS13993,1,0.9724222459641857
CS13994,0,0.11689154068128327
CS13995,0,0.10716200282252773
CS13996,0,0.07583364273472834
CS13997,0,0.1385073102648665
CS13998,0,0.04300157010103246
CS13999,0,0.4377482071925433
CS14000,0,0.21206745770179378
CS14001,1,0.08778967891990061
CS14002,0,0.49533053076267036
CS14003,0,0.4899945225720044
CS14004,1,0.9823126785857372
CS14005,1,0.39376550347543104
CS14006,1,0.6153046542541437
CS14007,1,0.8062011619646793
CS14008,0,0.6651870861201903
CS14009,0,0.2022636757660307
CS14010,0,0.20242954307628838
CS14011,0,0.03559461511789265
CS14012,0,0.010900185540391813
CS14013,0,0.04980431936733749
CS14014,0,0.11809141832963269
CS14015,1,0.47968544627765075
CS14016,1,0.3552891950928835
CS14017,0,0.12788214447851998
CS14018,0,0.0452801681938659
CS14019,0,0.20837814988564313
CS14020,0,0.332077061643282
CS14021,1,0.72345903050461
CS14022,0,0.022939730117540476
CS14023,0,0.03608794586596731
CS14024,0,0.15031168427499683
CS14025,0,0.19072637653177732
CS14026,0,0.09854202758285417
CS14027,0,0.008697342146778853
CS14028,0,0.05614110175423854
CS14029,0,0.16577785427805994
CS14030,0,0.014350473747154478
CS14031,1,0.5318948034808058
CS14032,0,0.6384375444512318
CS14033,0,0.24363765049844954
CS14034,0,0.006703189352544812
CS14035,0,0.0791011138350222
CS14036,0,0.06462372565845832
CS14037,0,0.0928606785337984
CS14038,0,0.1656365663448384
CS14039,0,0.08507356684743005
CS14040,0,0.07549367630520787
CS14041,1,0.2449022172459786
CS14042,1,0.04731232448711588
CS14043,0,0.16025366707002087
CS14044,0,0.024984929856321465
CS14045,0,0.045489961145765166
CS14046,0,0.0732034034568742
CS14047,1,0.9208923979680912
CS14048,1,0.0951764040417868
CS14049,0,0.07737427620492579
CS14050,0,0.06634258221049462
CS14051,1,0.057134382360235596
CS14052,1,0.26287753858050644
CS14053,0,0.3932468260046123
CS14054,0,0.021195041318368014
CS14055,0,0.07993253285051036
CS14056,0,0.33180442235230867
CS14057,0,0.18577678275407677
CS14058,0,0.09920141077840468
CS14059,0,0.1390967481343085
CS14060,0,0.01103580313515199
CS14061,0,0.5873197129108717
CS14062,0,0.011848105805648323
CS14063,0,0.25140766709660384
CS14064,1,0.7082660123972768
CS14065,0,0.1365482365151422
CS14066,0,0.009947809793052402
CS14067,0,0.2007056048216596
CS14068,1,0.2501676202216109
CS14069,0,0.38413249046198306
CS14070,0,0.03841624621143352
CS14071,1,0.17030638678925938
CS14072,0,0.08335050418245214
CS14073,0,0.013791476977536233
CS14074,1,0.9105691734508623
CS14075,0,0.16971721737785436
CS14076,1,0.9878622459247896
CS14077,1,0.7978771016917572
CS14078,1,0.9789579816753267
CS14079,0,0.11000277836699815
CS14080,0,0.14432864840494042
CS14081,0,0.04081332589299819
CS14082,0,0.4986998265158464
CS14083,0,0.08000325009897896
CS14084,0,0.03522045863260469
CS14085,0,0.11091263288037712
CS14086,0,0.019664816402964184
CS14087,0,0.7901710808856917
CS14088,0,0.18604202170572082
CS14089,0,0.07323766945555887
CS14090,0,0.2745853044637604
CS14091,1,0.3363122913367704
CS14092,0,0.6486114257365522
CS14093,0,0.01992322680019966
CS14094,1,0.24495183853865848
CS14095,1,0.3545999515773883
CS14096,0,0.0886443508206275
CS14097,0,0.05451374179384829
CS14098,0,0.11867041722438365
CS14099,0,0.041202419204443695
CS14100,1,0.605074997896992
CS14101,0,0.029401696574279285
CS14102,0,0.05088658505200325
CS14103,0,0.03162980711040205
CS14104,0,0.09651236698879878
CS14105,0,0.6832435413209841
CS14106,0,0.071346067223202
CS14107,1,0.6875075154786306
CS14108,0,0.03617501808157797
CS14109,1,0.9779276468602546
CS14110,0,0.5320403137517996
CS14111,0,0.04770090788801481
CS14112,0,0.11495200203542903
CS14113,0,0.17404563123530076
CS14114,0,0.02516027926675569
CS14115,0,0.47936897326346645
CS14116,0,0.06601497386379786
CS14117,0,0.011375929980786112
CS14118,0,0.08861272450394135
CS14119,0,0.09176674846916869
CS14120,0,0.4132265365863571
CS14121,1,0.5055738271586674
CS14122,0,0.011546237078089688
CS14123,0,0.07319802635159345
CS14124,0,0.18083475973970345
CS14125,0,0.20882658079261326
CS14126,0,0.018672180397231414
CS14127,0,0.12950623462337002
CS14128,0,0.007554280620165858
CS14129,0,0.10026518802930355
CS14130,0,0.19509290475268576
CS14131,0,0.023125044851931443
CS14132,0,0.07308015042474372
CS14133,0,0.01924180577489431
CS14134,0,0.5460476824139403
CS14135,0,0.12194906245333322
CS14136,0,0.2810207282419268
CS14137,0,0.1234785083444273
CS14138,0,0.28535153522205153
CS14139,0,0.26724622622772964
CS14140,0,0.049857178892279835
CS14141,0,0.12419838516734553
CS14142,0,0.05238031932805667
CS14143,1,0.9864437271603579
CS14144,0,0.7769384461826355
CS14145,0,0.1426397767445506
CS14146,0,0.09168990020946689
CS14147,0,0.012603894699767386
CS14148,1,0.3823617102669051
CS14149,0,0.06284841891563404
CS14150,0,0.09927446235636314
CS14151,0,0.6726602050511834
CS14152,0,0.14727791334016596
CS14153,0,0.10341897016783809
CS14154,0,0.20795018916314323
CS14155,0,0.07041740560405411
CS14156,0,0.026546347761105007
CS14157,0,0.39602171417809956
CS14158,0,0.04909898117764479
CS14159,0,0.12292204455032306
CS14160,0,0.3633191954991449
CS14161,1,0.39617232160778904
CS14162,1,0.26823488231570647
CS14163,0,0.11502257297182841
CS14164,0,0.30442434452407435
CS14165,0,0.3545033862758195
CS14166,1,0.3738191996493026
CS14167,0,0.1197386477725484
CS14168,1,0.25497419535214755
CS14169,0,0.02480229077408167
CS14170,0,0.01122440251440018
CS14171,0,0.016049930251287963
CS14172,0,0.20915192317572628
CS14173,0,0.024083881148125735
CS14174,0,0.09105718612514815
CS14175,1,0.1862730973698615
CS14176,0,0.07063029555735889
CS14177,0,0.19066027923325318
CS14178,0,0.16263319973864154
CS14179,0,0.024984987217411415
CS14180,0,0.035903636148941376
CS14181,0,0.028051595228584667
CS14182,1,0.023045676570097824
CS14183,0,0.325756020414209
CS14184,0,0.018073553807773878
CS14185,0,0.10042019471368487
CS14186,0,0.25545444249238386
CS14187,1,0.9898708529547727
CS14188,0,0.07503581411740753
CS14189,1,0.534142907890076
CS14190,0,0.6011818205301585
CS14191,0,0.047973833780755676
CS14192,0,0.022948823176798264
CS14193,0,0.09425075818851238
CS14194,0,0.08722262982501337
CS14195,1,0.8797699886582026
CS14196,0,0.06259250823909195
CS14197,0,0.7266434973851165
CS14198,0,0.3056185184205674
CS14199,0,0.21988503034634027
CS14200,0,0.023421546562618314
CS14201,0,0.015568769711631871
CS14202,0,0.016013184132771634
CS14203,0,0.16683662164457663
CS14204,0,0.028808854324520787
CS14205,0,0.07558199048381734
CS14206,0,0.06738001284061138
CS14207,0,0.40310430171745004
CS14208,0,0.009912567059441478
CS14209,0,0.28809464216602076
CS14210,0,0.019276600494828284
CS14211,1,0.310343482758891
CS14212,1,0.5859264329223671
CS14213,1,0.23290297784825367
CS14214,0,0.017337611670829534
CS14215,0,0.009135389224181367
CS14216,1,0.05201788350806992
CS14217,0,0.31204708256231634
CS14218,1,0.41963271676372615
CS14219,0,0.06380614318994725
CS14220,1,0.16048824591733557
CS14221,0,0.1156107835220944
CS14222,0,0.0897783791447667
CS14223,0,0.4498712958780313
CS14224,0,0.013559598386939545
CS14225,0,0.0759323456416907
CS14226,0,0.06784843442434726
CS14227,0,0.2941650313385631
CS14228,0,0.030212964908268136
CS14229,0,0.023268325373179907
CS14230,1,0.16000294628114703
CS14231,0,0.05723141197928559
CS14232,0,0.03665813275944317
CS14233,0,0.03372196041985337
CS14234,0,0.03104681656269986
CS14235,0,0.6159719697957281
CS14236,1,0.8038022384009876
CS14237,1,0.98383311776162
CS14238,1,0.8197832781450564
CS14239,0,0.008895480421531127
CS14240,1,0.33636463162323693
CS14241,0,0.09652594977201617
CS14242,0,0.023989136321116804
CS14243,1,0.17383450333430062
CS14244,0,0.01862886778300009
CS14245,0,0.1408763440546288
CS14246,0,0.7931914228573704
CS14247,0,0.03188042761890126
CS14248,0,0.02989917203771169
CS14249,0,0.1656971657843546
CS14250,0,0.021656512887333234
CS14251,0,0.10256204666449724
CS14252,0,0.03835334739048299
CS14253,0,0.08482097144608958
CS14254,0,0.17533209339516878
CS14255,0,0.08586551810034351
CS14256,0,0.014132156089026536
CS14257,0,0.17274960027312944
CS14258,1,0.477088331839374
CS14259,0,0.05570841195242903
CS14260,1,0.42820055754159064
CS14261,0,0.2832394598303303
CS14262,0,0.07537578262626554
CS14263,0,0.268239964335262
CS14264,0,0.263102975584666
CS14265,0,0.16873908662180087
CS14266,0,0.14597621984437933
CS14267,0,0.3247804294100008
CS14268,0,0.13414054042770196
CS14269,0,0.03978568502241762
CS14270,1,0.6522586293248326
CS14271,0,0.08303210688956848
CS14272,1,0.15476270135885392
CS14273,0,0.033947254524845615
CS14274,0,0.04508609297195926
CS14275,0,0.06108067619487756
CS14276,0,0.2573792797430003
CS14277,0,0.03161606036763318
CS14278,0,0.6383209246716788
CS14279,1,0.39309414803721354
CS14280,0,0.0892104273019634
CS14281,0,0.028044748017684352
CS14282,0,0.02967592344519017
CS14283,0,0.17741590616447456
CS14284,0,0.08003594102224774
CS14285,0,0.21909395595732492
CS14286,1,0.9799980719292363
CS14287,0,0.16717201740754514
CS14288,0,0.0544443819824655
CS14289,0,0.02689455137247632
CS14290,0,0.013119678941185292
CS14291,0,0.433128494139426
CS14292,0,0.35676788702862106
CS14293,1,0.7832743744813466
CS14294,0,0.037682640977026075
CS14295,0,0.08550711371279188
CS14296,0,0.09500687500037382
CS14297,0,0.054008351918417276
CS14298,0,0.03704776557496745
CS14299,0,0.017087086191178623
CS14300,0,0.20926068021775343
CS14301,0,0.015271364884602486
CS14302,0,0.06602688294108336
CS14303,0,0.3020254716886936
CS14304,0,0.28465365738503784
CS14305,0,0.5596637751118204
CS14306,1,0.9850475764349165
CS14307,0,0.03240127508382358
CS14308,0,0.12367749622665472
CS14309,0,0.8056412210146705
CS14310,0,0.15529438238512414
CS14311,0,0.044789050015921095
CS14312,0,0.05882307754674598
CS14313,0,0.25891774259456785
CS14314,0,0.3431188685293839
CS14315,1,0.8108801119570077
CS14316,0,0.19104426185742243
CS14317,1,0.09419388612328843
CS14318,0,0.10604597346051078
CS14319,0,0.10751293446474612
CS14320,0,0.09002291005559025
CS14321,0,0.055467628235145915
CS14322,0,0.38273940357313435
CS14323,1,0.6506812315465327
CS14324,0,0.15547763477421014
CS14325,0,0.009341276974168143
CS14326,1,0.15742636502166074
CS14327,0,0.40512239734197986
CS14328,0,0.053363880128420804
CS14329,0,0.06032640116709136
CS14330,1,0.15120546605893206
CS14331,0,0.6622819395101844
CS14332,1,0.606790944419081
CS14333,0,0.1839732952390519
CS14334,0,0.013820753244779273
CS14335,0,0.03491262673952052
CS14336,0,0.0067230736301929685
CS14337,1,0.17003845744520318
CS14338,0,0.10335262478868215
CS14339,0,0.01043170397091606
CS14340,1,0.9812690482556488
CS14341,0,0.13406862572004674
CS14342,0,0.2107214631471902
CS14343,0,0.03182995384464864
CS14344,0,0.1211469839526526
CS14345,0,0.14801275688837856
CS14346,1,0.9683900048885578
CS14347,0,0.01593633135143578
CS14348,0,0.01853460305119116
CS14349,0,0.07223454641102754
CS14350,0,0.03687223141216456
CS14351,0,0.03367447056845666
CS14352,0,0.2319157358028257
CS14353,1,0.5246308638235694
CS14354,0,0.027692304391634302
CS14355,0,0.019536444025222643
CS14356,1,0.6291322155134469
CS14357,0,0.3600673982003164
CS14358,0,0.013254108779644981
CS14359,1,0.985771286762973
CS14360,0,0.03979379384820181
CS14361,0,0.006835246823419838
CS14362,0,0.016352418422168544
CS14363,0,0.12591226181902718
CS14364,0,0.021325918594539868
CS14365,0,0.11543513247187284
CS14366,0,0.1703942527965208
CS14367,1,0.1599439970333191
CS14368,0,0.031869423221900985
CS14369,0,0.5856580361573199
CS14370,0,0.11162448920234423
CS14371,0,0.09934063142164268
CS14372,0,0.15766087149233773
CS14373,0,0.22388835589273487
CS14374,1,0.11276195117013191
CS14375,0,0.070282642674161
CS14376,0,0.22896045714759133
CS14377,0,0.04773174052947731
CS14378,1,0.1964397407903944
CS14379,0,0.6442182290231663
CS14380,0,0.059978490023008674
CS14381,0,0.35660132976560566
CS14382,1,0.616850264947865
CS14383,0,0.019936746075370403
CS14384,0,0.41915692221401524
CS14385,0,0.07975876662538631
CS14386,0,0.50807690611377
CS14387,0,0.013812268891698159
CS14388,1,0.04558849911417779
CS14389,0,0.013735033389203382
CS14390,0,0.01782739568693739
CS14391,1,0.24585134893309243
CS14392,0,0.04163480723009505
CS14393,1,0.5823034157165489
CS14394,0,0.18756732429711712
CS14395,0,0.04850793699499626
CS14396,0,0.09627638722654656
CS14397,0,0.05763474971154909
CS14398,0,0.04323664529386452
CS14399,0,0.15346237035218857
CS14400,0,0.09919168711476385
CS14401,1,0.7178557168856491
CS14402,0,0.03120451665465619
CS14403,0,0.07161427330798367
CS14404,0,0.09312944739767269
CS14405,0,0.012531679759290005
CS14406,1,0.05597339928830599
CS14407,1,0.3623667055552949
CS14408,0,0.20113111987332838
CS14409,0,0.028762766252552776
CS14410,0,0.02627900563879981
CS14411,0,0.019875395935622046
CS14412,0,0.3857701572711976
CS14413,0,0.012916018886041674
CS14414,0,0.1967374499192713
CS14415,0,0.6322797877081793
CS14416,1,0.24056110861764754
CS14417,0,0.7818665378559646
CS14418,1,0.39194596427212525
CS14419,0,0.01349353986737039
CS14420,1,0.05022001736648244
CS14421,0,0.08203854555111814
CS14422,0,0.0858415852915395
CS14423,0,0.024263405280355328
CS14424,0,0.025860450627931013
CS14425,0,0.13744645062662192
CS14426,0,0.13300195102423082
CS14427,0,0.009771732176837643
CS14428,0,0.2819402894233898
CS14429,0,0.200624190962979
CS14430,1,0.4131961780673223
CS14431,0,0.2774981631018369
CS14432,0,0.4584138149803431
CS14433,0,0.13586193017552067
CS14434,0,0.09209579400766947
CS14435,1,0.8899097923230814
CS14436,1,0.14411006041359692
CS14437,0,0.1363715819440759
CS14438,0,0.07763002784552558
CS14439,0,0.27892945732756225
CS14440,0,0.5572661205965749
CS14441,0,0.03807948389136462
CS14442,0,0.29513899216432876
CS14443,0,0.02601008082998583
CS14444,0,0.16150290639694115
CS14445,0,0.35936127922554095
CS14446,0,0.07845400871042812
CS14447,1,0.4442744689345368
CS14448,0,0.6579643316568359
CS14449,0,0.267162913552244
CS14450,0,0.0859349599885544
CS14451,0,0.40994516121072827
CS14452,0,0.04406332406305654
CS14453,0,0.030120834620927083
CS14454,0,0.04497451785906284
CS14455,0,0.3166899439668632
CS14456,0,0.015062384568947247
CS14457,0,0.01947864328356813
CS14458,0,0.519080629134813
CS14459,0,0.019847199881296587
CS14460,0,0.25577373352737814
CS14461,0,0.12232258761120322
CS14462,0,0.07689272844097081
CS14463,1,0.34475209720084193
CS14464,0,0.06436234588986621
CS14465,0,0.018636894455260743
CS14466,0,0.024020393077008116
CS14467,0,0.12771151346950294
CS14468,0,0.006249634035289442
CS14469,0,0.16176624912863644
CS14470,0,0.2852307463523223
CS14471,0,0.2925998717247177
CS14472,1,0.9889369936164464
CS14473,0,0.16078804277416248
CS14474,0,0.21881709916586373
CS14475,1,0.23254286125757914
CS14476,0,0.07270687492838393
CS14477,1,0.6261887917854044
CS14478,0,0.012785321502533172
CS14479,1,0.28058837194465697
CS14480,1,0.9784751470681529
CS14481,1,0.1506571921959273
CS14482,0,0.09103336634543814
CS14483,0,0.01283931729302344
CS14484,0,0.058576031833478946
CS14485,0,0.04147014088015852
CS14486,0,0.6210446716163093
CS14487,0,0.017907409784676764
CS14488,1,0.837118739265732
CS14489,0,0.06707249580312201
CS14490,0,0.036669110687112025
CS14491,0,0.035780313037832426
CS14492,0,0.12617985707214754
CS14493,0,0.12484317174283788
CS14494,0,0.4254125390119642
CS14495,0,0.20764988282764976
CS14496,0,0.08839206033124741
CS14497,0,0.016612741021554
CS14498,1,0.12773899173520792
CS14499,0,0.054312224420651305
CS14500,1,0.6719304598518462
CS14501,0,0.050691258717914356
CS14502,0,0.1923296181141829
CS14503,1,0.44334092643940415
CS14504,1,0.16061660427721083
CS14505,1,0.3932080779270282
CS14506,0,0.4239884127619706
CS14507,0,0.19528644556496877
CS14508,0,0.023363355987663672
CS14509,0,0.01211533181508071
CS14510,0,0.011180328269673872
CS14511,0,0.05105084247205006
CS14512,0,0.2951970889904053
CS14513,1,0.4992828801339615
CS14514,1,0.9864717639389244
CS14515,0,0.02663305048633964
CS14516,0,0.08200837142689259
CS14517,0,0.074135463087432
CS14518,0,0.056164536624682196
CS14519,0,0.024335925689912517
CS14520,0,0.09513073911786321
CS14521,0,0.015484710640591946
CS14522,1,0.9873543099387864
CS14523,0,0.12815163273322144
CS14524,0,0.11571676699047073
CS14525,0,0.023940640033458433
CS14526,0,0.22764580645050625
CS14527,0,0.1931444072200601
CS14528,0,0.20280055795683832
CS14529,0,0.19966059986204462
CS14530,1,0.04648944861592838
CS14531,1,0.13557788084222486
CS14532,0,0.2565468827300557
CS14533,1,0.3283980204283846
CS14534,0,0.06580206260036489
CS14535,1,0.31280830851345376
CS14536,0,0.12189354428403538
CS14537,0,0.12364059284602989
CS14538,0,0.1589632326791028
CS14539,0,0.11434050438544391
CS14540,0,0.05736697661963981
CS14541,0,0.028326275593937494
CS14542,0,0.04753331887364338
CS14543,1,0.6958331034678236
CS14544,0,0.01392905546177754
CS14545,1,0.40988283026242245
CS14546,1,0.08089513382506718
CS14547,1,0.1146005512842955
CS14548,0,0.3905424219061845
CS14549,0,0.012403065373564951
CS14550,0,0.021498666629850706
CS14551,0,0.049091590814435405
CS14552,0,0.036777687988336104
CS14553,1,0.06879036805443312
CS14554,0,0.33135135953751477
CS14555,0,0.6921504383360257
CS14556,0,0.03196941539453004
CS14557,0,0.07267668253186967
CS14558,0,0.012067758050435537
CS14559,0,0.45539222676355107
CS14560,0,0.28678702234902176
CS14561,0,0.3779674917003243
CS14562,0,0.04163206734388962
CS14563,0,0.03741789532006583
CS14564,0,0.05007678182451009
CS14565,0,0.025647399192768528
CS14566,0,0.05802593042925608
CS14567,0,0.011035059157583686
CS14568,0,0.4719470132905063
CS14569,0,0.10465750675481225
CS14570,0,0.16891487605744898
CS14571,0,0.02376917925396007
CS14572,0,0.25918077053684446
CS14573,0,0.10998020259435064
CS14574,0,0.03316420619645049
CS14575,0,0.06347730034339057
CS14576,0,0.29514050034084865
CS14577,0,0.3432194843728634
CS14578,0,0.02612392625869554
CS14579,1,0.5872697660091287
CS14580,1,0.12571810981169718
CS14581,0,0.5463993545918531
CS14582,1,0.9877796147313644
CS14583,0,0.06685730883614546
CS14584,0,0.25895110288583595
CS14585,1,0.5491933921209801
CS14586,1,0.48634022590598786
CS14587,0,0.14468754237093
CS14588,0,0.06451816622561822
CS14589,0,0.06610082751577893
CS14590,1,0.690808043146586
CS14591,0,0.1598645000836819
CS14592,0,0.025045599755637363
CS14593,1,0.09762923366275562
CS14594,0,0.12847363848978113
CS14595,1,0.2827754828041836
CS14596,0,0.5223900938378112
CS14597,0,0.10948753890939296
CS14598,0,0.2288210147584199
CS14599,1,0.41899367015975203
CS14600,1,0.5996454786951462
CS14601,0,0.04584599240899002
CS14602,0,0.01746649808651006
CS14603,0,0.18249989445056408
CS14604,0,0.032935050064162676
CS14605,1,0.4064945584659959
CS14606,1,0.983278352914127
CS14607,0,0.018173451267008662
CS14608,0,0.185676479468856
CS14609,0,0.009080399734249284
CS14610,0,0.013591633657000203
CS14611,0,0.09396323457774126
CS14612,1,0.31068013345399276
CS14613,0,0.01576431014925929
CS14614,0,0.4715554374297574
CS14615,0,0.3883660609532139
CS14616,0,0.02901028579010698
CS14617,0,0.582148546156872
CS14618,1,0.67153109670918
CS14619,0,0.35964945691596373
CS14620,0,0.06459129192111619
CS14621,1,0.9852719605253448
CS14622,0,0.05956807801604712
CS14623,1,0.2188749031079293
CS14624,0,0.11762806621938979
CS14625,0,0.007489334828232815
CS14626,1,0.3340241690412985
CS14627,0,0.007213547179095608
CS14628,0,0.01483267571757332
CS14629,1,0.32186042104553525
CS14630,0,0.035713518575398444
CS14631,1,0.3593963135795867
CS14632,0,0.06918662063252433
CS14633,0,0.5197706905622773
CS14634,0,0.477084342241534
CS14635,0,0.02030662506845974
CS14636,0,0.0757558103579396
CS14637,0,0.1415437202023728
CS14638,1,0.44159613267277265
CS14639,0,0.29851322525217433
CS14640,0,0.07431639505910131
CS14641,0,0.5520376070439598
CS14642,1,0.7487524057044861
CS14643,0,0.04264360523057635
CS14644,0,0.4860561567515899
CS14645,0,0.027718154822796232
CS14646,0,0.270487661462524
CS14647,0,0.335014635820395
CS14648,0,0.038674048112136344
CS14649,0,0.022396900784608185
CS14650,0,0.04558722909172278
CS14651,0,0.0770640480508302
CS14652,0,0.011822121622142804
CS14653,1,0.5805457253906962
CS14654,0,0.18236786717608128
CS14655,0,0.21303453702636974
CS14656,0,0.21660299611338335
CS14657,0,0.05590598633840801
CS14658,0,0.005632511907843554
CS14659,1,0.14048538057850132
CS14660,0,0.04011923958762207
CS14661,0,0.008724496892230257
CS14662,0,0.1171728795408711
CS14663,0,0.3960479996470172
CS14664,0,0.17097775064263623
CS14665,0,0.10637002866581884
CS14666,0,0.10218833011157685
CS14667,0,0.14437064418193804
CS14668,0,0.08963923409165066
CS14669,0,0.02415435637027949
CS14670,0,0.09130972183500946
CS14671,0,0.1046554366867229
CS14672,0,0.8010345011542509
CS14673,1,0.8236412551578604
CS14674,0,0.3210882444450261
CS14675,0,0.03724325023847881
CS14676,1,0.40626664174371596
CS14677,0,0.02111598545450446
CS14678,1,0.2420934455942865
CS14679,1,0.6932107783483683
CS14680,0,0.047864808102566894
CS14681,1,0.5401045920440437
CS14682,1,0.3461868084817211
CS14683,0,0.08671665194932254
CS14684,0,0.24966754935122917
CS14685,0,0.09211953926643822
CS14686,0,0.08655339556449136
CS14687,1,0.17000372903325106
CS14688,0,0.030432574930802203
CS14689,0,0.06987122338951317
CS14690,1,0.9915355123831989
CS14691,0,0.059113052417474964
CS14692,1,0.5138310855192529
CS14693,0,0.0926131640084731
CS14694,0,0.021370852237201757
CS14695,1,0.15137092407300973
CS14696,0,0.20733027672965848
CS14697,0,0.28658731424537387
CS14698,0,0.03882149603536866
CS14699,0,0.029847123995074266
CS14700,0,0.013119197368149118
CS14701,1,0.35740567557874897
CS14702,0,0.019325184408727623
CS14703,1,0.09788310460481586
CS14704,0,0.03087321855353244
CS14705,1,0.9859949044528222
CS14706,0,0.43701241711987504
CS14707,1,0.9829751234677191
CS14708,1,0.7400405127627973
CS14709,0,0.12291113476903433
CS14710,0,0.4974945207642263
CS14711,0,0.025005527934812925
CS14712,0,0.11603523678322816
CS14713,0,0.052073172829053375
CS14714,0,0.06675802897494178
CS14715,0,0.5235148991297315
CS14716,0,0.0783974893557174
CS14717,0,0.429007683912166
CS14718,0,0.1059853985848737
CS14719,0,0.021960811387748674
CS14720,0,0.05117416088814052
CS14721,0,0.31863427379120557
CS14722,1,0.4541202914900847
CS14723,0,0.012208164194862479
CS14724,1,0.07013853699993063
CS14725,0,0.345596596810931
CS14726,0,0.010361212773939515
CS14727,0,0.13529643025233362
CS14728,0,0.010274123450442214
CS14729,0,0.12482323914978949
CS14730,0,0.042392421105607495
CS14731,0,0.03665877038123544
CS14732,0,0.0787151242114183
CS14733,0,0.17668585173016013
CS14734,0,0.02593129551511948
CS14735,0,0.15392954018403096
CS14736,0,0.011828928941086456
CS14737,1,0.9812020481286281
CS14738,1,0.4881188739001087
CS14739,0,0.011684648678680777
CS14740,0,0.05590004302439874
CS14741,0,0.4034689552177652
CS14742,1,0.04281575740942399
CS14743,0,0.37369648412481166
CS14744,0,0.0431666226738168
CS14745,0,0.034055084768192086
CS14746,0,0.23498600655133442
CS14747,0,0.09813976854554032
CS14748,0,0.21119279541547636
CS14749,0,0.031343943903405856
CS14750,1,0.15165317616460758
CS14751,0,0.38401883826247274
CS14752,0,0.028523616885324524
CS14753,0,0.050328529899891214
CS14754,0,0.32952979930911225
CS14755,1,0.3800292123554502
CS14756,0,0.05232620139373457
CS14757,1,0.3210377204728554
CS14758,0,0.06364882473644468
CS14759,0,0.06574177346071573
CS14760,1,0.820584808488014
CS14761,1,0.03139215952523254
CS14762,0,0.01283742790619842
CS14763,0,0.04625582574713974
CS14764,0,0.1854094747179902
CS14765,0,0.005502671793459296
CS14766,0,0.011879189690285346
CS14767,0,0.031722850828253546
CS14768,1,0.14545400065864342
CS14769,0,0.09535011154894601
CS14770,0,0.011777113794331715
CS14771,1,0.2587057167037163
CS14772,0,0.09578844099135493
CS14773,0,0.03500929922253126
CS14774,1,0.387067355687317
CS14775,0,0.02707107668512255
CS14776,0,0.11897652678437012
CS14777,0,0.02660300121634278
CS14778,1,0.98996788259505
CS14779,0,0.038815855643129366
CS14780,0,0.1371665258335702
CS14781,0,0.02268467289033333
CS14782,1,0.1999795021965723
CS14783,0,0.0263079871471518
CS14784,0,0.05656826887819487
CS14785,1,0.5124132827752219
CS14786,0,0.14786977531621623
CS14787,1,0.8807194953582003
CS14788,0,0.08855720864173298
CS14789,1,0.11351061334429643
CS14790,0,0.05503756959602001
CS14791,0,0.10098030946060842
CS14792,0,0.225430318230855
CS14793,0,0.247198463531615
CS14794,1,0.03421893148517408
CS14795,0,0.06490581717056028
CS14796,0,0.023152336364116347
CS14797,0,0.039168458352530286
CS14798,1,0.1277753642319905
CS14799,0,0.025308802853984833
CS14800,0,0.06515522440944059
CS14801,0,0.11344421935292363
CS14802,0,0.014297324576523896
CS14803,0,0.2466007451164098
CS14804,0,0.29787406971383223
CS14805,0,0.015516852314398574
CS14806,0,0.01683983428826464
CS14807,0,0.10278891046081291
CS14808,1,0.22984871720518604
CS14809,0,0.030455440945766417
CS14810,0,0.043948306094844194
CS14811,0,0.011776809530788076
CS14812,0,0.22772609432914145
CS14813,0,0.08244930059912535
CS14814,0,0.4357108364954769
CS14815,1,0.38129688222425623
CS14816,1,0.7082689352445011
CS14817,1,0.23151824999142456
CS14818,0,0.14775486265478935
CS14819,0,0.29310946421637263
CS14820,0,0.07092180236503874
CS14821,0,0.02572395083667537
CS14822,0,0.04001323747598286
CS14823,1,0.21618981221060754
CS14824,1,0.7026684373253477
CS14825,0,0.11296405218661859
CS14826,0,0.05564849854309848
CS14827,0,0.5739874676606157
CS14828,1,0.41130591323132004
CS14829,0,0.032254926890501336
CS14830,0,0.09480034162346292
CS14831,0,0.0951635841134799
CS14832,0,0.08506087748062724
CS14833,0,0.19451216573110852
CS14834,1,0.8094656195755252
CS14835,0,0.021479830860724563
CS14836,0,0.06988602917634523
CS14837,0,0.5952887969234643
CS14838,0,0.04730385823220509
CS14839,0,0.035104834799928604
CS14840,0,0.5394328417815183
CS14841,0,0.015097440246683939
CS14842,0,0.10360948765329844
CS14843,1,0.9805542537223009
CS14844,1,0.9814685231855625
CS14845,0,0.041182445777283555
CS14846,0,0.020656593462899196
CS14847,0,0.07027943194856906
CS14848,0,0.47625679879818017
CS14849,0,0.19449786147566306
CS14850,0,0.05724828070111955
CS14851,0,0.006729528088820539
CS14852,0,0.03679458727758552
CS14853,1,0.9783796903338376
CS14854,0,0.015470775480261096
CS14855,1,0.2319155139544415
CS14856,0,0.21989863564300874
CS14857,0,0.012087448099529765
CS14858,0,0.025263536436313707
CS14859,1,0.9783839288220127
CS14860,0,0.10639501697768554
CS14861,1,0.05218994130844088
CS14862,0,0.6558709950984183
CS14863,0,0.06288496909905347
CS14864,0,0.029785478306995277
CS14865,0,0.01982609790369698
CS14866,0,0.6753676497219598
CS14867,0,0.19150895460734665
CS14868,0,0.038317792628977734
CS14869,0,0.24007948705373094
CS14870,0,0.04763092492350368
CS14871,0,0.5240078697686661
CS14872,0,0.511576175426291
CS14873,0,0.04348824535521091
CS14874,0,0.006695956824186091
CS14875,0,0.059520519216595215
CS14876,1,0.15101765958461683
CS14877,0,0.036964477270599906
CS14878,0,0.12185753509094069
CS14879,0,0.19783094479988686
CS14880,0,0.04693229159721219
CS14881,0,0.09680301188190535
CS14882,0,0.02446609431577767
CS14883,0,0.06311514024643845
CS14884,1,0.9827809564431959
CS14885,0,0.020327374180488765
CS14886,0,0.27255440265617453
CS14887,0,0.09037749562884857
CS14888,0,0.02314006435061089
CS14889,0,0.15698722821652952
CS14890,0,0.21053142167050828
CS14891,0,0.0903462424311363
CS14892,0,0.024218161585611672
CS14893,0,0.16796396765107754
CS14894,0,0.02185944249292924
CS14895,0,0.06763826776578254
CS14896,0,0.056304547779241716
CS14897,0,0.008772632309656471
CS14898,0,0.017363585200215522
CS14899,0,0.01939022087963503
CS14900,0,0.07288319172202039
CS14901,1,0.08686332796459828
CS14902,0,0.3533953342936092
CS14903,0,0.18519807684963877
CS14904,0,0.013909474402751481
CS14905,0,0.03098584548368548
CS14906,0,0.03021131108604205
CS14907,0,0.22773212829092468
CS14908,0,0.06666945521626634
CS14909,0,0.07638195635312454
CS14910,0,0.027647733428829
CS14911,0,0.0505697455690987
CS14912,1,0.6998730490865486
CS14913,0,0.10095989139494421
CS14914,0,0.3436973071582484
CS14915,0,0.5102819192440842
CS14916,0,0.6127633348185634
CS14917,0,0.033360401104253985
CS14918,0,0.07636204326817203
CS14919,0,0.0633181909329483
CS14920,1,0.38062423924846406
CS14921,0,0.007710609576898763
CS14922,0,0.02466662203363585
CS14923,0,0.06284355533795527
CS14924,0,0.2509245870426561
CS14925,0,0.06553029861835395
CS14926,0,0.04467970654340158
CS14927,0,0.06245540323647171
CS14928,0,0.07388633004778591
CS14929,1,0.16437768418207002
CS14930,0,0.0383321125160075
CS14931,0,0.019161036301378588
CS14932,1,0.9788499983567082
CS14933,0,0.013644752039199522
CS14934,0,0.0521332744351443
CS14935,0,0.3999331202126961
CS14936,0,0.068424033893118
CS14937,0,0.36262293697650594
CS14938,1,0.9438204073545876
CS14939,0,0.11121497534823986
CS14940,1,0.30288298834042954
CS14941,1,0.26265431070004325
CS14942,0,0.04700375609837819
CS14943,0,0.06992569000086038
CS14944,0,0.4294852600456086
CS14945,0,0.02183191657494721
CS14946,0,0.7065489962223978
CS14947,0,0.41441256624065526
CS14948,0,0.01491217613068422
CS14949,1,0.9699994935452925
CS14950,0,0.005720556055894369
CS14951,0,0.00973673373896902
CS14952,0,0.12039790842891361
CS14953,0,0.09483640082495451
CS14954,0,0.05464920738977972
CS14955,0,0.2772293775214503
CS14956,0,0.031549409712504486
CS14957,0,0.45099155042565964
CS14958,1,0.9831185995577135
CS14959,0,0.051124570566631014
CS14960,0,0.02271185738024674
CS14961,0,0.05078131926303224
CS14962,0,0.15617644048712293
CS14963,0,0.09230929587746312
CS14964,0,0.08234112753733278
CS14965,1,0.683298076109391
CS14966,0,0.03195263345225492
CS14967,0,0.6544015134276485
CS14968,0,0.03782817110182214
CS14969,0,0.034188439026288056
CS14970,0,0.01895132599539964
CS14971,0,0.14543575695473449
CS14972,0,0.10214768439450535
CS14973,1,0.5254714397056726
CS14974,0,0.058899740954001495
CS14975,0,0.12171984201961795
CS14976,0,0.01612836700553658
CS14977,0,0.018051614547625612
CS14978,0,0.611225539784639
CS14979,0,0.04228215753795845
CS14980,0,0.6460326794791778
CS14981,0,0.31731691689129116
CS14982,0,0.012689243902486214
CS14983,0,0.317244814754445
CS14984,0,0.4806452091379221
CS14985,0,0.1290775658875419
CS14986,0,0.04665379109672161
CS14987,0,0.04240968038507613
CS14988,0,0.06383774799037518
CS14989,0,0.18031261784302172
CS14990,0,0.08079902623095439
CS14991,0,0.10429769599665749
CS14992,0,0.3520278181204359
CS14993,0,0.06120319702946634
CS14994,0,0.015650273239869558
CS14995,0,0.5607119228331573
CS14996,0,0.3788475273865324
CS14997,0,0.23411959398168355
CS14998,1,0.9888504316750528
CS14999,1,0.13729581323745718
CS15000,1,0.959131096835691
CS15001,0,0.07314364113440576
CS15002,1,0.4634394195537749
CS15003,0,0.2229835183780859
CS15004,0,0.14380418609315088
CS15005,0,0.16701751855433544
CS15006,0,0.022016136257300308
CS15007,1,0.9814296276928347
CS15008,0,0.16802506645368656
CS15009,0,0.04113707095808447
CS15010,0,0.3399232805980759
CS15011,0,0.094201875787779
CS15012,0,0.1119617801665556
CS15013,0,0.03181790838371276
CS15014,1,0.3011933435241176
CS15015,0,0.04565049883186344
CS15016,0,0.055344994478858496
CS15017,0,0.07847677258239992
CS15018,0,0.022661450866771734
CS15019,0,0.03374371480216001
CS15020,0,0.0675094241802982
CS15021,0,0.07638932955727666
CS15022,0,0.6049018316113636
CS15023,1,0.4631564842415263
CS15024,1,0.9885582131849838
CS15025,1,0.3729272488125801
CS15026,0,0.13760430385430786
CS15027,0,0.2595357728935702
CS15028,0,0.1686696077694957
CS15029,0,0.01960415816963731
CS15030,0,0.014600220478398814
CS15031,0,0.052013739765820105
CS15032,0,0.16002656838648435
CS15033,1,0.17426436735567452
CS15034,0,0.22512160488469776
CS15035,1,0.20643706979283863
CS15036,0,0.240204777195345
CS15037,0,0.014107955483415832
CS15038,0,0.13675986571017903
CS15039,0,0.022784338321463947
CS15040,0,0.17133960942143966
CS15041,0,0.036843810058295935
CS15042,0,0.12408411196136071
CS15043,0,0.028297905089364774
CS15044,0,0.06214708510067233
CS15045,1,0.16959227541963048
CS15046,0,0.43506734403640196
CS15047,1,0.013689532621977836
CS15048,0,0.03248970551791285
CS15049,1,0.37731985069419016
CS15050,1,0.9647415818574437
CS15051,1,0.9529925964574109
CS15052,1,0.15142325912949747
CS15053,0,0.01564259688155581
CS15054,0,0.04124652035882998
CS15055,0,0.3331757402117154
CS15056,0,0.022951689842851557
CS15057,0,0.006671617127777043
CS15058,1,0.626415749681057
CS15059,0,0.038560951643832185
CS15060,0,0.06310606641138732
CS15061,0,0.1319445927187963
CS15062,1,0.9898708529547727
CS15063,0,0.03865824266073259
CS15064,1,0.04585494783922849
CS15065,0,0.013345405364775378
CS15066,0,0.27785921528157353
CS15067,0,0.012946976254480906
CS15068,0,0.25744502795870855
CS15069,0,0.17671379227352493
CS15070,0,0.07144174207750184
CS15071,0,0.5107822923363491
CS15072,0,0.01953328090202276
CS15073,1,0.985105276645733
CS15074,0,0.16721938162953265
CS15075,0,0.03398107068886944
CS15076,0,0.12625711041365806
CS15077,0,0.09829215796765414
CS15078,0,0.04348246599197398
CS15079,0,0.5720587589133505
CS15080,0,0.010876043567410539
CS15081,1,0.9732745947002055
CS15082,0,0.7452896602647994
CS15083,0,0.025109115861244567
CS15084,0,0.0177245343139008
CS15085,0,0.14525058691497528
CS15086,0,0.20236093429261715
CS15087,0,0.2994031222158547
CS15088,0,0.033208273863839136
CS15089,1,0.9795863209640263
CS15090,1,0.24944561322674239
CS15091,0,0.1411487313520589
CS15092,0,0.2800813404239722
CS15093,0,0.06800746595907185
CS15094,0,0.25868813225152376
CS15095,0,0.21059990533434195
CS15096,0,0.011234685307463837
CS15097,0,0.048094039244747186
CS15098,0,0.08588088510513675
CS15099,0,0.038188013650925876
CS15100,0,0.05679151932539553
CS15101,0,0.0806516139363696
CS15102,1,0.7534998543347253
CS15103,1,0.9849046993831386
CS15104,1,0.9770529272250708
CS15105,0,0.03852283308751883
CS15106,0,0.31718347755776827
CS15107,0,0.10801381902998412
CS15108,0,0.13702371089656865
CS15109,0,0.025827213270248058
CS15110,0,0.0409938834510859
CS15111,0,0.025165466406204654
CS15112,1,0.2598863588932701
CS15113,0,0.07680005846775863
CS15114,0,0.03181072684653955
CS15115,0,0.07539982078585009
CS15116,0,0.05168679838736461
CS15117,0,0.037146740144725375
CS15118,0,0.20376360806716262
CS15119,0,0.4867800232669674
CS15120,0,0.026462163585488113
CS15121,0,0.03898902561675307
CS15122,0,0.2590746953922145
CS15123,0,0.20288150395848537
CS15124,0,0.036338882683530395
CS15125,0,0.07180197675612471
CS15126,0,0.08068577883200262
CS15127,0,0.1901352759685371
CS15128,0,0.10725881018392802
CS15129,0,0.5068895267698504
CS15130,0,0.015919652984869605
CS15131,0,0.41907212292674806
CS15132,0,0.06683004549623331
CS15133,0,0.3544862693013327
CS15134,1,0.9815207040746371
CS15135,1,0.9915355123831989
CS15136,0,0.40234897585314494
CS15137,0,0.2895908164493761
CS15138,0,0.012161560748743834
CS15139,0,0.03142136546896139
CS15140,0,0.204614713903737
CS15141,0,0.08891503125577462
CS15142,0,0.028044273703207646
CS15143,0,0.04361393134054813
CS15144,0,0.019099615277423675
CS15145,1,0.0813457987901464
CS15146,0,0.20019639045140236
CS15147,0,0.02183101497615917
CS15148,0,0.015844394098690796
CS15149,0,0.016777800229330297
CS15150,0,0.03550074188527888
CS15151,0,0.08086421113669329
CS15152,0,0.009404043996656376
CS15153,0,0.014496820226792911
CS15154,0,0.2996980867353181
CS15155,0,0.029546176520444802
CS15156,0,0.01106536482515353
CS15157,0,0.11192455013527135
CS15158,0,0.40491235896605515
CS15159,0,0.021052506292612776
CS15160,0,0.020810264968524072
CS15161,1,0.8435426728472692
CS15162,0,0.22337773707738123
CS15163,1,0.9780281349658958
CS15164,0,0.027027403693290358
CS15165,0,0.029961006004469062
CS15166,0,0.249845116579195
CS15167,0,0.40371454615612984
CS15168,0,0.043782737368791444
CS15169,1,0.44750184625560574
CS15170,0,0.012714022561246856
CS15171,0,0.0646187108107754
CS15172,1,0.61832664590321
CS15173,1,0.9850601364926863
CS15174,0,0.17061282666732058
CS15175,0,0.2807320907523724
CS15176,1,0.13650848155197565
CS15177,0,0.19571841505107965
CS15178,0,0.04086859693150615
CS15179,0,0.022072281155551585
CS15180,0,0.17697908212101707
CS15181,0,0.005742685536361743
CS15182,1,0.4416396076626442
CS15183,0,0.030816332266496542
CS15184,0,0.05597406298488705
CS15185,0,0.06907752867489214
CS15186,0,0.029940257238622633
CS15187,0,0.07770490613351433
CS15188,1,0.5746011866740912
CS15189,1,0.22646072423332816
CS15190,1,0.49643522125007655
CS15191,1,0.2170148693535458
CS15192,0,0.20644473524518162
CS15193,0,0.2932325523857023
CS15194,0,0.08943672147223289
CS15195,0,0.3656374934636918
CS15196,1,0.03221338070409368
CS15197,0,0.03243862558687042
CS15198,1,0.9767879486824973
CS15199,0,0.12481579665935923
CS15200,0,0.06589920366423895
CS15201,0,0.22961837173770444
CS15202,0,0.013564284718618336
CS15203,0,0.061971662276840415
CS15204,0,0.09558438155873152
CS15205,1,0.9832483085679151
CS15206,0,0.08884053552535497
CS15207,0,0.07948449061566641
CS15208,0,0.04290819586176024
CS15209,0,0.16533531697789028
CS15210,0,0.03937405151504696
CS15211,0,0.08804483150106503
CS15212,0,0.2005074556566475
CS15213,0,0.006426406130847117
CS15214,0,0.19253831326281662
CS15215,0,0.2817831263458256
CS15216,0,0.011735104017220074
CS15217,0,0.03145735569150286
CS15218,0,0.09822377482594823
CS15219,0,0.07095907232600639
CS15220,1,0.977739972588699
CS15221,0,0.04742928804182435
CS15222,0,0.02627003427299641
CS15223,1,0.011502858036398068
CS15224,1,0.9880058615518972
CS15225,1,0.030715292042664936
CS15226,1,0.09667268167551017
CS15227,0,0.05678942972253708
CS15228,0,0.035217106732475294
CS15229,0,0.04205817673451928
CS15230,1,0.18793568149428527
CS15231,0,0.09957484374669837
CS15232,0,0.0423204954374501
CS15233,0,0.23943791465169842
CS15234,0,0.07972656415864693
CS15235,0,0.014022029458933515
CS15236,0,0.03364907078327501
CS15237,0,0.04065557839210161
CS15238,1,0.5883537794899092
CS15239,0,0.16392586976828366
CS15240,0,0.18739060815884165
CS15241,0,0.046718017637685745
CS15242,1,0.03355316137175883
CS15243,0,0.24268183224160814
CS15244,1,0.46310596414753885
CS15245,1,0.9872171290559603
CS15246,0,0.04641668253996171
CS15247,1,0.09561395610924697
CS15248,0,0.009333264676915691
CS15249,0,0.05540596617794211
CS15250,1,0.8868827590084706
CS15251,0,0.20339063264193574
CS15252,0,0.04216086549755214
CS15253,0,0.09491035947223071
CS15254,0,0.12574969742508932
CS15255,0,0.3391826792770119
CS15256,0,0.06730284065869381
CS15257,0,0.24103440732301726
CS15258,0,0.01030217297292249
CS15259,0,0.1840650934861896
CS15260,0,0.16303549574986684
CS15261,1,0.2244404733366374
CS15262,0,0.008129171227686074
CS15263,1,0.08635140935165037
CS15264,0,0.011331643356661394
CS15265,0,0.036724738068787545
CS15266,1,0.05815419069324582
CS15267,0,0.09423358688593696
CS15268,0,0.06919688524905772
CS15269,0,0.4655531295499999
CS15270,0,0.6293365901258116
CS15271,1,0.9868915382026239
CS15272,1,0.09434274865817675
CS15273,0,0.029152697519978163
CS15274,0,0.4106290809506946
CS15275,0,0.25598060690499835
CS15276,0,0.03942980974954326
CS15277,1,0.07453525620545202
CS15278,0,0.03939646060775421
CS15279,0,0.01659987921896889
CS15280,0,0.6089456220822059
CS15281,1,0.05792108691320975
CS15282,1,0.5151656697238524
CS15283,1,0.9895695671118934
CS15284,1,0.5402960366165239
CS15285,0,0.027958635437733366
CS15286,0,0.017259454932660262
CS15287,1,0.12411479652643946
CS15288,0,0.02484741155000097
CS15289,0,0.3069971159090388
CS15290,1,0.04724383423185081
CS15291,1,0.5398195275681639
CS15292,0,0.01133269002042702
CS15293,1,0.11829877494534317
CS15294,1,0.01966946622574711
CS15295,0,0.08000013573137549
CS15296,0,0.18867768247245237
CS15297,1,0.3301868483241843
CS15298,0,0.11569937920008311
CS15299,0,0.015518159394191077
CS15300,1,0.04341849587873127
CS15301,0,0.16317816612183803
CS15302,1,0.13322424866178656
CS15303,0,0.16302097335254176
CS15304,0,0.41279958618917467
CS15305,0,0.14712820755347222
CS15306,0,0.014185039740460332
CS15307,0,0.11883299042970623
CS15308,0,0.038244268831646666
CS15309,1,0.9790801348368428
CS15310,0,0.008325160824273994
CS15311,0,0.14414490799765378
CS15312,0,0.026326286236713944
CS15313,0,0.013074416235084653
CS15314,1,0.9038305827004688
CS15315,0,0.36671046384776196
CS15316,0,0.17423005935654604
CS15317,0,0.07679996672320677
CS15318,0,0.29586006356439026
CS15319,0,0.24448631068146104
CS15320,0,0.07300434466019871
CS15321,0,0.037499779509746
CS15322,0,0.04480892626846188
CS15323,0,0.030509804773112957
CS15324,0,0.19695495071525557
CS15325,0,0.010005473413343631
CS15326,0,0.31369435739435125
CS15327,0,0.5209084037598255
CS15328,0,0.03765147790157075
CS15329,0,0.06559855581026264
CS15330,0,0.02136696943359441
CS15331,0,0.014256564937902796
CS15332,0,0.09790594941235159
CS15333,1,0.4185709604005264
CS15334,0,0.05822318837471948
CS15335,0,0.14135633528822472
CS15336,0,0.022133077165850196
CS15337,0,0.10130827687424827
CS15338,0,0.39223891331384225
CS15339,1,0.9863164889815532
CS15340,0,0.34621951384506544
CS15341,1,0.11638106689111477
CS15342,0,0.012950965658787408
CS15343,1,0.24397358614100512
CS15344,0,0.628500671531573
CS15345,0,0.166588831018936
CS15346,0,0.046648219042814416
CS15347,0,0.07716311606497933
CS15348,0,0.04288894875067955
CS15349,0,0.0885459942957233
CS15350,1,0.8190576514445483
CS15351,0,0.010388425337930192
CS15352,0,0.05121010616639673
CS15353,0,0.05189189767617494
CS15354,0,0.06970272875261058
CS15355,0,0.2727707880622016
CS15356,0,0.15095229077087463
CS15357,0,0.010718108061520919
CS15358,0,0.02304364557229878
CS15359,0,0.017058476266733385
CS15360,0,0.5277860484711496
CS15361,0,0.5065467902496716
CS15362,0,0.3247398297775537
CS15363,0,0.07549160411880634
CS15364,0,0.20327159383166335
CS15365,1,0.5877909468087533
CS15366,1,0.07365089172728442
CS15367,1,0.9867349435481508
CS15368,0,0.33222186405306287
CS15369,0,0.2661394534463053
CS15370,0,0.0909087137996728
CS15371,0,0.38973335556311123
CS15372,0,0.051524309392723434
CS15373,0,0.057065238327017466
CS15374,0,0.0827842877438804
CS15375,0,0.24387969752883318
CS15376,0,0.04461935995821161
CS15377,0,0.03805122376665129
CS15378,0,0.1582848050654058
CS15379,0,0.432722663989203
CS15380,0,0.015602960064057154
CS15381,0,0.07401366163702955
CS15382,0,0.027001283508086348
CS15383,1,0.262503315850896
CS15384,0,0.11589561310510461
CS15385,0,0.060062267486629836
CS15386,1,0.2613756841129707
CS15387,0,0.11337432316425497
CS15388,0,0.02274474181231288
CS15389,1,0.11163957707477916
CS15390,1,0.978005037207616
CS15391,0,0.2252538636262382
CS15392,0,0.019312011603327395
CS15393,1,0.34143969082552955
CS15394,1,0.2593763888913127
CS15395,0,0.41076773886132495
CS15396,0,0.008630267199972244
CS15397,0,0.48553301723003117
CS15398,1,0.10514896366698956
CS15399,0,0.0638063208433576
CS15400,1,0.3511531061879497
CS15401,0,0.011406201702269659
CS15402,0,0.30149627783178057
CS15403,0,0.02013402588305658
CS15404,0,0.06467741291545014
CS15405,0,0.07000858316525496
CS15406,1,0.24731046239841775
CS15407,1,0.5174071307928528
CS15408,1,0.9795863209640263
CS15409,0,0.3290335029692364
CS15410,0,0.17044104047325304
CS15411,0,0.1817005420852327
CS15412,0,0.040117392079478835
CS15413,0,0.19794821749462166
CS15414,0,0.015321941316405548
CS15415,1,0.637363813662648
CS15416,0,0.029784451028691303
CS15417,1,0.983287500841915
CS15418,0,0.24347096588404085
CS15419,0,0.09274219102291001
CS15420,0,0.19519288577309676
CS15421,1,0.2048653047549502
CS15422,1,0.12806978486474258
CS15423,0,0.02158259945182846
CS15424,0,0.016035460558356515
CS15425,0,0.01843216560660994
CS15426,0,0.6302177170058954
CS15427,0,0.2493099934253486
CS15428,0,0.03735740052785716
CS15429,0,0.027352041619337242
CS15430,0,0.009718822026946211
CS15431,0,0.10031155665472698
CS15432,0,0.12713008329741227
CS15433,1,0.18109033388403173
CS15434,0,0.051743990947059955
CS15435,0,0.057639084823373245
CS15436,1,0.8665857359170475
CS15437,0,0.027352018917166526
CS15438,0,0.06720097587119063
CS15439,1,0.7834386220259996
CS15440,0,0.13593474983424894
CS15441,0,0.06866937764176693
CS15442,0,0.043635967475806496
CS15443,0,0.39686226472600156
CS15444,0,0.41287416208725136
CS15445,0,0.08766117563911523
CS15446,1,0.192439336484675
CS15447,0,0.0172912698656131
CS15448,0,0.09938036862624043
CS15449,0,0.3340869425906121
CS15450,1,0.13565715327981406
CS15451,0,0.03541018567527758
CS15452,0,0.05857609507338644
CS15453,0,0.1243391554696964
CS15454,0,0.053276980130957975
CS15455,0,0.08163680354509027
CS15456,1,0.9748411970675684
CS15457,0,0.2393489442633305
CS15458,0,0.06885202860840271
CS15459,0,0.053631359291632784
CS15460,1,0.08344062929077062
CS15461,0,0.040203875401372276
CS15462,0,0.02436844667038397
CS15463,0,0.24442894092995368
CS15464,0,0.26164452248274944
CS15465,0,0.14603171407662502
CS15466,0,0.011103291201891763
CS15467,1,0.9784906221785158
CS15468,1,0.14914293395335762
CS15469,1,0.9445606597874178
CS15470,0,0.22029993321991778
CS15471,0,0.08998683995228182
CS15472,0,0.1313841082213034
CS15473,0,0.15217867407069657
CS15474,0,0.08841238446964798
CS15475,0,0.03672169794199177
CS15476,0,0.19704312032307475
CS15477,1,0.26950898753401287
CS15478,0,0.0437603350910448
CS15479,1,0.14082970403552206
CS15480,0,0.018407903457984633
CS15481,0,0.20796466505526823
CS15482,0,0.023664155480040288
CS15483,0,0.18912706142006955
CS15484,0,0.24987366679553757
CS15485,0,0.01702844531865022
CS15486,0,0.006411898671530366
CS15487,1,0.9812346356282089
CS15488,0,0.013284263747102754
CS15489,0,0.054671914758534376
CS15490,0,0.3920845993362386
CS15491,0,0.09171896070963795
CS15492,0,0.02482301500981969
CS15493,0,0.20868040706285526
CS15494,0,0.4998353506495412
CS15495,1,0.98255464384053
CS15496,0,0.1546894614935348
CS15497,0,0.1314426477088589
CS15498,0,0.046307225223030254
CS15499,0,0.05911363550925083
CS15500,0,0.5009520541185396
CS15501,0,0.011279155535656123
CS15502,0,0.02853141549906496
CS15503,1,0.513784018159358
CS15504,0,0.03446802686587231
CS15505,0,0.03465670845543513
CS15506,0,0.08102415665192192
CS15507,0,0.0453655835727553
CS15508,1,0.4358365444753406
CS15509,0,0.029009285407567354
CS15510,0,0.020383978193716703
CS15511,0,0.07625600589590949
CS15512,0,0.009602037812424184
CS15513,0,0.018359665281056512
CS15514,0,0.023690193120118372
CS15515,0,0.47635197003980073
CS15516,0,0.015620607713492541
CS15517,1,0.20344027130421893
CS15518,0,0.02340929169651358
CS15519,0,0.03723553057192703
CS15520,0,0.09144090911975497
CS15521,1,0.23692221410982034
CS15522,0,0.4135275003009589
CS15523,0,0.07405019933936545
CS15524,1,0.9806893926918299
CS15525,0,0.029825688763771584
CS15526,1,0.1017531161669554
CS15527,0,0.026677457717719337
CS15528,1,0.1142334864278928
CS15529,0,0.05192018721119741
CS15530,0,0.18298113072783587
CS15531,0,0.03093477498549078
CS15532,0,0.04425077978407107
CS15533,0,0.044933367205975475
CS15534,0,0.1889221498430764
CS15535,0,0.20063699273185265
CS15536,0,0.22508990972690673
CS15537,0,0.01821151079843496
CS15538,0,0.2217265016262901
CS15539,0,0.03843950423455785
CS15540,0,0.11629370434019096
CS15541,1,0.4394471289664623
CS15542,0,0.04843535705156307
CS15543,1,0.325767917238306
CS15544,0,0.07520403262466878
CS15545,0,0.04532910693293874
CS15546,1,0.9804569864489887
CS15547,0,0.4261723372193558
CS15548,0,0.0788827087583454
CS15549,1,0.33691913549395675
CS15550,0,0.04894857033856864
CS15551,0,0.28386681029043676
CS15552,0,0.23574453967929873
CS15553,0,0.20747956029930384
CS15554,0,0.10856226269191592
CS15555,0,0.06380251306708308
CS15556,0,0.3548543589076698
CS15557,0,0.012597128411388582
CS15558,0,0.043202024982948
CS15559,1,0.20798288322796393
CS15560,0,0.09832793020890018
CS15561,0,0.018017973362729086
CS15562,0,0.017918122371361322
CS15563,0,0.4622417398779776
CS15564,0,0.4746591786385303
CS15565,0,0.16433165788927326
CS15566,0,0.5064727206779434
CS15567,0,0.06369807416441992
CS15568,0,0.05810797170770673
CS15569,0,0.03943392655410185
CS15570,1,0.09301841726299152
CS15571,0,0.03790365230062551
CS15572,1,0.1945206928984116
CS15573,1,0.6374674666373179
CS15574,0,0.34958644453968557
CS15575,0,0.04082097060699481
CS15576,0,0.019844802241118703
CS15577,0,0.13777101773995676
CS15578,1,0.4043400230858948
CS15579,0,0.04170519649263996
CS15580,0,0.01211871969525112
CS15581,0,0.06708927178115943
CS15582,0,0.806120585689553
CS15583,0,0.2502296802257435
CS15584,0,0.024004998192940597
CS15585,1,0.501897470910167
CS15586,0,0.05706974472449201
CS15587,0,0.012342548187840266
CS15588,1,0.9815243346954877
CS15589,0,0.3091866004423879
CS15590,0,0.12695696373477544
CS15591,0,0.19239204186377537
CS15592,1,0.42671931332843277
CS15593,0,0.06672284307764591
CS15594,0,0.01262452295587316
CS15595,0,0.12464589008847414
CS15596,0,0.01615689920023803
CS15597,0,0.12602031477005093
CS15598,1,0.9826042623574454
CS15599,0,0.01233247475784701
CS15600,1,0.3378173146833101
CS15601,0,0.08262874419694761
CS15602,0,0.02657433880005277
CS15603,0,0.15804883237095427
CS15604,1,0.24834784473391716
CS15605,0,0.37473900756645717
CS15606,0,0.0626031260806167
CS15607,0,0.021440212859010387
CS15608,1,0.11631155164303783
CS15609,0,0.025810032388702903
CS15610,0,0.040342014654914445
CS15611,0,0.13332722026451604
CS15612,0,0.1066474782408301
CS15613,0,0.021814249032771172
CS15614,0,0.3054271223005997
CS15615,0,0.031482691922779485
CS15616,0,0.10394169162155546
CS15617,0,0.08979150552197138
CS15618,0,0.859803327229495
CS15619,0,0.014988078270322712
CS15620,0,0.10746587075325019
CS15621,0,0.008337121883575882
CS15622,0,0.03038694338419115
CS15623,0,0.4374217756041503
CS15624,0,0.09131947588275363
CS15625,0,0.24767759640635337
CS15626,0,0.026914072206439394
CS15627,0,0.2886714277737619
CS15628,0,0.05484771523249856
CS15629,1,0.3424208068727026
CS15630,0,0.21478827730708366
CS15631,1,0.9925645367107638
CS15632,0,0.01304082105063573
CS15633,0,0.07061377876094133
CS15634,1,0.28683776364829006
CS15635,0,0.01243536809475356
CS15636,0,0.018795266142577226
CS15637,0,0.08186123790556131
CS15638,1,0.36541802674885343
CS15639,0,0.128222896603301
CS15640,0,0.008333893523223565
CS15641,0,0.08859632530707766
CS15642,0,0.040337589407085594
CS15643,0,0.05878079258862863
CS15644,1,0.20404635196656923
CS15645,1,0.1783410963472465
CS15646,0,0.5674035638116868
CS15647,1,0.7777886571152469
CS15648,1,0.9845516565756338
CS15649,1,0.7677996470493665
CS15650,0,0.048559320216097324
CS15651,0,0.09524610440321891
CS15652,1,0.40417433786001705
CS15653,0,0.050377458454759695
CS15654,1,0.5927435412506625
CS15655,0,0.01516755613157538
CS15656,0,0.010721201153599114
CS15657,1,0.20580134413306128
CS15658,0,0.44240439773803164
CS15659,0,0.4742451523514695
CS15660,0,0.07058969699581118
CS15661,0,0.06800123893732146
CS15662,0,0.12558505377697296
CS15663,0,0.008972002232277346
CS15664,0,0.08834371523157913
CS15665,0,0.06460499473337303
CS15666,0,0.09999032642882873
CS15667,0,0.2764417302410723
CS15668,0,0.005679677446317028
CS15669,1,0.6608498501250467
CS15670,0,0.08947106728461368
CS15671,0,0.4956159021124283
CS15672,0,0.007387465113895371
CS15673,1,0.9780706619691697
CS15674,0,0.019634662287925812
CS15675,1,0.988685645691502
CS15676,0,0.01762367141988036
CS15677,1,0.7259707177847754
CS15678,0,0.10155206408930469
CS15679,0,0.009214961304561278
CS15680,0,0.21714952656094794
CS15681,0,0.07639636414645734
CS15682,0,0.2106843778019551
CS15683,1,0.8995216643318463
CS15684,0,0.22088755738635693
CS15685,0,0.006114186864735814
CS15686,0,0.038657318899257796
CS15687,0,0.4951112639423799
CS15688,0,0.27323916409660637
CS15689,0,0.023214017839404074
CS15690,0,0.08245272982943459
CS15691,0,0.055619587267241345
CS15692,0,0.06088623203643147
CS15693,0,0.06105560795109518
CS15694,0,0.10227975575200011
CS15695,1,0.3645202063434212
CS15696,1,0.15107085215042443
CS15697,0,0.07479510090126529
CS15698,0,0.3161128822433985
CS15699,1,0.26827140662127635
CS15700,0,0.054940032955786505
CS15701,1,0.32413875690025346
CS15702,0,0.017167972181369385
CS15703,1,0.6971975746889623
CS15704,1,0.6145254104238032
CS15705,0,0.21752979023110092
CS15706,0,0.08937417576504329
CS15707,0,0.0362919776636227
CS15708,0,0.046092927743545446
CS15709,0,0.04761077728065117
CS15710,0,0.012812612905622299
CS15711,1,0.6191213850110603
CS15712,0,0.17058087700806646
CS15713,1,0.6752699401878917
CS15714,0,0.049919906769094316
CS15715,0,0.13717361560994665
CS15716,0,0.09383142471820158
CS15717,0,0.028126928970607153
CS15718,0,0.28305094537855413
CS15719,0,0.04999755051724862
CS15720,0,0.10743120941688353
CS15721,0,0.051101555712419776
CS15722,1,0.07190490317699647
CS15723,0,0.3880615433111137
CS15724,1,0.2663203141705926
CS15725,0,0.4599981768611631
CS15726,0,0.049894083661949515
CS15727,0,0.147090917774316
CS15728,0,0.0659371283009895
CS15729,1,0.7194265628294993
CS15730,0,0.39410842252104894
CS15731,0,0.27286407367890525
CS15732,0,0.07643570780008023
CS15733,0,0.058394289050658466
CS15734,0,0.20426703104041216
CS15735,0,0.2761275691568451
CS15736,0,0.036351769303753195
CS15737,0,0.7518694752870857
CS15738,0,0.05892174547651195
CS15739,0,0.03253506159580771
CS15740,1,0.4657542867181271
CS15741,0,0.02644242893323063
CS15742,0,0.005056076381508213
CS15743,0,0.05985060831442296
CS15744,0,0.14385596984879387
CS15745,0,0.4149694202720412
CS15746,1,0.03642639524469308
CS15747,0,0.01908772871343634
CS15748,0,0.06758956391154528
CS15749,0,0.03720395077761895
CS15750,0,0.10244715699447773
CS15751,1,0.328733511662314
CS15752,0,0.3298657356828567
CS15753,1,0.9798278166345689
CS15754,0,0.05481052464337098
CS15755,1,0.6281664858482726
CS15756,0,0.04033869257546623
CS15757,0,0.053771061216590796
CS15758,0,0.045243762687586515
CS15759,1,0.7427200774933458
CS15760,0,0.16001561392228952
CS15761,1,0.3202564769098341
CS15762,0,0.02296443739024497
CS15763,0,0.03911733302425513
CS15764,0,0.10185272780096465
CS15765,1,0.05228468666070758
CS15766,1,0.3169910442225179
CS15767,1,0.05562196836749364
CS15768,1,0.17679270556404192
CS15769,0,0.7710945423965703
CS15770,0,0.2557006560368776
CS15771,0,0.13946732089383707
CS15772,0,0.2900609470824416
CS15773,0,0.18323212783105802
CS15774,0,0.00931688035691746
CS15775,0,0.018613130189414535
CS15776,1,0.5083509810842682
CS15777,1,0.7107535142426705
CS15778,0,0.02205684801735965
CS15779,1,0.06441222074558561
CS15780,0,0.016276842649982633
CS15781,0,0.23099599042850566
CS15782,0,0.02142421332645007
CS15783,0,0.06668751037189324
CS15784,0,0.10005995720693471
CS15785,0,0.05370987125446851
CS15786,0,0.1386646793831118
CS15787,0,0.4453000062068049
CS15788,0,0.025930835785884614
CS15789,1,0.628287350536891
CS15790,0,0.03734950003101999
CS15791,0,0.06038436393759173
CS15792,1,0.6088569470962343
CS15793,0,0.9844746380861255
CS15794,0,0.07021278738033933
CS15795,0,0.024538049585637444
CS15796,1,0.9692768808157338
CS15797,1,0.12693833086395365
CS15798,0,0.06823206857459148
CS15799,0,0.3722625265045241
CS15800,0,0.07661662572893656
CS15801,0,0.21757398476608233
CS15802,0,0.15489912845887752
CS15803,0,0.014375818687310206
CS15804,0,0.19977050416650052
CS15805,0,0.06269025329615734
CS15806,0,0.08523940379305801
CS15807,1,0.45161937529167834
CS15808,0,0.1901083263470264
CS15809,0,0.48526697050214446
CS15810,0,0.05820354401871578
CS15811,1,0.07849051173714863
CS15812,1,0.39053117023437606
CS15813,1,0.8123147457728735
CS15814,1,0.6075188847821456
CS15815,0,0.15407586326055828
CS15816,0,0.07744476037630131
CS15817,0,0.05981203774597921
CS15818,0,0.1703599155243655
CS15819,0,0.022254943341363145
CS15820,1,0.41017448832362263
CS15821,1,0.6830747590189254
CS15822,0,0.027341669449309304
CS15823,0,0.06181949602857951
CS15824,1,0.8516378543897258
CS15825,0,0.025542407531963768
CS15826,0,0.19553880842542146
CS15827,0,0.12541585742914152
CS15828,0,0.035758045689190956
CS15829,0,0.5124323710834336
CS15830,0,0.1441123283549394
CS15831,1,0.481069858745501
CS15832,0,0.020804919065793858
CS15833,1,0.7480839736192592
CS15834,1,0.1098756856398504
CS15835,0,0.1726215134364668
CS15836,1,0.36778557594288325
CS15837,0,0.020772745479164603
CS15838,1,0.8290290832488146
CS15839,0,0.10124495820134186
CS15840,0,0.3268987137822541
CS15841,0,0.37266276113433766
CS15842,0,0.012908566707197566
CS15843,0,0.010324431484684229
CS15844,0,0.023719475169964907
CS15845,0,0.038755004314912835
CS15846,0,0.17979296823595722
CS15847,0,0.01763057243907356
CS15848,0,0.07886349866798915
CS15849,0,0.07092102515107947
CS15850,0,0.23017382989645815
CS15851,0,0.037038822251359856
CS15852,0,0.007910543895937492
CS15853,1,0.9818203484643235
CS15854,0,0.10997341511676816
CS15855,0,0.23700329964863273
CS15856,0,0.0752497971180092
CS15857,0,0.24227757821295504
CS15858,0,0.08349505147290619
CS15859,0,0.019033782354140844
CS15860,0,0.06222888916844645
CS15861,1,0.3313854700657057
CS15862,0,0.03302964717170319
CS15863,0,0.213893362642979
CS15864,0,0.043741703216746565
CS15865,0,0.09634083246404422
CS15866,0,0.014945585054562921
CS15867,0,0.012917577937633993
CS15868,1,0.14702286699806807
CS15869,0,0.059028873865539476
CS15870,1,0.7873176840891375
CS15871,1,0.5657260843138258
CS15872,0,0.11761593913885407
CS15873,0,0.03231719001625255
CS15874,0,0.0071257764882349936
CS15875,0,0.009486707330595012
CS15876,1,0.4498986087708825
CS15877,0,0.11576520789356691
CS15878,0,0.008427966065332372
CS15879,0,0.31021556261762334
CS15880,1,0.28963787489151466
CS15881,1,0.3386076615910809
CS15882,0,0.21079724024673388
CS15883,0,0.2503195519601683
CS15884,1,0.8627694503091535
CS15885,0,0.05915187926286311
CS15886,1,0.10238580227067086
CS15887,0,0.00834632522626583
CS15888,0,0.20180718146139578
CS15889,0,0.028940904827868163
CS15890,0,0.1917337143199698
CS15891,0,0.027534833177207077
CS15892,1,0.5196611342080911
CS15893,0,0.08516260184170499
CS15894,0,0.03243149423537496
CS15895,0,0.46395735190392395
CS15896,0,0.03659609289739846
CS15897,0,0.03613016154667928
CS15898,0,0.22262805412119901
CS15899,0,0.06772091614164959
CS15900,1,0.29328457930480106
CS15901,0,0.22387445591025534
CS15902,1,0.15671672505673576
CS15903,1,0.22613320525298494
CS15904,1,0.972280561263103
CS15905,1,0.3382229598286875
CS15906,0,0.05324774143373365
CS15907,0,0.11633467164716974
CS15908,0,0.18803924899495125
CS15909,0,0.264950383982877
CS15910,0,0.10610544204103466
CS15911,0,0.5024831313044065
CS15912,1,0.9375523597030417
CS15913,0,0.3898329827748718
CS15914,0,0.07154781875774174
CS15915,1,0.2741135106842299
CS15916,0,0.03303918236240945
CS15917,0,0.11170064198520975
CS15918,0,0.013076341101373583
CS15919,0,0.2861053392502285
CS15920,0,0.013518389672645554
CS15921,0,0.09841272444010181
CS15922,1,0.6305303421039083
CS15923,0,0.06319552733933817
CS15924,0,0.13546962565323556
CS15925,1,0.8654678037532999
CS15926,0,0.07902687350298557
CS15927,0,0.012465848061727531
CS15928,1,0.13212990900026256
CS15929,0,0.12687490184025554
CS15930,0,0.08924722179100758
CS15931,0,0.08980950119911119
CS15932,0,0.021720045080552385
CS15933,0,0.4616783676166712
CS15934,0,0.053154428108142325
CS15935,0,0.040621916612361995
CS15936,0,0.05067877963302967
CS15937,0,0.46342469521882784
CS15938,0,0.009724576599391455
CS15939,0,0.08505220786928736
CS15940,1,0.7836026869315764
CS15941,1,0.08255462518193787
CS15942,1,0.9808515190764444
CS15943,1,0.6750395978064834
CS15944,0,0.03127788576229805
CS15945,0,0.1461449113854827
CS15946,0,0.08673808163416685
CS15947,0,0.032467890010827755
CS15948,1,0.5583136338350357
CS15949,0,0.20196991879847165
CS15950,1,0.8047457222561647
CS15951,0,0.056612199607680457
CS15952,0,0.11549516711033164
CS15953,0,0.659045380952999
CS15954,0,0.23782302575309225
CS15955,0,0.11704355955693183
CS15956,0,0.038918719205421656
CS15957,0,0.15434808635644393
CS15958,0,0.06512014604594975
CS15959,0,0.0902751966579267
CS15960,1,0.03074643900337953
CS15961,1,0.12686603584544925
CS15962,0,0.05645609791051162
CS15963,0,0.3509269197757192
CS15964,0,0.04289388930056838
CS15965,1,0.5218567339221437
CS15966,0,0.01527023726155778
CS15967,0,0.04386267416595432
CS15968,0,0.06865420006968112
CS15969,0,0.020349841648360588
CS15970,0,0.00945960664624532
CS15971,0,0.05221067663927186
CS15972,0,0.2526855827671149
CS15973,0,0.007912063369806772
CS15974,0,0.022278223370123442
CS15975,0,0.5432861191008496
CS15976,0,0.2876643155130398
CS15977,1,0.1059122666603438
CS15978,0,0.09385532842861544
CS15979,0,0.3148963895005651
CS15980,0,0.07181489074373867
CS15981,0,0.1390577179539375
CS15982,0,0.5859792965774566
CS15983,0,0.028766215463712174
CS15984,0,0.5998060678091136
CS15985,1,0.35037717941551166
CS15986,0,0.2986255525769659
CS15987,1,0.5685884883987787
CS15988,1,0.10587944525552788
CS15989,1,0.08171279904053577
CS15990,0,0.020033735614536533
CS15991,0,0.024191313356790336
CS15992,0,0.09151738582189292
CS15993,1,0.9829198275426307
CS15994,0,0.3512672497135331
CS15995,1,0.5663802059228618
CS15996,0,0.1522816115561732
CS15997,1,0.2974267997817649
CS15998,0,0.22643838148128645
CS15999,0,0.04417969665521548
CS16000,0,0.2363960459507083
CS16001,1,0.12242542958089578
CS16002,0,0.0709891373825601
CS16003,0,0.056610176875843465
CS16004,0,0.09833673197121577
CS16005,1,0.2581213724229095
CS16006,0,0.12280965538069487
CS16007,1,0.483816298676441
CS16008,0,0.04158698565063454
CS16009,1,0.6560870124770869
CS16010,0,0.05142764681164293
CS16011,0,0.22400074682049073
CS16012,0,0.1962695895288751
CS16013,0,0.012262092644002905
CS16014,0,0.12392980363889475
CS16015,0,0.11368775066597235
CS16016,1,0.5063375012061889
CS16017,0,0.07045554395036127
CS16018,1,0.288856928541238
CS16019,0,0.14853413568659216
CS16020,1,0.8038204235709977
CS16021,0,0.018053188129709453
CS16022,0,0.08216463037545647
CS16023,0,0.03829898947953466
CS16024,0,0.21937576880334717
CS16025,0,0.09415498072652154
CS16026,0,0.022157847546960353
CS16027,0,0.0068234669365639065
CS16028,0,0.05513648263794507
CS16029,0,0.1000457936038913
CS16030,1,0.04814026148966485
CS16031,0,0.05447140108378578
CS16032,0,0.6338113162690864
CS16033,1,0.47267141188791206
CS16034,0,0.20125892824990557
CS16035,0,0.06039091870696408
CS16036,0,0.05076990091660896
CS16037,1,0.5831022606589913
CS16038,0,0.307643007583415
CS16039,0,0.03368086347928267
CS16040,0,0.12145367573411145
CS16041,0,0.0757912662342006
CS16042,0,0.17298624411020977
CS16043,0,0.03141721689995578
CS16044,0,0.05020024679204238
CS16045,0,0.23260424260800272
CS16046,1,0.6739918406814319
CS16047,0,0.027957236712408687
CS16048,0,0.0395009767146085
CS16049,0,0.051794671218050065
CS16050,0,0.02938412201489137
CS16051,1,0.6037826044027608
CS16052,0,0.11550818044479394
CS16053,1,0.9888504316750528
CS16054,0,0.010610006634315626
CS16055,0,0.4844502965811444
CS16056,0,0.07584696318958216
CS16057,0,0.013849997319430719
CS16058,1,0.6783743601861261
CS16059,0,0.022856271910422825
CS16060,0,0.16932946185688313
CS16061,0,0.4061954461771455
CS16062,0,0.011803488097367433
CS16063,0,0.013373769072522291
CS16064,1,0.5078585551134642
CS16065,0,0.09451261325600219
CS16066,1,0.2578829939890898
CS16067,0,0.27190837465686046
CS16068,0,0.013672749998029475
CS16069,0,0.06644304823750984
CS16070,0,0.06101176587059123
CS16071,1,0.59733368305471
CS16072,0,0.11677523968044327
CS16073,0,0.013597850090070758
CS16074,0,0.019294365218825753
CS16075,1,0.4165227987274515
CS16076,0,0.2896411124484243
CS16077,0,0.3427132040217957
CS16078,0,0.015601370441240837
CS16079,0,0.037432895064015335
CS16080,0,0.10002190436162446
CS16081,0,0.050553586656948174
CS16082,0,0.028377012452268133
CS16083,0,0.03714318776291963
CS16084,0,0.03829180536907648
CS16085,0,0.09348499871106629
CS16086,0,0.08909212928435904
CS16087,0,0.21786591483296475
CS16088,0,0.08781275302614285
CS16089,1,0.27627856426135744
CS16090,0,0.17394272175219677
CS16091,0,0.03209978204040993
CS16092,0,0.031339385967634144
CS16093,0,0.05648474754238005
CS16094,0,0.12080631849236653
CS16095,0,0.043683843777309925
CS16096,0,0.37485244993711386
CS16097,1,0.9525680084274237
CS16098,1,0.9838366711488938
CS16099,0,0.21394716215737714
CS16100,0,0.17881842644888846
CS16101,0,0.024504331367209146
CS16102,1,0.39497497427965816
CS16103,0,0.02915511527391574
CS16104,1,0.06310690449648951
CS16105,0,0.3922995563763321
CS16106,0,0.33559800988582056
CS16107,0,0.2990165595277457
CS16108,0,0.1808516573603027
CS16109,1,0.7949860406718342
CS16110,0,0.13281743700709203
CS16111,0,0.09029806531629557
CS16112,1,0.6187145044833752
CS16113,0,0.07093484825607003
CS16114,0,0.028990725030004053
CS16115,0,0.24360505097209437
CS16116,0,0.0288903272290194
CS16117,0,0.050399087171444076
CS16118,0,0.026029560006632865
CS16119,0,0.428379363690696
CS16120,0,0.03618639062951577
CS16121,0,0.06863973085212861
CS16122,1,0.09176430011772635
CS16123,1,0.7700249511893308
CS16124,0,0.09449954147893909
CS16125,0,0.0645550993760718
CS16126,0,0.027092266333933464
CS16127,0,0.07146768344099415
CS16128,0,0.08631000294323037
CS16129,0,0.03503455719068765
CS16130,0,0.2708936160763402
CS16131,0,0.0861779264656045
CS16132,0,0.24964814044117953
CS16133,0,0.13352268514452054
CS16134,0,0.08444609605309189
CS16135,0,0.04137342784221042
CS16136,0,0.034396393376421704
CS16137,0,0.028058055001684186
CS16138,1,0.6229431434312226
CS16139,0,0.042938054794682
CS16140,1,0.9529717176315136
CS16141,1,0.029346676499843766
CS16142,0,0.0854944233773306
CS16143,1,0.819638068689322
CS16144,1,0.9883866883676351
CS16145,0,0.03189380517913894
CS16146,1,0.26934507160096427
CS16147,1,0.6899667161365629
CS16148,0,0.010817245071383185
CS16149,0,0.41797169751722363
CS16150,0,0.03891054875878456
CS16151,0,0.7024345136793425
CS16152,1,0.24830579764326954
CS16153,0,0.03081728111939068
CS16154,0,0.10785334298077223
CS16155,1,0.554116239057802
CS16156,0,0.1695590338738089
CS16157,1,0.9780429272794328
CS16158,1,0.40255595616639034
CS16159,0,0.04023249198055312
CS16160,0,0.006922215402127126
CS16161,0,0.08628096622412884
CS16162,0,0.027915256088757816
CS16163,1,0.21234671576119432
CS16164,0,0.05847306776113546
CS16165,0,0.011082914815010187
CS16166,0,0.10758810767527141
CS16167,0,0.10923045400478196
CS16168,0,0.0255597888121855
CS16169,0,0.2658676000811607
CS16170,0,0.08369363534302844
CS16171,0,0.0318510937422318
CS16172,0,0.14360114062339405
CS16173,0,0.12753923592606092
CS16174,1,0.9770567281725361
CS16175,0,0.17806807351444373
CS16176,0,0.020520942621023996
CS16177,1,0.0397568917733935
CS16178,0,0.2736341885120586
CS16179,1,0.33146047182100635
CS16180,0,0.005783470017464473
CS16181,0,0.03576833180182915
CS16182,0,0.6989080123480121
CS16183,1,0.9835464269074399
CS16184,0,0.09198021939708124
CS16185,1,0.06699125392150243
CS16186,0,0.016021260007858244
CS16187,0,0.6477652352034375
CS16188,0,0.2131753736668289
CS16189,1,0.25489961125343824
CS16190,0,0.37269791924648826
CS16191,0,0.7746526420242753
CS16192,1,0.9840936692008415
CS16193,0,0.27429800592722514
CS16194,0,0.03487380387788643
CS16195,0,0.30616786987513517
CS16196,0,0.13921373695353828
CS16197,0,0.017982430295715158
CS16198,1,0.4474505237095436
CS16199,0,0.05406407788634906
CS16200,0,0.282879211992598
CS16201,0,0.024995421690673595
CS16202,0,0.09062931965112442
CS16203,0,0.07268144701000524
CS16204,0,0.010721791035339464
CS16205,1,0.9895695671118934
CS16206,0,0.25039085545689854
CS16207,0,0.5550113676395731
CS16208,0,0.2510418278824438
CS16209,1,0.3351824897435787
CS16210,0,0.0990792121334285
CS16211,0,0.12159236057770936
CS16212,0,0.2379410932341206
CS16213,1,0.9857531973283536
CS16214,0,0.06296137484050666
CS16215,0,0.2659990187056865
CS16216,0,0.2561322599397967
CS16217,0,0.13828873651659018
CS16218,0,0.3782240810111521
CS16219,0,0.010150846627164013
CS16220,1,0.7738766029277424
CS16221,1,0.9804383802086839
CS16222,0,0.37927260583466954
CS16223,1,0.6031107952579859
CS16224,0,0.02309109485263091
CS16225,0,0.3440323756836127
CS16226,0,0.03366366011394057
CS16227,0,0.11825077096849697
CS16228,0,0.05902279482854342
CS16229,1,0.5861445811008344
CS16230,1,0.9818389748811691
CS16231,0,0.008402230208763135
CS16232,0,0.032248209548168726
CS16233,0,0.6038269333377576
CS16234,1,0.34076599736640256
CS16235,0,0.1946084602033822
CS16236,0,0.05028080974419217
CS16237,0,0.020046760822930807
CS16238,1,0.20559920619052352
CS16239,0,0.0661400919277339
CS16240,0,0.09593553254149197
CS16241,0,0.02791009935053143
CS16242,0,0.05906934117344758
CS16243,1,0.31164054800554375
CS16244,0,0.018272458917517092
CS16245,0,0.12613428263900908
CS16246,0,0.06861274547580959
CS16247,0,0.11389071106198184
CS16248,0,0.12445957711420964
CS16249,0,0.2096654323051287
CS16250,0,0.017621949378978104
CS16251,0,0.005246185237944698
CS16252,0,0.023102249501252538
CS16253,0,0.5097063930374321
CS16254,1,0.7222279884660124
CS16255,0,0.04082050058647591
CS16256,0,0.06230181535774435
CS16257,0,0.04673501895503706
CS16258,0,0.0902546377248812
CS16259,1,0.05128505327033116
CS16260,0,0.17888148174852334
CS16261,0,0.030036768789603055
CS16262,0,0.12209303396996217
CS16263,0,0.08683240797274042
CS16264,0,0.09342115427504141
CS16265,0,0.07743687457224013
CS16266,0,0.28837568918642964
CS16267,1,0.09977126795168612
CS16268,0,0.5496712307499039
CS16269,1,0.9812982352356686
CS16270,0,0.13228066490069748
CS16271,0,0.42967737148526286
CS16272,0,0.30553993789976996
CS16273,0,0.029492948935488143
CS16274,1,0.7882807512944493
CS16275,0,0.04687510658721786
CS16276,0,0.021493981792081965
CS16277,0,0.062571406700786
CS16278,0,0.08677206162556915
CS16279,0,0.39680868370362204
CS16280,0,0.0799974191556627
CS16281,0,0.09594883746269786
CS16282,0,0.026080565318375187
CS16283,0,0.3742909726465162
CS16284,0,0.037783743313712835
CS16285,0,0.19001126439087895
CS16286,0,0.5695789767656905
CS16287,0,0.05379756754803628
CS16288,0,0.10184142417009891
CS16289,0,0.28231222113872856
CS16290,0,0.09744894387252126
CS16291,1,0.3595084468214583
CS16292,0,0.038257618711229256
CS16293,0,0.13885566170664784
CS16294,1,0.2900040963964721
CS16295,0,0.009588445306080629
CS16296,1,0.6204315819700902
CS16297,0,0.08545365058220046
CS16298,1,0.9734472945400056
CS16299,0,0.06807111255835822
CS16300,0,0.017550480072417978
CS16301,0,0.013238312479482756
CS16302,0,0.011253335737553721
CS16303,0,0.15007851931515853
CS16304,1,0.9815714304094072
CS16305,1,0.3660869350462896
CS16306,1,0.41828280788015687
CS16307,0,0.029191188749024148
CS16308,0,0.043047310990120366
CS16309,1,0.9880126394066824
CS16310,1,0.14528198340797532
CS16311,1,0.6243849115765319
CS16312,0,0.2067088211461491
CS16313,0,0.09438196323054976
CS16314,0,0.07884720461559479
CS16315,0,0.060666272297317865
CS16316,1,0.2536469542720854
CS16317,1,0.3558346841036513
CS16318,0,0.018470528099674574
CS16319,0,0.469718860369838
CS16320,0,0.005707235521081785
CS16321,0,0.32853122123320655
CS16322,0,0.054433753448034645
CS16323,1,0.8242836462701395
CS16324,0,0.06619134907519252
CS16325,0,0.3186404782559537
CS16326,0,0.031494429433144976
CS16327,1,0.12593003701822997
CS16328,1,0.02965420558969731
CS16329,1,0.2959679064611679
CS16330,0,0.23324564918647944
CS16331,0,0.010088856991317124
CS16332,1,0.27026802956411977
CS16333,0,0.06453279586966552
CS16334,0,0.1110666533226571
CS16335,0,0.5238433552330053
CS16336,0,0.0108765242930729
CS16337,1,0.7235190001953863
CS16338,0,0.11280053966622061
CS16339,0,0.015054641111847131
CS16340,0,0.4140742089195792
CS16341,0,0.03895389169440561
CS16342,1,0.7699116881803637
CS16343,1,0.9821656043759189
CS16344,0,0.05527322972083066
CS16345,0,0.027121552289465584
CS16346,1,0.9345680777270085
CS16347,0,0.08677054084531229
CS16348,1,0.7406306950781
CS16349,0,0.022368833826326703
CS16350,1,0.4082165203582572
CS16351,0,0.23974795334249474
CS16352,0,0.15387627821844493
CS16353,1,0.10266211087889361
CS16354,1,0.7965337415431295
CS16355,0,0.10512897240108666
CS16356,0,0.27378095467512636
CS16357,0,0.018121700554915417
CS16358,0,0.040299345930972
CS16359,0,0.32631938891529183
CS16360,1,0.4335015909133487
CS16361,0,0.07288078495440278
CS16362,0,0.027007623196408787
CS16363,0,0.04000982773330459
CS16364,0,0.030672657545702642
CS16365,0,0.02209260006822946
CS16366,0,0.13017874494158135
CS16367,0,0.04920513779697926
CS16368,0,0.4425214505273373
CS16369,0,0.4547353277106369
CS16370,0,0.03169581275447496
CS16371,0,0.16964404644130326
CS16372,0,0.031526208589922784
CS16373,0,0.015530814083109506
CS16374,0,0.181691932518826
CS16375,0,0.25743704924070343
CS16376,0,0.026445195530597307
CS16377,1,0.4156854935384817
CS16378,0,0.05193592112474968
CS16379,0,0.04992843275510244
CS16380,0,0.22631265343765666
CS16381,0,0.014198370141228638
CS16382,0,0.03010156420292471
CS16383,1,0.9878622459247896
CS16384,0,0.053234180596037795
CS16385,0,0.1971437784942109
CS16386,1,0.2844356537342263
CS16387,0,0.04139308781506299
CS16388,0,0.028715313022963977
CS16389,0,0.06528889324765026
CS16390,0,0.3446341268943274
CS16391,0,0.08491547851920846
CS16392,0,0.028889815445056248
CS16393,1,0.6038028540784559
CS16394,0,0.14722527596137075
CS16395,0,0.20320293205337592
CS16396,0,0.056603969781893096
CS16397,0,0.09960444682646731
CS16398,1,0.14230325421443726
CS16399,0,0.2360076935973166
CS16400,1,0.252809609455548
CS16401,0,0.017208036232730838
CS16402,1,0.26399645177871983
CS16403,0,0.17907598647438386
CS16404,0,0.1174616974990449
CS16405,1,0.7862914753276101
CS16406,0,0.013614790059364347
CS16407,0,0.025562090091892243
CS16408,1,0.274873779443702
CS16409,1,0.9532755398510192
CS16410,0,0.2443520429793296
CS16411,0,0.04584644005834143
CS16412,0,0.05209512256171933
CS16413,0,0.06828698905955355
CS16414,1,0.5133650108156091
CS16415,0,0.014902301922268085
CS16416,0,0.03179791467429379
CS16417,1,0.12674495710131065
CS16418,0,0.015947765373933994
CS16419,0,0.027525414409727285
CS16420,0,0.011316702505929444
CS16421,0,0.0191167466030304
CS16422,0,0.02832158623664152
CS16423,0,0.065779675223472
CS16424,0,0.11613038438764534
CS16425,0,0.032815339526471636
CS16426,0,0.015263893636967502
CS16427,1,0.12581720443631875
CS16428,0,0.061849167612926505
CS16429,1,0.9891931997953465
CS16430,0,0.10958481044114603
CS16431,0,0.05698730644764301
CS16432,1,0.24443421690157233
CS16433,0,0.04462195998478594
CS16434,0,0.020650953163263944
CS16435,0,0.10919008815997903
CS16436,0,0.12303338260946266
CS16437,0,0.26913907381887897
CS16438,0,0.07354900590974695
CS16439,0,0.16419081964151339
CS16440,1,0.938102827541818
CS16441,0,0.05447264313029414
CS16442,1,0.9892335509054853
CS16443,0,0.051785124140951835
CS16444,0,0.0286802619434591
CS16445,0,0.4204573996755227
CS16446,0,0.19893791274916742
CS16447,0,0.05747970497937699
CS16448,0,0.18523111402326403
CS16449,0,0.09097985761052217
CS16450,0,0.39043759493218777
CS16451,0,0.025939353524922774
CS16452,1,0.3799115591234552
CS16453,1,0.7004717000703438
CS16454,0,0.051560170278051626
CS16455,0,0.259702501298266
CS16456,0,0.2879878505480585
CS16457,1,0.4668740407699877
CS16458,0,0.0205539740348961
CS16459,1,0.1152579771085718
CS16460,0,0.05295401495485355
CS16461,0,0.03260967343046195
CS16462,0,0.04961697909667305
CS16463,1,0.8875541627865545
CS16464,1,0.32222497630069624
CS16465,0,0.05119677450084446
CS16466,1,0.8195908903757368
CS16467,0,0.08998505401475913
CS16468,0,0.4782162740479848
CS16469,0,0.10445184623846705
CS16470,0,0.041903644953120635
CS16471,0,0.06021335914887876
CS16472,0,0.031504291474728725
CS16473,0,0.016212174199816572
CS16474,0,0.008778532793424675
CS16475,0,0.0568387874462343
CS16476,0,0.15839002860863674
CS16477,1,0.5268465532776259
CS16478,0,0.08154309497330953
CS16479,0,0.11493709544979536
CS16480,0,0.04655433546563484
CS16481,0,0.06153356810691697
CS16482,1,0.05293711693825979
CS16483,0,0.07565652189593709
CS16484,0,0.05262199912521622
CS16485,0,0.1306645797267538
CS16486,0,0.015540934370942918
CS16487,0,0.7293674696488128
CS16488,0,0.1064917350657948
CS16489,0,0.21077444082174082
CS16490,0,0.25780929637385075
CS16491,1,0.977261464477947
CS16492,1,0.0912269618682421
CS16493,0,0.5418105719645415
CS16494,0,0.04981106228331808
CS16495,0,0.21181447211798832
CS16496,0,0.08501782236316484
CS16497,0,0.018947034587143145
CS16498,0,0.06963051972379718
CS16499,1,0.3204745685146198
CS16500,0,0.17478813607946822
CS16501,0,0.06282235195835928
CS16502,0,0.02886065931277785
CS16503,0,0.022111011409010603
CS16504,0,0.09735136809665403
CS16505,0,0.18930588640054283
CS16506,0,0.3207815112700491
CS16507,0,0.08278323494464232
CS16508,0,0.06363801675735906
CS16509,0,0.2178915319642788
CS16510,1,0.5751062303424445
CS16511,0,0.09862355135507316
CS16512,0,0.07592171829835145
CS16513,0,0.5013278057138578
CS16514,1,0.1482734332576437
CS16515,0,0.045543426523154795
CS16516,0,0.0180862051061443
CS16517,0,0.010200040401213702
CS16518,0,0.06921620009924513
CS16519,0,0.10134343896410557
CS16520,0,0.018519852484482107
CS16521,1,0.7345558402000278
CS16522,0,0.0211479582897227
CS16523,0,0.17330052597364742
CS16524,0,0.025518523762213946
CS16525,0,0.13288174370578465
CS16526,0,0.025387742621079516
CS16527,0,0.3531229628337454
CS16528,0,0.12436716854170175
CS16529,0,0.3728821703969075
CS16530,0,0.046492320665684095
CS16531,1,0.7493953109859782
CS16532,0,0.2999312746838749
CS16533,0,0.021408763247758172
CS16534,0,0.03670536131587051
CS16535,0,0.2208460180489413
CS16536,0,0.13749200470224232
CS16537,1,0.9805985848969562
CS16538,0,0.055574068652405696
CS16539,0,0.07687031853306314
CS16540,0,0.04186513701122748
CS16541,0,0.09743516008228922
CS16542,0,0.18205024632747055
CS16543,1,0.1038315218907895
CS16544,1,0.3136514035137246
CS16545,0,0.05636927597330877
CS16546,0,0.012800361093012016
CS16547,0,0.15972313720099277
CS16548,0,0.6012143288466524
CS16549,0,0.017988213055747528
CS16550,0,0.3319090280974012
CS16551,0,0.011374210357866494
CS16552,0,0.7250019421923914
CS16553,0,0.47703506370018117
CS16554,0,0.044174615903493857
CS16555,0,0.03319918548340766
CS16556,0,0.03125694492918448
CS16557,1,0.2046217365736904
CS16558,0,0.04035201203815288
CS16559,1,0.035472304873357945
CS16560,0,0.09470365123689284
CS16561,0,0.10422379770697228
CS16562,0,0.025578278072183228
CS16563,1,0.9906652117875283
CS16564,0,0.3866991818080673
CS16565,0,0.12016066664539712
CS16566,0,0.33491558387620957
CS16567,1,0.9815143013441883
CS16568,0,0.038029005469630575
CS16569,0,0.1570371452286622
CS16570,0,0.022851179579614706
CS16571,0,0.11334751742245154
CS16572,1,0.7226550551361952
CS16573,0,0.1129040121385505
CS16574,0,0.04111188846010837
CS16575,0,0.047948530934271746
CS16576,1,0.9825026550152773
CS16577,1,0.5266799588554614
CS16578,1,0.9880058615518972
CS16579,0,0.6268349252993963
CS16580,1,0.9795863209640263
CS16581,1,0.22168155515270108
CS16582,0,0.05006898456275748
CS16583,0,0.020562597001446994
CS16584,0,0.16499893263051768
CS16585,1,0.9880058615518972
CS16586,0,0.017961423826131983
CS16587,1,0.6969972857741021
CS16588,1,0.46611389385630364
CS16589,0,0.1251354280548163
CS16590,0,0.06719401726228016
CS16591,0,0.007985300886111931
CS16592,1,0.1956062601245737
CS16593,0,0.023410122961370215
CS16594,0,0.1213716410114821
CS16595,0,0.29000942270294255
CS16596,0,0.1293073219962608
CS16597,1,0.09273864853305479
CS16598,0,0.25271327693973433
CS16599,0,0.06808797845292588
CS16600,1,0.44399760287296286
CS16601,0,0.0557793523538886
CS16602,0,0.035532939682078664
CS16603,1,0.9764371896830826
CS16604,1,0.36306674031293396
CS16605,0,0.14590903633304697
CS16606,0,0.1437822610145244
CS16607,0,0.03814914844829056
CS16608,0,0.08300924019975978
CS16609,1,0.9862395083195762
CS16610,0,0.26872530868513816
CS16611,0,0.09536718273796821
CS16612,0,0.3674019532941341
CS16613,0,0.05731597952186475
CS16614,0,0.1952797703956947
CS16615,0,0.15287856629162164
CS16616,0,0.2417084930490317
CS16617,1,0.9354250078213583
CS16618,0,0.4297974567720741
CS16619,0,0.057506849460825564
CS16620,0,0.01078301893133721
CS16621,0,0.11120288901455079
CS16622,0,0.25048075353175436
CS16623,0,0.10152275501676318
CS16624,0,0.02895980318836997
CS16625,0,0.15765890052898554
CS16626,0,0.057414761009169105
CS16627,0,0.027905881596660527
CS16628,0,0.23807689024234535
CS16629,0,0.05914516155257269
CS16630,0,0.4353096500895187
CS16631,0,0.7788775941809788
CS16632,0,0.08313076745969634
CS16633,0,0.05457665055869588
CS16634,1,0.36961977221851683
CS16635,0,0.07878366444801795
CS16636,0,0.03840091425036835
CS16637,0,0.19143095729822507
CS16638,0,0.3578781725236407
CS16639,0,0.012891277806322272
CS16640,1,0.05701658452492281
CS16641,0,0.5334414677495425
CS16642,1,0.08723142661521704
CS16643,0,0.20398139285968045
CS16644,0,0.02227147626961307
CS16645,0,0.06335126966572663
CS16646,0,0.33918997580164933
CS16647,1,0.7739624601537973
CS16648,0,0.251851850839257
CS16649,0,0.03121633068500188
CS16650,1,0.08637682744386431
CS16651,1,0.5407171252376355
CS16652,0,0.06449976901303192
CS16653,1,0.015366973433683274
CS16654,0,0.0163975509985795
CS16655,1,0.029369649954751977
CS16656,0,0.1583318855646221
CS16657,0,0.013402995244962522
CS16658,0,0.3664885349312516
CS16659,0,0.16512291352022274
CS16660,0,0.5351598674123877
CS16661,0,0.008963561754622497
CS16662,0,0.35529410815078766
CS16663,0,0.07794213234548743
CS16664,0,0.113624320755643
CS16665,0,0.3001320559371954
CS16666,1,0.9801493717556151
CS16667,1,0.9795863209640263
CS16668,0,0.07264364940949021
CS16669,0,0.0694403741983393
CS16670,0,0.15453968544988742
CS16671,1,0.29338114859503667
CS16672,0,0.6168566346579082
CS16673,0,0.10823002891230292
CS16674,0,0.016204580788038547
CS16675,0,0.15842000908776777
CS16676,0,0.07680378508781756
CS16677,0,0.5790381126019888
CS16678,0,0.04471611312101305
CS16679,0,0.017116068614997117
CS16680,0,0.12513719741902218
CS16681,0,0.5021296656336727
CS16682,0,0.021791801858867234
CS16683,0,0.4036849735093677
CS16684,0,0.12230402798686543
CS16685,0,0.032759184817887074
CS16686,1,0.6718289408684814
CS16687,0,0.006325490433597871
CS16688,0,0.009171631321405804
CS16689,0,0.11748488874341813
CS16690,0,0.24170507485725418
CS16691,1,0.9173125958235883
CS16692,1,0.6566427340055921
CS16693,0,0.10259770970792735
CS16694,0,0.34231423870742017
CS16695,0,0.09816135202623451
CS16696,1,0.820539358814864
CS16697,1,0.025394127659421825
CS16698,0,0.09822605920654195
CS16699,0,0.29958119072941913
CS16700,0,0.2680338205918024
CS16701,0,0.04582416713316327
CS16702,1,0.39674052115864084
CS16703,0,0.0281040417049506
CS16704,0,0.7071762545884603
CS16705,0,0.07354425112256384
CS16706,1,0.08110593421320622
CS16707,0,0.07319809565737044
CS16708,0,0.07230945123611637
CS16709,0,0.04458314887319269
CS16710,0,0.13139084109320362
CS16711,0,0.01351366066643468
CS16712,0,0.14719818147436672
CS16713,0,0.08058526006979459
CS16714,0,0.05422811535280922
CS16715,0,0.4795876647971515
CS16716,0,0.10518783146392267
CS16717,0,0.016727438551509804
CS16718,0,0.12623806887188313
CS16719,0,0.1710702244258715
CS16720,0,0.031024240580072363
CS16721,0,0.03814106969285329
CS16722,1,0.9840626122425663
CS16723,0,0.6876280445174506
CS16724,0,0.17710031205803348
CS16725,0,0.22119421177001017
CS16726,0,0.11340805238369261
CS16727,0,0.04116908293712226
CS16728,1,0.9162737585579076
CS16729,0,0.037705729916010934
CS16730,0,0.06752282399446978
CS16731,0,0.08322536622883367
CS16732,0,0.014274136743816055
CS16733,0,0.025588884895888498
CS16734,0,0.3830065923214911
CS16735,0,0.2780390925410545
CS16736,0,0.15126368410636326
CS16737,0,0.035865503604872596
CS16738,1,0.5461430708400297
CS16739,0,0.07944201947363065
CS16740,0,0.035979298717780085
CS16741,0,0.2744623846359767
CS16742,0,0.026781636087029385
CS16743,0,0.05907271233593141
CS16744,0,0.014942331298550143
CS16745,0,0.02063839496874372
CS16746,0,0.06187839203439212
CS16747,0,0.06442714151005875
CS16748,1,0.5340223323447493
CS16749,0,0.4681792099972594
CS16750,1,0.34542347755424946
CS16751,1,0.9540589361095445
CS16752,1,0.9795863209640263
CS16753,0,0.3015668913395171
CS16754,0,0.03255903667174739
CS16755,0,0.02681715380309384
CS16756,1,0.49506680575158984
CS16757,1,0.6747269746917358
CS16758,0,0.09493509182990366
CS16759,0,0.12274877848767782
CS16760,1,0.5735388153702068
CS16761,1,0.9872172080800264
CS16762,0,0.05585632723778577
CS16763,0,0.011240120838186539
CS16764,0,0.06686333760485892
CS16765,0,0.09160062600917049
CS16766,0,0.035450580115745596
CS16767,0,0.0896973967941511
CS16768,0,0.5116615606654743
CS16769,1,0.34808614113577035
CS16770,1,0.9507212190821429
CS16771,0,0.3267177718715401
CS16772,0,0.051940468894458615
CS16773,0,0.24555560027314868
CS16774,1,0.9862284238805694
CS16775,0,0.03892105505252099
CS16776,0,0.07469380049152677
CS16777,0,0.04447072242301071
CS16778,0,0.028877617567823043
CS16779,1,0.10406511802887874
CS16780,0,0.28426087887613605
CS16781,1,0.4504179971349468
CS16782,0,0.03786716631265876
CS16783,1,0.9865776248613977
CS16784,0,0.08143646817526055
CS16785,0,0.1776365448879172
CS16786,0,0.23863196091386812
CS16787,0,0.011538956538450449
CS16788,0,0.017683748958468425
CS16789,0,0.03203776109746678
CS16790,0,0.13050507036669506
CS16791,0,0.0368692327934602
CS16792,0,0.38357497748575475
CS16793,1,0.0777644584582514
CS16794,0,0.5800340313192374
CS16795,0,0.5870887060049418
CS16796,0,0.1059714302619137
CS16797,0,0.3902182023308923
CS16798,0,0.09800533596262159
CS16799,0,0.018485367695070965
CS16800,1,0.07664271350952316
CS16801,0,0.041395218019686965
CS16802,0,0.1744520918609192
CS16803,0,0.07746223750164002
CS16804,0,0.030606508755659942
CS16805,0,0.1019605266709799
CS16806,1,0.09389768063553065
CS16807,0,0.326038021217423
CS16808,0,0.06467552955584278
CS16809,0,0.06454526955049952
CS16810,0,0.8258171849101973
CS16811,0,0.2423582807965923
CS16812,0,0.2647583783708342
CS16813,1,0.09476611409535993
CS16814,0,0.011564865236349031
CS16815,0,0.08407423322651719
CS16816,1,0.9894310116664581
CS16817,0,0.03173985364714251
CS16818,1,0.156566986043843
CS16819,0,0.057116734070898116
CS16820,0,0.011002691692857064
CS16821,0,0.026897677366709807
CS16822,0,0.10741198548206496
CS16823,0,0.15129591606801746
CS16824,0,0.08276987300264607
CS16825,1,0.4516901803074427
CS16826,0,0.01006484365701014
CS16827,0,0.04363277312649977
CS16828,1,0.2737154112769182
CS16829,0,0.08131829682421085
CS16830,0,0.36610565457990984
CS16831,0,0.14340819292025078
CS16832,0,0.12035163095450424
CS16833,0,0.06609077681066004
CS16834,0,0.03387635648600345
CS16835,0,0.027761718762265103
CS16836,0,0.038411456401436485
CS16837,1,0.21956677875386577
CS16838,0,0.014984955345446999
CS16839,1,0.4045444847494449
CS16840,0,0.07002488769033335
CS16841,0,0.07898293650227323
CS16842,0,0.46793399748017406
CS16843,0,0.025505090839339033
CS16844,1,0.7891816777351952
CS16845,0,0.08741383979073422
CS16846,1,0.9815510220481505
CS16847,0,0.03916701600017831
CS16848,0,0.25742118172895284
CS16849,1,0.26748727141350676
CS16850,0,0.08979345714923537
CS16851,0,0.16428939158983444
CS16852,0,0.041081056599055414
CS16853,0,0.07652902019796395
CS16854,1,0.7525180682314115
CS16855,0,0.4318272185158651
CS16856,0,0.08101967333374333
CS16857,0,0.027360995039545522
CS16858,0,0.0554419318923757
CS16859,0,0.6668703653124446
CS16860,1,0.7247699262107372
CS16861,1,0.29033011425554095
CS16862,0,0.042078995524411716
CS16863,0,0.032990367988370205
CS16864,1,0.6783017503162441
CS16865,1,0.9813751947361373
CS16866,0,0.3997839701479105
CS16867,0,0.01330555387591685
CS16868,1,0.9797587465658838
CS16869,0,0.2807761522542475
CS16870,0,0.22444867189148884
CS16871,0,0.07155977648368235
CS16872,1,0.6012137586436868
CS16873,1,0.1550888051524639
CS16874,0,0.046720212545360226
CS16875,1,0.3488275409968444
CS16876,0,0.035613894597400546
CS16877,0,0.10941908155692194
CS16878,1,0.0940379987983661
CS16879,0,0.07371120224690933
CS16880,0,0.03149485036889346
CS16881,1,0.6638327064521742
CS16882,0,0.5469667146112039
CS16883,0,0.14751418357457252
CS16884,0,0.011421125229223434
CS16885,1,0.9858025496754486
CS16886,1,0.08699018152013929
CS16887,1,0.9741133246051644
CS16888,0,0.46452312303064347
CS16889,1,0.16185980702135538
CS16890,0,0.0873361684713843
CS16891,0,0.04302662777422381
CS16892,1,0.6417255923358474
CS16893,0,0.038053920116632674
CS16894,0,0.0373259663100158
CS16895,1,0.5812313730508867
CS16896,0,0.04406950181371786
CS16897,1,0.10874062429710099
CS16898,0,0.08124864773357572
CS16899,1,0.9795863209640263
CS16900,1,0.14804679336691645
CS16901,1,0.6950195060854247
CS16902,1,0.6809782095305782
CS16903,1,0.13106605238887042
CS16904,0,0.3820747719719275
CS16905,1,0.12286024140549258
CS16906,0,0.01826079345400923
CS16907,0,0.20403048561051837
CS16908,0,0.14981726532990536
CS16909,1,0.3325267086639584
CS16910,0,0.16172837580403024
CS16911,0,0.015548410926608141
CS16912,0,0.00629764199482841
CS16913,0,0.029197286954177684
CS16914,0,0.008758447182430316
CS16915,0,0.09143641750927674
CS16916,1,0.16072256638510712
CS16917,0,0.12865177809346862
CS16918,1,0.021197581650754478
CS16919,0,0.1311271450373634
CS16920,0,0.03498302865005665
CS16921,0,0.04569725572557173
CS16922,1,0.23393001700732677
CS16923,0,0.030438547218752027
CS16924,1,0.15177947886556314
CS16925,1,0.2108680801696581
CS16926,0,0.11830975007209624
CS16927,0,0.06630391344878286
CS16928,1,0.46455868016139384
CS16929,0,0.18298496313134704
CS16930,1,0.06738746294318836
CS16931,0,0.09163730393069855
CS16932,1,0.20909456155465597
CS16933,0,0.052671784443769534
CS16934,0,0.015878170139306775
CS16935,0,0.12452073756866144
CS16936,0,0.24127678876523842
CS16937,0,0.011768136782362711
CS16938,1,0.5115182597109827
CS16939,0,0.6448428298093283
CS16940,0,0.8719618449001921
CS16941,0,0.06305740234790745
CS16942,1,0.05835805900126547
CS16943,0,0.08589035325328542
CS16944,0,0.026200484274974418
CS16945,0,0.017652084631531884
CS16946,1,0.27194764969519836
CS16947,0,0.0317508248334002
CS16948,0,0.5854893496457935
CS16949,1,0.9795863209640263
CS16950,0,0.03662592444228651
CS16951,1,0.3290243888136195
CS16952,1,0.7056790651122394
CS16953,0,0.016708699443177173
CS16954,0,0.23909785584520354
CS16955,1,0.9749540809936773
CS16956,0,0.03566847271618315
CS16957,0,0.06639490044781245
CS16958,0,0.1989528717074312
CS16959,0,0.1493152541667881
CS16960,1,0.9849409748704225
CS16961,0,0.2228822108946307
CS16962,0,0.14444082765712793
CS16963,0,0.08573415390679132
CS16964,0,0.26764957844915716
CS16965,1,0.17750988704322573
CS16966,0,0.13234976156336148
CS16967,0,0.028083953333014527
CS16968,0,0.14211337166048993
CS16969,0,0.10047747929412963
CS16970,1,0.5704942145867181
CS16971,0,0.18420767223528553
CS16972,0,0.07022981974754057
CS16973,0,0.1312866989565413
CS16974,0,0.09907905831092649
CS16975,0,0.148339007180999
CS16976,0,0.016928709830737642
CS16977,0,0.15459364920450486
CS16978,0,0.03425431157562858
CS16979,1,0.18277807569262158
CS16980,1,0.9885582131849838
CS16981,1,0.5462181776786027
CS16982,0,0.05772093574664131
CS16983,0,0.10679734921696836
CS16984,0,0.02001192486051044
CS16985,0,0.04918645458144701
CS16986,0,0.038519274138291315
CS16987,1,0.6013605695109775
CS16988,0,0.051412606621594956
CS16989,0,0.03857263257639208
CS16990,1,0.5303773698022334
CS16991,1,0.7723332171728564
CS16992,0,0.1435308106404389
CS16993,0,0.9417339578984193
CS16994,0,0.032435251901483574
CS16995,0,0.009031878549018456
CS16996,0,0.05846807976964144
CS16997,0,0.053640057069890376
CS16998,1,0.09740389909870134
CS16999,0,0.05789224730045652
CS17000,0,0.2710808231911774
CS17001,0,0.01863577770554992
CS17002,0,0.10900846493972952
CS17003,0,0.023950412711786627
CS17004,0,0.007676555446593382
CS17005,1,0.9542262281103141
CS17006,1,0.22061108716347178
CS17007,1,0.5569506181415087
CS17008,0,0.01426683830690518
CS17009,0,0.13843948586345806
CS17010,0,0.04537131827738968
CS17011,0,0.017468838505375086
CS17012,0,0.04476505053795019
CS17013,0,0.1801858804584751
CS17014,0,0.07556066357309649
CS17015,1,0.9890415660807318
CS17016,1,0.12718597600979314
CS17017,0,0.16313839521490292
CS17018,1,0.26089775076085353
CS17019,0,0.027898663703698253
CS17020,1,0.9571145621201317
CS17021,0,0.011899137865498866
CS17022,0,0.21733857677449434
CS17023,0,0.17768146857525344
CS17024,0,0.06597293106661214
CS17025,1,0.7877278567122108
CS17026,0,0.25300377182324923
CS17027,1,0.982063136484813
CS17028,0,0.13989775782618463
CS17029,0,0.11109882122625607
CS17030,0,0.01928306174509461
CS17031,0,0.06502940521836079
CS17032,0,0.2989465618874506
CS17033,0,0.28703013225718926
CS17034,0,0.22018736476866058
CS17035,1,0.5227785604015043
CS17036,0,0.10284578470596765
CS17037,0,0.11619466918693187
CS17038,0,0.09921896011798892
CS17039,0,0.4223868775195556
CS17040,0,0.11695254638553511
CS17041,1,0.5572994007214049
CS17042,0,0.22098128799680822
CS17043,0,0.7783235468531333
CS17044,0,0.1423194403905048
CS17045,0,0.021315239400033707
CS17046,0,0.41771938044784074
CS17047,0,0.028037698515204105
CS17048,0,0.5791365343238722
CS17049,1,0.6866259972307729
CS17050,1,0.5412328803826714
CS17051,0,0.28600586765706587
CS17052,0,0.017619406306684342
CS17053,1,0.29681625513872095
CS17054,0,0.06553579779961358
CS17055,0,0.13155512808499895
CS17056,0,0.08583965271986069
CS17057,0,0.15275749350787757
CS17058,1,0.1208175644171203
CS17059,0,0.04124454158102884
CS17060,0,0.15957855564362622
CS17061,0,0.1798025500409475
CS17062,0,0.045471721288002
CS17063,0,0.6621396806421541
CS17064,0,0.33418025675164026
CS17065,0,0.10224179133341472
CS17066,0,0.04257710733897754
CS17067,0,0.4087217952478666
CS17068,0,0.031278691343082476
CS17069,0,0.27574299929880675
CS17070,1,0.07501347361387296
CS17071,0,0.7106569698727494
CS17072,0,0.2610985708427185
CS17073,0,0.04709243374127731
CS17074,0,0.12682061633375227
CS17075,0,0.021971518067256925
CS17076,0,0.021134301164590173
CS17077,0,0.5410335526431933
CS17078,0,0.7731902357314472
CS17079,0,0.0844959179334114
CS17080,0,0.7431688672769883
CS17081,0,0.01641890974612529
CS17082,0,0.018313263767035227
CS17083,0,0.2721956471700524
CS17084,0,0.013310686522065523
CS17085,0,0.0307758596785133
CS17086,0,0.5706140816721548
CS17087,1,0.9895695671118934
CS17088,0,0.01674584967155076
CS17089,0,0.01944603767453298
CS17090,1,0.6841107527905311
CS17091,1,0.3995555265944416
CS17092,1,0.8249675016657071
CS17093,0,0.03194640913064604
CS17094,0,0.2829701226503673
CS17095,0,0.09982128194514517
CS17096,1,0.9672791430700647
CS17097,0,0.085826375419848
CS17098,0,0.4210475480707506
CS17099,0,0.05425321599005726
CS17100,0,0.06033682941144167
CS17101,0,0.19020074734942083
CS17102,0,0.04357744392885801
CS17103,1,0.7590946742013284
CS17104,0,0.0390671077762915
CS17105,0,0.07985455965727588
CS17106,0,0.02691583442648952
CS17107,1,0.9900466515313812
CS17108,1,0.3521745432914607
CS17109,0,0.07416061266387416
CS17110,0,0.15426951589322196
CS17111,1,0.11698585576063451
CS17112,0,0.04538995171003563
CS17113,0,0.6755710335536076
CS17114,0,0.10088977116037175
CS17115,0,0.08612816088976316
CS17116,0,0.007273291725101545
CS17117,1,0.044636329993773954
CS17118,0,0.023814411336720697
CS17119,0,0.07564721830098732
CS17120,0,0.3910482884154205
CS17121,0,0.03195463615562332
CS17122,1,0.560878984908829
CS17123,0,0.014693657223188916
CS17124,0,0.02336814191880341
CS17125,0,0.4688504620871904
CS17126,0,0.020341224158349016
CS17127,1,0.34813062809163325
CS17128,1,0.9775213143127156
CS17129,0,0.011763387031434907
CS17130,1,0.09109491622397749
CS17131,0,0.42409492856940206
CS17132,0,0.05015832395324073
CS17133,0,0.01321312882845538
CS17134,1,0.2993807753707992
CS17135,0,0.4702237768118368
CS17136,1,0.8105941876938485
CS17137,0,0.36633680284825293
CS17138,0,0.02192533541199505
CS17139,0,0.08595749650815009
CS17140,0,0.13298623743987828
CS17141,1,0.16962482267341802
CS17142,0,0.0439421073950283
CS17143,0,0.02723115655165399
CS17144,0,0.09112783620674737
CS17145,0,0.36835047020901157
CS17146,0,0.23083943522516873
CS17147,0,0.4259669815594418
CS17148,0,0.0761841132542546
CS17149,0,0.10274264954009747
CS17150,0,0.018785289166884576
CS17151,1,0.9855069156830498
CS17152,0,0.025871256098480754
CS17153,0,0.03832983930874257
CS17154,0,0.24186509063309283
CS17155,0,0.1358864559185056
CS17156,0,0.07890430880387894
CS17157,1,0.9806781903913842
CS17158,1,0.05765150689923586
CS17159,0,0.030523163936271178
CS17160,0,0.16225857917495184
CS17161,0,0.411190679480705
CS17162,0,0.09294561719848564
CS17163,1,0.07031701999734317
CS17164,0,0.7030539998306804
CS17165,0,0.018399209304365515
CS17166,0,0.030723437541016963
CS17167,1,0.7844624451122271
CS17168,1,0.4779896478326565
CS17169,1,0.9829059598653865
CS17170,0,0.10767470917310891
CS17171,0,0.009191887208126805
CS17172,0,0.04974642541594113
CS17173,0,0.034756300489064126
CS17174,0,0.015427894590139908
CS17175,0,0.00865923169430676
CS17176,0,0.047210190546922465
CS17177,0,0.02624117526252165
CS17178,1,0.9779244085921018
CS17179,1,0.08553524172651761
CS17180,0,0.14750762002086545
CS17181,1,0.06790704261223612
CS17182,0,0.09886800407729457
CS17183,0,0.10435339067390778
CS17184,0,0.501405718953504
CS17185,0,0.1154202347090347
CS17186,1,0.974891995011281
CS17187,0,0.13663796628051525
CS17188,0,0.03324629791407349
CS17189,0,0.5628282470077368
CS17190,1,0.01754864849767332
CS17191,0,0.013505989830713987
CS17192,0,0.010646128956513026
CS17193,0,0.07838011691565595
CS17194,0,0.006246176476698415
CS17195,1,0.28199057313984227
CS17196,0,0.5888577063790393
CS17197,0,0.10339844655858223
CS17198,0,0.0356474188145016
CS17199,0,0.11861975175930074
CS17200,0,0.010824735793601561
CS17201,0,0.06661648942584358
CS17202,0,0.02892547996005912
CS17203,1,0.9858919398782076
CS17204,0,0.023260669831735505
CS17205,0,0.22818659424333562
CS17206,0,0.025549635393626736
CS17207,0,0.1838293404986703
CS17208,0,0.17042702009972951
CS17209,0,0.022236136074227312
CS17210,0,0.06120711331368718
CS17211,0,0.10783817444674246
CS17212,1,0.14535688568747382
CS17213,0,0.09841938788980911
CS17214,1,0.6951771852254001
CS17215,1,0.3923511317589731
CS17216,1,0.9794211009564228
CS17217,0,0.30800568464354594
CS17218,0,0.07308265199212545
CS17219,0,0.05013414999443621
CS17220,0,0.07917138712152123
CS17221,0,0.2999022943378719
CS17222,0,0.4303409137756937
CS17223,0,0.08827347705562387
CS17224,1,0.5256627899927381
CS17225,1,0.04532808379752723
CS17226,0,0.1891187134178993
CS17227,0,0.06682797363823555
CS17228,1,0.2800645363200592
CS17229,0,0.05915131207673336
CS17230,1,0.8833956070292774
CS17231,0,0.2076851745423038
CS17232,0,0.12876789138863104
CS17233,0,0.08799968168312593
CS17234,0,0.06189504506689982
CS17235,0,0.014359467430048987
CS17236,0,0.08284965636918672
CS17237,1,0.514459315493733
CS17238,0,0.02757797688809302
CS17239,0,0.027407718565758132
CS17240,0,0.12829304642472428
CS17241,1,0.43687159080113935
CS17242,1,0.3421740876268483
CS17243,0,0.027647318825461543
CS17244,0,0.24113328655991778
CS17245,0,0.15596154306944793
CS17246,0,0.050363019739736295
CS17247,0,0.024986447397155498
CS17248,0,0.041849962154942875
CS17249,1,0.9805514609692272
CS17250,0,0.1806733076476137
CS17251,0,0.05712652960191889
CS17252,0,0.02159312470749657
CS17253,1,0.47665341885636
CS17254,0,0.07166383515728685
CS17255,0,0.07763360831810334
CS17256,0,0.018181827755136132
CS17257,0,0.2573923767825736
CS17258,0,0.04914876964732862
CS17259,1,0.8358216674858768
CS17260,0,0.2115969141957733
CS17261,0,0.021487752211903313
CS17262,0,0.056876339297135765
CS17263,1,0.04894609249422967
CS17264,0,0.02948947092726211
CS17265,1,0.6519712904663951
CS17266,0,0.10282055269667945
CS17267,1,0.1293341158233165
CS17268,0,0.04848706320670012
CS17269,1,0.5268053300146248
CS17270,1,0.9898708529547727
CS17271,0,0.009307559007714659
CS17272,0,0.040018175092599625
CS17273,0,0.05617207716323192
CS17274,0,0.022874308322427143
CS17275,0,0.02119933022282664
CS17276,0,0.3599824290737516
CS17277,0,0.21030801706411112
CS17278,0,0.23058509057211457
CS17279,0,0.12607501769176507
CS17280,0,0.012523171817361692
CS17281,0,0.07687649985214658
CS17282,0,0.19079996794420484
CS17283,0,0.14746443559373387
CS17284,1,0.323677441579067
CS17285,1,0.44389250045626144
CS17286,0,0.05245686175614357
CS17287,0,0.03771926263039268
CS17288,0,0.28099856454820715
CS17289,0,0.1918764631848748
CS17290,1,0.1971108148737647
CS17291,0,0.19810920679775712
CS17292,0,0.11839451321067608
CS17293,0,0.11618929183495591
CS17294,0,0.1234627976018261
CS17295,0,0.015892005367832834
CS17296,1,0.03083846231276434
CS17297,1,0.8551561059183654
CS17298,0,0.027194122460076388
CS17299,0,0.13205706767720496
CS17300,0,0.52052941854624
CS17301,0,0.013447345471609567
CS17302,0,0.012874551353221825
CS17303,0,0.03048087571499153
CS17304,1,0.19334976939848603
CS17305,1,0.942524322387159
CS17306,1,0.11365679448759905
CS17307,1,0.7636300843356854
CS17308,0,0.0204358530439409
CS17309,0,0.12969102573113236
CS17310,0,0.049062139295245825
CS17311,1,0.9879086213233441
CS17312,0,0.07328224171076546
CS17313,0,0.14744501364995594
CS17314,0,0.07503013861998717
CS17315,0,0.4577341247540742
CS17316,0,0.08130785855564536
CS17317,1,0.06063321576220699
CS17318,0,0.02777700317592329
CS17319,1,0.36256912280604925
CS17320,1,0.7756344197437486
CS17321,0,0.02273077467656573
CS17322,0,0.18216106592612008
CS17323,1,0.9795863209640263
CS17324,0,0.02366585378226518
CS17325,1,0.9620471293567852
CS17326,0,0.2331407902793861
CS17327,0,0.15649250732913036
CS17328,1,0.3223498460884592
CS17329,0,0.1935418598464646
CS17330,0,0.45796621977069035
CS17331,0,0.07904748675771137
CS17332,0,0.2713261410401277
CS17333,0,0.02523029897119
CS17334,0,0.03302953977401597
CS17335,1,0.09604954139361496
CS17336,1,0.7044910428095426
CS17337,0,0.06409787056535013
CS17338,0,0.04936165957732411
CS17339,0,0.01629267469549952
CS17340,0,0.35801965604050073
CS17341,0,0.2941610735623362
CS17342,1,0.6096291169286732
CS17343,0,0.15324428268845502
CS17344,0,0.024721505237831985
CS17345,0,0.019226654165235196
CS17346,0,0.13675665923902663
CS17347,0,0.07737282641812306
CS17348,1,0.49412433417825197
CS17349,1,0.21057044301400832
CS17350,0,0.040869444235905404
CS17351,0,0.46742952819493944
CS17352,0,0.059824546470792286
CS17353,0,0.04015659154510847
CS17354,0,0.5382993144351723
CS17355,0,0.10429235241521147
CS17356,0,0.40323619675104566
CS17357,0,0.2060678015074807
CS17358,0,0.012363444170185322
CS17359,0,0.5453467355920898
CS17360,0,0.044318858513925675
CS17361,1,0.21526836508145145
CS17362,0,0.27346568113226655
CS17363,0,0.06160784205997944
CS17364,0,0.10259036511237508
CS17365,1,0.6269116132759146
CS17366,0,0.08655473110291284
CS17367,1,0.1116407114010238
CS17368,0,0.029375968812553343
CS17369,0,0.1270348168789029
CS17370,0,0.02632975733717655
CS17371,1,0.059008636509733536
CS17372,0,0.06759586679982994
CS17373,0,0.12386334846208379
CS17374,1,0.9801225761676055
CS17375,1,0.567237942403996
CS17376,0,0.026055445433261167
CS17377,0,0.01900464744733079
CS17378,0,0.20337459358297402
CS17379,0,0.053820406045126286
CS17380,0,0.6791627722393855
CS17381,1,0.6569555703800448
CS17382,0,0.02632343546959186
CS17383,0,0.007097287806277613
CS17384,0,0.08580558551109126
CS17385,0,0.04815286159354139
CS17386,0,0.04982767235945488
CS17387,0,0.06264386701378569
CS17388,0,0.03909861661453894
CS17389,0,0.17549371406602265
CS17390,0,0.053629618771759195
CS17391,0,0.01753814455495836
CS17392,0,0.08276380028554893
CS17393,0,0.011941984618173114
CS17394,1,0.9808988443838138
CS17395,0,0.005386313553426786
CS17396,0,0.10086052553522179
CS17397,1,0.9895695671118934
CS17398,0,0.3972847455307021
CS17399,1,0.029304160578278345
CS17400,1,0.24424375262415585
CS17401,0,0.055521556533684055
CS17402,0,0.0350111119722098
CS17403,0,0.02972656255362637
CS17404,0,0.024435699894474954
CS17405,1,0.9689298851587922
CS17406,0,0.1621167637074299
CS17407,1,0.9821212153211203
CS17408,0,0.08997300769651406
CS17409,0,0.03618954295758906
CS17410,0,0.03426074531089443
CS17411,0,0.33269593110564466
CS17412,0,0.0139025595447792
CS17413,1,0.9832265157564276
CS17414,1,0.5234804449825183
CS17415,0,0.02507944843947087
CS17416,0,0.04026320343019844
CS17417,1,0.7211106066960965
CS17418,0,0.07335818651896428
CS17419,1,0.5556347975869761
CS17420,0,0.2207656158093151
CS17421,0,0.1726076369855745
CS17422,0,0.6546284448532862
CS17423,0,0.021420314195187216
CS17424,0,0.08722403978072615
CS17425,0,0.2913229018191354
CS17426,0,0.01489270235373593
CS17427,0,0.04025027600135057
CS17428,0,0.2215046372830023
CS17429,0,0.02381959270140321
CS17430,0,0.033860887506073925
CS17431,1,0.25182251175089804
CS17432,0,0.059895067491586206
CS17433,0,0.21900911308128976
CS17434,0,0.0678578945552031
CS17435,0,0.06285618234558246
CS17436,0,0.5540230080270716
CS17437,0,0.050914295293724654
CS17438,0,0.30399109279822256
CS17439,0,0.2070116089422392
CS17440,1,0.9825026550152773
CS17441,0,0.2179507120764809
CS17442,1,0.3502655089989171
CS17443,0,0.13444325200138477
CS17444,0,0.051990108562180476
CS17445,1,0.6403368930399669
CS17446,0,0.06342742142380095
CS17447,0,0.2699189202837562
CS17448,1,0.4897022357964307
CS17449,0,0.34413612439141006
CS17450,1,0.6231057431732487
CS17451,0,0.11041464484546415
CS17452,0,0.00800490308438956
CS17453,0,0.18652879131478595
CS17454,1,0.15337641983768627
CS17455,0,0.5962019214455926
CS17456,0,0.009524414541341666
CS17457,0,0.034158280536971806
CS17458,0,0.2368981111804432
CS17459,0,0.09518397448170175
CS17460,0,0.15190779083915606
CS17461,0,0.19792832823674358
CS17462,1,0.976196820893454
CS17463,0,0.011659110892395979
CS17464,1,0.9912803273492218
CS17465,0,0.13287244913196583
CS17466,0,0.17652887266690864
CS17467,0,0.1599971546832002
CS17468,0,0.03458298910961975
CS17469,1,0.36258132235642704
CS17470,0,0.07711024474030011
CS17471,0,0.02631166103296061
CS17472,1,0.9819889130932637
CS17473,0,0.5112891673342406
CS17474,0,0.40129846679970077
CS17475,0,0.3791037861890045
CS17476,0,0.16929703264332105
CS17477,0,0.28834050721317406
CS17478,0,0.2000005249795158
CS17479,0,0.49467235968856815
CS17480,1,0.6138551305810925
CS17481,0,0.03221600584127694
CS17482,0,0.022117145064154155
CS17483,0,0.1129839642166337
CS17484,0,0.023038254078060448
CS17485,1,0.5234006539775362
CS17486,0,0.15505018263380105
CS17487,1,0.9436885932990654
CS17488,1,0.44426162642583183
CS17489,1,0.30466390845954344
CS17490,1,0.08030084918002088
CS17491,1,0.21165456590817033
CS17492,0,0.1735354671350956
CS17493,0,0.04451385094769886
CS17494,0,0.1600943967121719
CS17495,0,0.4321661728713982
CS17496,0,0.05560784759952276
CS17497,0,0.17072217561691325
CS17498,0,0.3142703657251122
CS17499,1,0.16558574515620153
CS17500,0,0.04248387340978032
CS17501,0,0.4985940692260807
CS17502,0,0.017252145426083262
CS17503,0,0.06650662085353354
CS17504,0,0.09438284564708083
CS17505,0,0.06725051064941703
CS17506,0,0.40186187180490446
CS17507,0,0.10993702362428336
CS17508,0,0.09544811279258579
CS17509,0,0.02010398366014638
CS17510,0,0.02012178854140212
CS17511,0,0.06414949411395625
CS17512,0,0.05124703375970933
CS17513,0,0.04642159103069806
CS17514,0,0.065502860947736
CS17515,0,0.036694498480646535
CS17516,0,0.01124315266085197
CS17517,0,0.03371702819098341
CS17518,0,0.06107989205179492
CS17519,0,0.0333468381973104
CS17520,0,0.10060588486963845
CS17521,1,0.8120983527963134
CS17522,0,0.1279854214742724
CS17523,0,0.18366637656729323
CS17524,1,0.0506735585177584
CS17525,0,0.12807111958668946
CS17526,1,0.1470053001639355
CS17527,0,0.10296277360944846
CS17528,0,0.01840550556268508
CS17529,0,0.20876834883773115
CS17530,0,0.01291903799543739
CS17531,1,0.9778124108636641
CS17532,1,0.12693366550017443
CS17533,0,0.021355135010111433
CS17534,0,0.27576655842207026
CS17535,0,0.3004551700356694
CS17536,0,0.49066679860978646
CS17537,0,0.024733729953214233
CS17538,1,0.980358039388201
CS17539,0,0.5220231253463211
CS17540,0,0.04504156031570673
CS17541,0,0.031204985872846355
CS17542,1,0.6140659030304271
CS17543,1,0.6254541491426369
CS17544,0,0.6087508197902841
CS17545,1,0.2667340751624688
CS17546,0,0.08388777809431903
CS17547,0,0.08116225383654961
CS17548,0,0.20497275598280493
CS17549,1,0.36312749093996394
CS17550,1,0.0878823138580748
CS17551,0,0.3665665757725163
CS17552,0,0.5043723796502149
CS17553,1,0.9862494964407311
CS17554,0,0.08875091341393
CS17555,0,0.12967641329099772
CS17556,1,0.2260006716439901
CS17557,0,0.00944153445576668
CS17558,1,0.4378792877814763
CS17559,0,0.11820701066392823
CS17560,1,0.9774850397615668
CS17561,1,0.4141269400613363
CS17562,1,0.028614771438503127
CS17563,0,0.011417835449541587
CS17564,0,0.1765544314954415
CS17565,1,0.632652163031209
CS17566,0,0.022262650828988293
CS17567,1,0.24797347497865324
CS17568,0,0.007716322337183623
CS17569,0,0.05188526799376873
CS17570,0,0.02606227221209034
CS17571,1,0.44582963768036754
CS17572,0,0.026584682984088514
CS17573,0,0.03106289299352956
CS17574,1,0.9870906511794996
CS17575,0,0.10513553561659199
CS17576,1,0.811491349875319
CS17577,0,0.3010354620658134
CS17578,0,0.019605428857677465
CS17579,0,0.0188483870362423
CS17580,0,0.007614619364804667
CS17581,0,0.4469507534490277
CS17582,1,0.5348312202463321
CS17583,0,0.14907112347120893
CS17584,0,0.06427152208515849
CS17585,0,0.16854909513562472
CS17586,1,0.03908314749373412
CS17587,0,0.09092736232968714
CS17588,0,0.0947119164337086
CS17589,0,0.045593771982599965
CS17590,0,0.01748115539076219
CS17591,0,0.03862010562900631
CS17592,0,0.38788789254229616
CS17593,1,0.7486875110935768
CS17594,0,0.03331628918823436
CS17595,0,0.13682912934693262
CS17596,0,0.01678450068935147
CS17597,1,0.04371430827277628
CS17598,0,0.038870258141714964
CS17599,1,0.30216053534575166
CS17600,0,0.12569122132727636
CS17601,1,0.9778678417069409
CS17602,0,0.12353160763591488
CS17603,0,0.011446355152330279
CS17604,1,0.23244258822724295
CS17605,0,0.08972520847986011
CS17606,0,0.07058327731711031
CS17607,1,0.11260247857151544
CS17608,0,0.7394601120126304
CS17609,0,0.39598481076118214
CS17610,0,0.14842385854038698
CS17611,0,0.11120566970100304
CS17612,0,0.04672397330139164
CS17613,0,0.09623203052808478
CS17614,0,0.4714301096627584
CS17615,0,0.039022851578014585
CS17616,1,0.9862494964407311
CS17617,0,0.02958145822143222
CS17618,0,0.005100089945243809
CS17619,0,0.08870507196772788
CS17620,1,0.547541891878911
CS17621,1,0.980391027412457
CS17622,1,0.985771286762973
CS17623,0,0.33118373947390223
CS17624,1,0.47442683521258217
CS17625,0,0.030268731522208717
CS17626,0,0.16282579137276054
CS17627,0,0.10092428691412106
CS17628,1,0.9843213461347173
CS17629,0,0.1063604146357376
CS17630,1,0.13219954295220662
CS17631,1,0.3388515015169234
CS17632,0,0.3824786079624634
CS17633,0,0.16560275043865183
CS17634,0,0.24368833596615716
CS17635,1,0.06663145241299093
CS17636,1,0.9873113809382309
CS17637,0,0.40151000359386324
CS17638,0,0.01752527887636883
CS17639,1,0.7953690497241256
CS17640,0,0.016590249256347136
CS17641,0,0.07416745960706962
CS17642,0,0.06181294137736893
CS17643,0,0.1613251991412392
CS17644,0,0.047619323741501886
CS17645,0,0.03832369119118051
CS17646,1,0.10486340508571343
CS17647,1,0.4134241577849161
CS17648,0,0.08842493932665836
CS17649,0,0.051084256422316905
CS17650,0,0.06134620223308881
CS17651,0,0.26730402838542594
CS17652,0,0.12428828884217079
CS17653,0,0.039355085557118065
CS17654,0,0.13749995100542045
CS17655,0,0.029711005444143443
CS17656,1,0.3044808744096402
CS17657,0,0.2369892910181018
CS17658,0,0.10111896151885137
CS17659,1,0.09939787189351303
CS17660,0,0.04502886522014786
CS17661,0,0.00624932284873829
CS17662,0,0.6792170008489653
CS17663,1,0.35174395601317054
CS17664,0,0.010849709456316666
CS17665,0,0.5972415488243441
CS17666,1,0.6487093170014259
CS17667,0,0.11251997638514358
CS17668,0,0.04941829412931417
CS17669,0,0.04947714683736424
CS17670,1,0.021419907709276542
CS17671,1,0.8154552952584955
CS17672,0,0.13813375732790792
CS17673,0,0.26955214248321324
CS17674,0,0.015519779870586534
CS17675,1,0.2691243069208222
CS17676,0,0.0933634415499647
CS17677,0,0.033657434705685774
CS17678,1,0.9900247519400431
CS17679,0,0.04239696649082114
CS17680,0,0.21915278520355808
CS17681,0,0.10818448619673209
CS17682,0,0.20162711608403916
CS17683,0,0.6390436180086444
CS17684,1,0.7661691859573013
CS17685,0,0.11019499221287284
CS17686,0,0.0115721432408825
CS17687,0,0.11848589641094764
CS17688,0,0.16887231689648766
CS17689,0,0.02798179482279795
CS17690,0,0.11927419135878897
CS17691,0,0.20707889243668598
CS17692,0,0.04529681910481504
CS17693,0,0.04289066797125082
CS17694,0,0.08211367449501217
CS17695,0,0.004776825216142007
CS17696,0,0.05028188007283907
CS17697,0,0.33856039364431906
CS17698,0,0.21964276769875787
CS17699,0,0.025567602017538917
CS17700,0,0.3260583202665921
CS17701,0,0.06491324534610492
CS17702,0,0.016516227863348405
CS17703,1,0.6205815529025529
CS17704,1,0.40230851315265814
CS17705,1,0.1960483501666067
CS17706,0,0.2301446643289921
CS17707,0,0.028762310074877822
CS17708,0,0.05667218736415904
CS17709,0,0.012538964490927913
CS17710,1,0.25329331801877014
CS17711,0,0.013522730354585493
CS17712,0,0.03356108869265258
CS17713,0,0.04158964626626533
CS17714,1,0.6282767074414788
CS17715,1,0.9866756267397496
CS17716,0,0.0701116226079857
CS17717,0,0.07558909150034639
CS17718,0,0.4620495475315824
CS17719,0,0.7587701054641608
CS17720,0,0.07581943525669854
CS17721,0,0.03482413206417675
CS17722,0,0.08807463863366571
CS17723,0,0.036721073402681055
CS17724,0,0.063381281569834
CS17725,0,0.050650853159378055
CS17726,1,0.5476094694515379
CS17727,0,0.2895853392916121
CS17728,1,0.2614618772597167
CS17729,0,0.015766147940567167
CS17730,0,0.017263981288526832
CS17731,0,0.03467110795373679
CS17732,0,0.3521447457593684
CS17733,0,0.03651100461125627
CS17734,0,0.03915861381019459
CS17735,0,0.09162914753856598
CS17736,0,0.2608248610513041
CS17737,0,0.30658846077004426
CS17738,0,0.014060709194903986
CS17739,1,0.6996331167874161
CS17740,0,0.3326245919519786
CS17741,1,0.5202356876997349
CS17742,1,0.4908141186110556
CS17743,0,0.045097074776298325
CS17744,0,0.04308356911052752
CS17745,0,0.07702831336004319
CS17746,0,0.39123950587146916
CS17747,0,0.22913364895171304
CS17748,0,0.1503450181427749
CS17749,0,0.037475996812022204
CS17750,0,0.0674393539205019
CS17751,1,0.3949817698956295
CS17752,0,0.3116747793682274
CS17753,1,0.12657401334904114
CS17754,0,0.028986811803087018
CS17755,0,0.1306972080330269
CS17756,0,0.2994145152555866
CS17757,0,0.09145311792429384
CS17758,0,0.3399208756731583
CS17759,0,0.18907599925688912
CS17760,1,0.08606335571478779
CS17761,0,0.16654985971043257
CS17762,0,0.4056700922399942
CS17763,0,0.02555252016626072
CS17764,1,0.8167724030563158
CS17765,0,0.47503125263116985
CS17766,0,0.3973550632314119
CS17767,0,0.4721375888058285
CS17768,0,0.22415275630755543
CS17769,0,0.029685740792265356
CS17770,0,0.19004351916284967
CS17771,0,0.09770811777346813
CS17772,0,0.069693754421277
CS17773,0,0.1758826561321396
CS17774,0,0.11966546982019917
CS17775,0,0.05633527843212601
CS17776,0,0.021910376628279486
CS17777,0,0.02441387203753561
CS17778,0,0.02601745578543741
CS17779,0,0.08129196067648001
CS17780,0,0.04874873600228541
CS17781,0,0.04473085633893677
CS17782,0,0.05645452548934078
CS17783,0,0.1428224864054062
CS17784,0,0.0782326507884464
CS17785,0,0.20058685979046265
CS17786,0,0.030050404993022917
CS17787,0,0.07966329743478837
CS17788,0,0.016988823569886964
CS17789,0,0.6703006493487579
CS17790,1,0.6871798040125386
CS17791,0,0.02479012176387054
CS17792,0,0.06640954808436356
CS17793,0,0.04273091487881658
CS17794,0,0.07039667761772096
CS17795,0,0.060315721112984076
CS17796,0,0.22557803132245796
CS17797,0,0.09820134183078093
CS17798,0,0.1884675402479714
CS17799,1,0.9768416904158354
CS17800,0,0.19117769777999283
CS17801,0,0.24969523285128295
CS17802,1,0.5269466428657251
CS17803,0,0.30059454416463066
CS17804,1,0.588142279100402
CS17805,0,0.17165274561215813
CS17806,0,0.07928084323837406
CS17807,0,0.04066786973024361
CS17808,0,0.11797167406849936
CS17809,0,0.02479146506798681
CS17810,0,0.023482237742977835
CS17811,1,0.9900247519400431
CS17812,0,0.017462454387892914
CS17813,0,0.01792405385358526
CS17814,0,0.3305511057694159
CS17815,0,0.025263265107453293
CS17816,0,0.07947895623443106
CS17817,0,0.09521016550823096
CS17818,0,0.07227979074373614
CS17819,0,0.41075240134594027
CS17820,0,0.45375691016157144
CS17821,1,0.560071338473156
CS17822,0,0.09296029492724657
CS17823,0,0.46032718538995615
CS17824,1,0.3441055687763766
CS17825,0,0.08875876404083649
CS17826,1,0.5013547781796062
CS17827,0,0.049318820292629885
CS17828,0,0.025152601997254723
CS17829,0,0.016641640787133115
CS17830,0,0.011865543822520435
CS17831,0,0.0869165486982964
CS17832,0,0.04924089576488314
CS17833,1,0.21504914969718852
CS17834,1,0.043241638759399036
CS17835,0,0.014155102136741045
CS17836,1,0.9775857681187873
CS17837,1,0.9791383400178034
CS17838,1,0.4610968956793748
CS17839,0,0.08204457607061108
CS17840,0,0.21331589076980334
CS17841,0,0.2524835983668283
CS17842,0,0.03460160986235103
CS17843,0,0.03430496630087075
CS17844,1,0.28514435541491606
CS17845,1,0.6057440601248129
CS17846,0,0.1522932125960631
CS17847,1,0.3351537752540996
CS17848,0,0.06959000036053371
CS17849,0,0.009224710764344533
CS17850,0,0.05874145918369758
CS17851,0,0.23655020134906707
CS17852,0,0.015023826918760565
CS17853,0,0.05176288323702445
CS17854,0,0.06275575434717891
CS17855,0,0.017161993983032104
CS17856,1,0.9834362084973196
CS17857,1,0.5240505442000126
CS17858,0,0.018762796490787513
CS17859,0,0.5876662295628412
CS17860,1,0.514125158872976
CS17861,0,0.02336730342855118
CS17862,1,0.5309625021919582
CS17863,0,0.14049419738186877
CS17864,0,0.17174902576485426
CS17865,0,0.013884523140382417
CS17866,0,0.13070536876448485
CS17867,0,0.21176182630697957
CS17868,0,0.013354462529346023
CS17869,0,0.39924435974878125
CS17870,0,0.6899765659783084
CS17871,0,0.03342947849309092
CS17872,0,0.04138469592589963
CS17873,0,0.043432578831212564
CS17874,0,0.04431189080558044
CS17875,0,0.0694594448866813
CS17876,1,0.06479301559463231
CS17877,0,0.01629961296491597
CS17878,0,0.03957756412409904
CS17879,0,0.030244359972567452
CS17880,1,0.33461855341849717
CS17881,0,0.018739904657892856
CS17882,0,0.08642090529942005
CS17883,0,0.4381663105168596
CS17884,0,0.4068948887977051
CS17885,1,0.2714618471830912
CS17886,0,0.01805732087960996
CS17887,0,0.10262630490517625
CS17888,0,0.0857281284478267
CS17889,0,0.08350130503529979
CS17890,0,0.05531704062174822
CS17891,0,0.04851778512458963
CS17892,0,0.03524213033998164
CS17893,0,0.015422162312719461
CS17894,0,0.20230787604029116
CS17895,0,0.16696790904775086
CS17896,1,0.9852577627443116
CS17897,0,0.055307704533721316
CS17898,0,0.20040896091062796
CS17899,0,0.051293357279143276
CS17900,0,0.017515507404183603
CS17901,0,0.18226076621362536
CS17902,0,0.0583536002140074
CS17903,0,0.6224805001355348
CS17904,1,0.9864013184179109
CS17905,0,0.04020050513971165
CS17906,0,0.018858893642596682
CS17907,1,0.09822209052832193
CS17908,0,0.011163403758812085
CS17909,0,0.34586788746596575
CS17910,0,0.03560351187499529
CS17911,0,0.07715676161442299
CS17912,0,0.03827030795931917
CS17913,0,0.07690725208985182
CS17914,0,0.04907305742262926
CS17915,0,0.08657026385446424
CS17916,0,0.029227867232524588
CS17917,0,0.08053370883485389
CS17918,0,0.3232242251390253
CS17919,0,0.13971446197163057
CS17920,0,0.44086815300602455
CS17921,0,0.055251284021799255
CS17922,0,0.2679157005072172
CS17923,0,0.6079314304366478
CS17924,0,0.021109746869865567
CS17925,0,0.009766136968391447
CS17926,0,0.2629748862133016
CS17927,0,0.0311453454377032
CS17928,0,0.07905230889781634
CS17929,0,0.11390349872174894
CS17930,0,0.07422697486570223
CS17931,0,0.32791341163286886
CS17932,1,0.9892335509054853
CS17933,0,0.059042179885203286
CS17934,1,0.15760755099140508
CS17935,0,0.2360839366615821
CS17936,0,0.09793282430794878
CS17937,0,0.07532278766523226
CS17938,1,0.05055026203401813
CS17939,0,0.08283312983533696
CS17940,0,0.019953895995404168
CS17941,1,0.14444362128543242
CS17942,0,0.04543872742219304
CS17943,0,0.3594730186652933
CS17944,1,0.9793289364728779
CS17945,1,0.5242530065511835
CS17946,0,0.011411972482613322
CS17947,0,0.018689349312235794
CS17948,0,0.5977684416317336
CS17949,0,0.16691646717404018
CS17950,0,0.24385433128466336
CS17951,0,0.29367322556689907
CS17952,0,0.04182627522147035
CS17953,0,0.01507319960459521
CS17954,0,0.1124637905144638
CS17955,0,0.3186672217480555
CS17956,0,0.07643841768724786
CS17957,0,0.011972625482664501
CS17958,1,0.15583107172976754
CS17959,1,0.3019071744982263
CS17960,0,0.024847929175388337
CS17961,0,0.01856454374746788
CS17962,0,0.1724617756867175
CS17963,1,0.727119181900435
CS17964,1,0.11956255695078108
CS17965,0,0.4887956296734192
CS17966,0,0.01332418849215271
CS17967,1,0.027890699001819796
CS17968,0,0.24766243102891966
CS17969,1,0.0842749949541343
CS17970,0,0.04070916473897866
CS17971,0,0.012453952688182243
CS17972,0,0.01916476234599689
CS17973,0,0.257176577799908
CS17974,0,0.017489030172957918
CS17975,1,0.06918188545739949
CS17976,0,0.02069811495028399
CS17977,1,0.5196892829038776
CS17978,0,0.11812495710654966
CS17979,0,0.027308208016598265
CS17980,1,0.9765235560954002
CS17981,0,0.2989311507960112
CS17982,0,0.09001939210874514
CS17983,0,0.08435077948042843
CS17984,1,0.985771286762973
CS17985,1,0.3840409676431331
CS17986,1,0.987496833216446
CS17987,0,0.06800627896067182
CS17988,0,0.4790338274683867
CS17989,0,0.06689678149452641
CS17990,0,0.02339952838041569
CS17991,0,0.09561987650723627
CS17992,0,0.019444795862294327
CS17993,1,0.3637932645811439
CS17994,0,0.04591004573320015
CS17995,0,0.009047952249154138
CS17996,0,0.5339826676304621
CS17997,0,0.06347363286489745
CS17998,0,0.07044787482558906
CS17999,1,0.9819500128514612
CS18000,0,0.054095097871243135
CS18001,0,0.008861550919579983
CS18002,0,0.0200387621258844
CS18003,0,0.01408768143677723
CS18004,0,0.06337322824863414
CS18005,0,0.014769465310022952
CS18006,1,0.980391027412457
CS18007,1,0.988685645691502
CS18008,1,0.9785761183593331
CS18009,0,0.031337659785149276
CS18010,0,0.08895101638756296
CS18011,0,0.0962433336834563
CS18012,1,0.6558354340408257
CS18013,0,0.04858664933842986
CS18014,0,0.030166083665538163
CS18015,0,0.10242475198925896
CS18016,0,0.48082545422502093
CS18017,0,0.01832719308890133
CS18018,1,0.4758938974822629
CS18019,0,0.11438184527183554
CS18020,0,0.012062011853683484
CS18021,0,0.3033938521613888
CS18022,0,0.20548937495938333
CS18023,0,0.06738398534784712
CS18024,0,0.06497670053558048
CS18025,0,0.554093307511663
CS18026,0,0.033659390117380804
CS18027,0,0.014562399247835877
CS18028,0,0.14647258725982185
CS18029,0,0.21006594332183903
CS18030,1,0.011065350682345938
CS18031,0,0.2846044995981143
CS18032,0,0.1742231317394667
CS18033,1,0.9664452993131194
CS18034,0,0.4464980978719952
CS18035,0,0.19293977602822007
CS18036,0,0.011238841870942897
CS18037,0,0.01977409020631058
CS18038,1,0.983049085351735
CS18039,1,0.04448872874217805
CS18040,0,0.01723653544114458
CS18041,1,0.29850242614937905
CS18042,0,0.13581180895249748
CS18043,0,0.012467170625171857
CS18044,1,0.9848958881184986
CS18045,0,0.42053926999958136
CS18046,0,0.007081978099001374
CS18047,0,0.28747970343587864
CS18048,0,0.020023550856321154
CS18049,0,0.018596472956787465
CS18050,0,0.2023143809151821
CS18051,0,0.19898103948876755
CS18052,0,0.009137444457419762
CS18053,0,0.08854372066127149
CS18054,0,0.5097054317891118
CS18055,0,0.0936820472004452
CS18056,0,0.01458197740585797
CS18057,1,0.4151257564695942
CS18058,0,0.010723692733756169
CS18059,1,0.9901544459580739
CS18060,0,0.06504092536338814
CS18061,0,0.5379353956861004
CS18062,0,0.008330395465893425
CS18063,0,0.18513512990365777
CS18064,0,0.045673520883566444
CS18065,0,0.02555889875864575
CS18066,0,0.019792196474507532
CS18067,0,0.11964976009539471
CS18068,0,0.24951226561462292
CS18069,0,0.07985204728331545
CS18070,0,0.02283650225903123
CS18071,1,0.9790192965367278
CS18072,0,0.03453602044289556
CS18073,0,0.15134275198662514
CS18074,1,0.1916354644133453
CS18075,0,0.058889224122233914
CS18076,0,0.04730789295195399
CS18077,0,0.26494065190321686
CS18078,0,0.02517475721120631
CS18079,0,0.040191208266049515
CS18080,0,0.3524003525737471
CS18081,0,0.03540689225035908
CS18082,0,0.014523812193248869
CS18083,1,0.9878622459247896
CS18084,1,0.35346640515893957
CS18085,0,0.02157531326622506
CS18086,1,0.1053062452194689
CS18087,0,0.6130418878009949
CS18088,0,0.18464105923237187
CS18089,0,0.03229200977609991
CS18090,0,0.09351778592219702
CS18091,1,0.031117676396709395
CS18092,1,0.6666173963645379
CS18093,0,0.13249051276158513
CS18094,1,0.21002328168754159
CS18095,0,0.04604318838356009
CS18096,0,0.03526658172349822
CS18097,1,0.4862846543221883
CS18098,0,0.07272817956849348
CS18099,0,0.026451925755676876
CS18100,1,0.3431805106143742
CS18101,0,0.016471583513020967
CS18102,1,0.9718344242809936
CS18103,0,0.12119679364870167
CS18104,0,0.039560006538278146
CS18105,1,0.016986874657360585
CS18106,0,0.019887123129331913
CS18107,0,0.05556257198311845
CS18108,0,0.14826003365008664
CS18109,0,0.02018521204852512
CS18110,0,0.011503537793839372
CS18111,1,0.11471096096824314
CS18112,0,0.055771230912241884
CS18113,0,0.13767372593461574
CS18114,0,0.41236143304762246
CS18115,0,0.05783665067032737
CS18116,0,0.06914335491628577
CS18117,0,0.1943483862394395
CS18118,0,0.041995698616563
CS18119,0,0.2947148759046495
CS18120,0,0.039649555393491374
CS18121,0,0.11080072120175356
CS18122,0,0.1546246025996552
CS18123,0,0.2704293141752671
CS18124,1,0.9805816543923104
CS18125,0,0.17899470569436896
CS18126,0,0.3320760833904513
CS18127,1,0.5004025590315733
CS18128,0,0.06238263547414582
CS18129,0,0.5875109295722895
CS18130,0,0.6910984612280342
CS18131,0,0.3174491461187114
CS18132,0,0.0634709819360259
CS18133,0,0.05145613445545831
CS18134,0,0.01059454858240635
CS18135,0,0.012793083325144748
CS18136,0,0.0083013064574801
CS18137,1,0.6429747194868115
CS18138,0,0.01737405476273177
CS18139,0,0.6886621014574091
CS18140,0,0.46579864025060086
CS18141,0,0.041196947846502414
CS18142,0,0.10202512350602264
CS18143,0,0.18223430664304024
CS18144,1,0.6219970972378895
CS18145,0,0.005751494905805908
CS18146,0,0.034940507632632206
CS18147,1,0.5400505224899372
CS18148,0,0.025329587316591712
CS18149,0,0.26464425127691416
CS18150,0,0.020768769001896444
CS18151,0,0.06488507814813915
CS18152,1,0.2602016067129943
CS18153,1,0.521899994741595
CS18154,0,0.021136232578491832
CS18155,0,0.14007176400073912
CS18156,0,0.5949612497237222
CS18157,0,0.20216050516966055
CS18158,0,0.2374769462606629
CS18159,1,0.5439784518460448
CS18160,0,0.21073252656816685
CS18161,1,0.143874783816252
CS18162,1,0.2972796168738762
CS18163,0,0.025448707051075038
CS18164,1,0.6565634798612688
CS18165,0,0.17361142223056075
CS18166,0,0.010021379797530872
CS18167,0,0.05442422468899109
CS18168,0,0.011515271689308002
CS18169,0,0.1277798968183032
CS18170,1,0.026459659498716714
CS18171,0,0.013251111998124555
CS18172,1,0.9805173459161542
CS18173,1,0.9790224645087797
CS18174,0,0.10774494683922498
CS18175,0,0.24802009171739098
CS18176,0,0.020627468118894307
CS18177,0,0.06826225884352724
CS18178,0,0.18154291178350657
CS18179,1,0.6202446872929149
CS18180,0,0.06537583892448673
CS18181,0,0.05553821651262476
CS18182,1,0.5977581097727316
CS18183,0,0.26300970676366286
CS18184,1,0.4572800498668862
CS18185,1,0.46627096605655016
CS18186,0,0.3214557794587322
CS18187,0,0.03181317776553603
CS18188,0,0.05241750554200184
CS18189,0,0.04527460782311018
CS18190,0,0.016222807808749753
CS18191,1,0.5384457627565731
CS18192,0,0.04109045716289405
CS18193,0,0.01738782587933171
CS18194,0,0.017658128587181694
CS18195,1,0.25031667473797264
CS18196,1,0.153141102480349
CS18197,0,0.18754199784350722
CS18198,0,0.027247883929949902
CS18199,0,0.19055273643774925
CS18200,1,0.140246291596977
CS18201,0,0.10510729870764986
CS18202,1,0.43741621146531445
CS18203,1,0.1299780096564123
CS18204,0,0.2660235251245933
CS18205,1,0.3910395134741603
CS18206,1,0.7945093077618749
CS18207,1,0.19363358673363956
CS18208,0,0.05752262487526835
CS18209,1,0.22310241060765762
CS18210,1,0.2148863088690788
CS18211,1,0.9786955568699199
CS18212,0,0.19871138531954408
CS18213,1,0.5159019464311915
CS18214,0,0.19820156025342878
CS18215,0,0.0276653216171109
CS18216,0,0.1128167541590778
CS18217,0,0.11225229752359576
CS18218,0,0.010507300881348356
CS18219,0,0.17521050077435357
CS18220,0,0.045147312796350175
CS18221,0,0.028470891305300026
CS18222,0,0.24940504566005234
CS18223,1,0.9839667466865211
CS18224,0,0.13299967124287493
CS18225,1,0.5380183349345845
CS18226,0,0.00985632313372705
CS18227,0,0.5706662616449294
CS18228,0,0.13611809518314513
CS18229,0,0.13369384827430197
CS18230,0,0.07687272350783568
CS18231,0,0.036750233209514406
CS18232,0,0.010142009354764274
CS18233,0,0.5083640019863821
CS18234,0,0.09364473743095805
CS18235,0,0.04013532294034898
CS18236,1,0.12066718590903265
CS18237,0,0.1453932943243486
CS18238,0,0.38799591576653
CS18239,0,0.08832985240042114
CS18240,0,0.04758612089987803
CS18241,0,0.024163540989850595
CS18242,0,0.04056445342578046
CS18243,0,0.11187341332591332
CS18244,0,0.4520110947136895
CS18245,0,0.024742388176312722
CS18246,0,0.03324151068944842
CS18247,0,0.04608997955191019
CS18248,0,0.018272682569261182
CS18249,0,0.12008344404386251
CS18250,1,0.33268924399066624
CS18251,0,0.022744441291408898
CS18252,1,0.528519787487035
CS18253,0,0.30753968231935275
CS18254,0,0.2897388250637502
CS18255,1,0.27087600081674484
CS18256,1,0.10863625154859313
CS18257,0,0.4138789408600493
CS18258,0,0.06307715562022187
CS18259,0,0.012265779092267675
CS18260,0,0.08447584396109974
CS18261,0,0.3809700741129091
CS18262,1,0.6093348343477534
CS18263,1,0.9795863209640263
CS18264,0,0.6044569000886452
CS18265,0,0.06459932261236895
CS18266,0,0.12192299438931514
CS18267,0,0.02849554315341656
CS18268,0,0.028794445133736645
CS18269,0,0.009623356577260827
CS18270,0,0.036845430191122505
CS18271,1,0.28752302099909
CS18272,0,0.015465957264775612
CS18273,1,0.9847982689273801
CS18274,1,0.8611098148591527
CS18275,0,0.29877663808008464
CS18276,0,0.6710592651759743
CS18277,0,0.4601517829683147
CS18278,1,0.01284429908491489
CS18279,0,0.035212477389980276
CS18280,0,0.046747972720172414
CS18281,0,0.0399381095771391
CS18282,1,0.19687199870961275
CS18283,1,0.03493323592342291
CS18284,0,0.0220843613461245
CS18285,0,0.1937038347490685
CS18286,1,0.23014703160473265
CS18287,0,0.11914357236515949
CS18288,0,0.04978030062735603
CS18289,1,0.6811246613120506
CS18290,0,0.1237282022634201
CS18291,0,0.09337334644398645
CS18292,1,0.0940015932719292
CS18293,0,0.021996190069552318
CS18294,0,0.10395676364576387
CS18295,0,0.6158028304254881
CS18296,0,0.19264493781837644
CS18297,0,0.031076275215659994
CS18298,1,0.05531571731700692
CS18299,0,0.07689177001343793
CS18300,0,0.04280750405160747
CS18301,0,0.3375798233656513
CS18302,0,0.04789846685448681
CS18303,0,0.04418720960231723
CS18304,0,0.06296573145387029
CS18305,0,0.05097586805864151
CS18306,0,0.12070846872967887
CS18307,0,0.019489359766616133
CS18308,1,0.509788302702331
CS18309,0,0.11376315968616489
CS18310,0,0.0890258023729482
CS18311,0,0.012086359696414101
CS18312,0,0.03697047601476706
CS18313,0,0.2059223091697317
CS18314,0,0.6000457046643368
CS18315,0,0.03636409774488601
CS18316,0,0.016972359837300454
CS18317,0,0.008557530231056433
CS18318,0,0.06082674057039241
CS18319,0,0.024170948662309018
CS18320,0,0.061680223194070245
CS18321,1,0.8126461100073352
CS18322,1,0.9797000679202411
CS18323,0,0.07018638622201892
CS18324,0,0.15153976408989228
CS18325,0,0.3817744464493494
CS18326,0,0.37446278986348075
CS18327,1,0.5914016950293276
CS18328,0,0.027025808583374254
CS18329,0,0.025837822032680872
CS18330,0,0.016333794777035022
CS18331,0,0.20917439767901114
CS18332,0,0.04605715456808922
CS18333,0,0.27210875609850504
CS18334,0,0.09977874628497835
CS18335,1,0.3444994932569053
CS18336,0,0.0975137088062544
CS18337,0,0.03206083085026582
CS18338,0,0.12952285258239768
CS18339,0,0.42701515938125956
CS18340,0,0.03773018981713233
CS18341,1,0.11499539155738192
CS18342,1,0.05631461414406109
CS18343,0,0.07401779439112544
CS18344,0,0.27483340674479767
CS18345,0,0.3795968651756447
CS18346,0,0.42872142485940395
CS18347,0,0.03225296679521411
CS18348,0,0.0460725152304291
CS18349,0,0.015692935539428347
CS18350,0,0.6286392198551162
CS18351,0,0.41038468797795324
CS18352,0,0.034064951673118245
CS18353,1,0.04721386795747275
CS18354,0,0.11067465768977347
CS18355,1,0.9867565712077526
CS18356,0,0.03253062639694703
CS18357,1,0.9814325303538445
CS18358,0,0.45089747095221094
CS18359,0,0.2795652470044382
CS18360,0,0.02346802469924791
CS18361,1,0.1270960023136165
CS18362,0,0.03487716356473177
CS18363,0,0.1554285932392433
CS18364,0,0.02544332043129372
CS18365,0,0.16282471335917584
CS18366,0,0.32447774116887046
CS18367,0,0.11377694231853935
CS18368,1,0.9791425460551821
CS18369,0,0.01904078111345854
CS18370,1,0.32845529282518954
CS18371,0,0.12848125378523398
CS18372,0,0.4657887142367859
CS18373,0,0.06402486606324014
CS18374,0,0.03384400829460789
CS18375,0,0.10480499008640717
CS18376,1,0.3310553883214575
CS18377,0,0.14924718608597864
CS18378,1,0.3677436811622077
CS18379,0,0.10202931794604515
CS18380,0,0.04226818527439298
CS18381,0,0.31529877556605684
CS18382,0,0.22674491034649658
CS18383,1,0.3055654947043471
CS18384,0,0.0336386344249835
CS18385,0,0.21850984246570587
CS18386,0,0.036236841505626005
CS18387,1,0.5751037764065089
CS18388,1,0.16428402993392746
CS18389,0,0.10774985669655313
CS18390,0,0.08691932766359221
CS18391,0,0.17851648646605905
CS18392,0,0.11383437412151036
CS18393,0,0.023545185568273203
CS18394,0,0.031936129753760985
CS18395,1,0.4093498658316796
CS18396,1,0.3430670266861566
CS18397,0,0.20690497207796418
CS18398,1,0.7072137059055834
CS18399,0,0.15304070767236932
CS18400,1,0.23702029410132097
CS18401,0,0.027754853690026726
CS18402,1,0.15862051425766127
CS18403,0,0.053404368012434485
CS18404,0,0.18569190631839078
CS18405,0,0.2957720570132549
CS18406,1,0.9855280324448863
CS18407,0,0.21836388625535624
CS18408,0,0.10972772848214753
CS18409,1,0.30170877920623956
CS18410,0,0.4674401511002679
CS18411,0,0.0267826628598666
CS18412,0,0.12211986367431824
CS18413,0,0.17657227982254314
CS18414,1,0.06691471599120542
CS18415,0,0.026176358448057078
CS18416,0,0.15009056521602798
CS18417,0,0.584451824053617
CS18418,1,0.984024478575218
CS18419,0,0.09246941099282295
CS18420,1,0.9382850768457964
CS18421,0,0.023394747229452655
CS18422,0,0.03921461913410866
CS18423,0,0.029546128078427075
CS18424,1,0.09422944078641271
CS18425,0,0.04841352489117568
CS18426,0,0.02964878570818744
CS18427,0,0.06837384673647333
CS18428,0,0.03005508190914915
CS18429,0,0.4205713659766569
CS18430,0,0.006145150633714865
CS18431,0,0.09599641197908589
CS18432,0,0.41743972962854986
CS18433,1,0.9862494964407311
CS18434,0,0.02923497218921154
CS18435,1,0.2469154176959889
CS18436,1,0.7482470265203652
CS18437,0,0.30774607328287296
CS18438,1,0.94469716614572
CS18439,0,0.13182988290572084
CS18440,1,0.4170858098154823
CS18441,1,0.07430188348137437
CS18442,0,0.016310804555181687
CS18443,0,0.36635754033039025
CS18444,0,0.1553672298296675
CS18445,1,0.9713689247520527
CS18446,0,0.16350246415459171
CS18447,1,0.5659290527910241
CS18448,0,0.18001747612136523
CS18449,0,0.04216341414840597
CS18450,0,0.2553611147493946
CS18451,0,0.41208655581775977
CS18452,0,0.02173673228359024
CS18453,0,0.14060215796063974
CS18454,0,0.08664276386458752
CS18455,0,0.03559049281533844
CS18456,0,0.09531538904884634
CS18457,0,0.16383497942147596
CS18458,1,0.6312618653715418
CS18459,1,0.9895695671118934
CS18460,0,0.040423063888120246
CS18461,0,0.04063066631671259
CS18462,0,0.026691056996613474
CS18463,0,0.03484316275085551
CS18464,0,0.09968234956606875
CS18465,0,0.44250669729060643
CS18466,1,0.034703776182569056
CS18467,0,0.5505820791203411
CS18468,0,0.03003129093980073
CS18469,0,0.025746499754426506
CS18470,0,0.11229981918893295
CS18471,0,0.059436094433644386
CS18472,1,0.9863143351577207
CS18473,1,0.27003258535264424
CS18474,0,0.07176280634574858
CS18475,0,0.19949703782877837
CS18476,1,0.565387434940491
CS18477,0,0.16431509817926557
CS18478,0,0.0738446203338929
CS18479,0,0.35805710271415253
CS18480,0,0.2889492446616037
CS18481,0,0.05214081760108783
CS18482,0,0.024440044729388214
CS18483,0,0.006390941259539403
CS18484,0,0.04435378634045752
CS18485,0,0.11460998967015013
CS18486,0,0.03574059090592592
CS18487,0,0.0071533551995845
CS18488,0,0.14802942412095765
CS18489,0,0.01651240977416619
CS18490,0,0.32457368812272824
CS18491,0,0.27841383584734
CS18492,0,0.021534959800000652
CS18493,0,0.09498609523107586
CS18494,0,0.036849880653550326
CS18495,0,0.2861517238982963
CS18496,1,0.9888504316750528
CS18497,1,0.9796036331436231
CS18498,0,0.09773553139865926
CS18499,0,0.18072187237100856
CS18500,0,0.3309383162806003
CS18501,1,0.9838853010285536
CS18502,0,0.07258407736257311
CS18503,1,0.4189730553948439
CS18504,0,0.04817535294255713
CS18505,0,0.6935119426906537
CS18506,0,0.35101507053582853
CS18507,0,0.023538999506982048
CS18508,1,0.1916124611738361
CS18509,0,0.02115348405506469
CS18510,0,0.03784297790372294
CS18511,1,0.16516928545851234
CS18512,0,0.8086356384888375
CS18513,1,0.9860317393949372
CS18514,0,0.42432004363849424
CS18515,0,0.1418030959224647
CS18516,0,0.008343418015981053
CS18517,0,0.12086195465161695
CS18518,0,0.03111204793547387
CS18519,0,0.004772929729686217
CS18520,0,0.02960999055614625
CS18521,0,0.14003241270099012
CS18522,0,0.2633738750306561
CS18523,0,0.025837981171693208
CS18524,0,0.02472154273699788
CS18525,0,0.02751597319188671
CS18526,0,0.040145676030114597
CS18527,0,0.015961201526529824
CS18528,0,0.045176309261042706
CS18529,0,0.04395651669442016
CS18530,0,0.07207491045047634
CS18531,0,0.024273296561697168
CS18532,0,0.43021406935783313
CS18533,0,0.03629715120972384
CS18534,1,0.5792626192127726
CS18535,0,0.04492580736315149
CS18536,0,0.0453262842330845
CS18537,0,0.11592244512260189
CS18538,0,0.09031473920801251
CS18539,0,0.08321653008196776
CS18540,1,0.09709010229345415
CS18541,1,0.810248560143165
CS18542,1,0.22168321405522529
CS18543,0,0.5253435185392235
CS18544,0,0.06075525379790692
CS18545,0,0.011633818747935265
CS18546,1,0.9899538748785965
CS18547,0,0.021577843245076354
CS18548,0,0.035945720396136575
CS18549,0,0.005482524276347803
CS18550,0,0.06486989018606278
CS18551,1,0.9842169783480323
CS18552,0,0.03304715115160608
CS18553,0,0.13330913405423847
CS18554,0,0.4599821570265349
CS18555,0,0.06175491564780337
CS18556,0,0.05111944805120643
CS18557,0,0.24064375463786347
CS18558,0,0.2994960202100067
CS18559,0,0.020701868764623092
CS18560,1,0.10003736374002803
CS18561,0,0.06794988623551955
CS18562,1,0.12163685518445327
CS18563,0,0.06626311429489057
CS18564,0,0.011902289516024653
CS18565,0,0.20842618570226437
CS18566,0,0.012951967432990623
CS18567,0,0.25535055667354434
CS18568,0,0.05357767801004259
CS18569,1,0.5005223778304086
CS18570,1,0.9765066679761116
CS18571,0,0.05074864769430825
CS18572,0,0.05118737006581276
CS18573,0,0.056728984852766576
CS18574,0,0.12653563860883693
CS18575,0,0.3242516867371542
CS18576,0,0.5570377136732628
CS18577,0,0.056109935145504435
CS18578,1,0.07562115024917489
CS18579,0,0.24640904160067714
CS18580,0,0.17056876336168347
CS18581,0,0.0580896887497084
CS18582,0,0.01127650719338559
CS18583,0,0.018136549814029516
CS18584,0,0.016042659410334635
CS18585,1,0.5903670144028742
CS18586,0,0.4886155892335789
CS18587,0,0.3014968447878059
CS18588,0,0.09485557794313992
CS18589,0,0.12272190814797554
CS18590,0,0.07621456889634007
CS18591,0,0.02773758298170032
CS18592,0,0.01714978918749113
CS18593,0,0.03017211917357938
CS18594,0,0.07603388218703847
CS18595,0,0.10195751426596762
CS18596,0,0.05515305544786403
CS18597,0,0.046010521186514185
CS18598,0,0.15079779112606242
CS18599,0,0.023572933188945724
CS18600,0,0.06666724531780946
CS18601,0,0.014024189810612368
CS18602,0,0.09339511815992066
CS18603,0,0.17283119615947576
CS18604,0,0.0185215102484266
CS18605,0,0.10180105652257534
CS18606,1,0.9766620227314247
CS18607,1,0.21853761033946062
CS18608,0,0.06608371610258953
CS18609,1,0.6505735042041716
CS18610,0,0.07214941739661601
CS18611,0,0.014109407470973678
CS18612,0,0.03969067631086457
CS18613,1,0.5386954351263876
CS18614,0,0.16942990716671993
CS18615,0,0.005385452611272473
CS18616,0,0.05071807437210521
CS18617,0,0.028242685321699518
CS18618,1,0.9703490361137239
CS18619,0,0.0523237368049641
CS18620,1,0.9792143434358922
CS18621,0,0.051540928218492744
CS18622,0,0.013974153663963627
CS18623,1,0.3386100431866895
CS18624,0,0.35180544967286337
CS18625,0,0.009134227848639511
CS18626,0,0.03968255265046357
CS18627,0,0.06798403263216811
CS18628,0,0.07108808554876168
CS18629,0,0.3510519143171468
CS18630,0,0.045849075454075676
CS18631,0,0.01000984340034803
CS18632,0,0.02406315680510433
CS18633,1,0.4096890572445698
CS18634,1,0.4507044014695676
CS18635,0,0.2917187231505317
CS18636,0,0.10931471678320133
CS18637,0,0.05237373690259923
CS18638,0,0.18208454153674228
CS18639,1,0.13312351356595153
CS18640,0,0.20924088580759057
CS18641,0,0.1858345647549797
CS18642,1,0.11334514522865818
CS18643,0,0.12439021827499358
CS18644,0,0.26679800662561376
CS18645,0,0.3554432498130802
CS18646,0,0.28851988115199767
CS18647,0,0.024424496487210075
CS18648,0,0.11124045017022735
CS18649,0,0.15593771121881458
CS18650,0,0.010442357632546147
CS18651,0,0.030535096547804775
CS18652,1,0.9861850779154738
CS18653,0,0.046766554344228696
CS18654,1,0.3397397674267429
CS18655,1,0.6629902314748773
CS18656,0,0.30511500616322357
CS18657,0,0.2886666688944472
CS18658,0,0.6389712200211384
CS18659,0,0.4825064653362479
CS18660,0,0.04776633876457443
CS18661,0,0.04279481168934469
CS18662,0,0.02462889102409304
CS18663,0,0.045327572107905424
CS18664,0,0.043187176225298385
CS18665,0,0.15952546427651487
CS18666,0,0.031390335726879263
CS18667,0,0.01637397470398342
CS18668,1,0.9769009987321958
CS18669,1,0.43259326996478026
CS18670,0,0.029940642068748222
CS18671,0,0.036814396578170094
CS18672,0,0.04600263527156107
CS18673,1,0.9882951144353685
CS18674,0,0.009386897559079906
CS18675,0,0.09284204294086261
CS18676,0,0.12232870262530103
CS18677,0,0.08571048941728607
CS18678,0,0.04405174311267926
CS18679,0,0.02582677224868246
CS18680,0,0.010573489426076976
CS18681,0,0.02388028090928691
CS18682,0,0.10123030858017167
CS18683,0,0.15446046590354434
CS18684,0,0.03551976509181136
CS18685,1,0.13048470299398368
CS18686,0,0.7409532472646008
CS18687,0,0.09685430134457054
CS18688,0,0.006027882671924707
CS18689,0,0.056490140275421166
CS18690,0,0.009741811368806105
CS18691,1,0.2803220529054284
CS18692,0,0.22624844814371822
CS18693,0,0.2319805835141868
CS18694,1,0.902570620858477
CS18695,0,0.06367106503783657
CS18696,0,0.009521903948413152
CS18697,0,0.049051950604291385
CS18698,0,0.02457508563579374
CS18699,1,0.235147991856976
CS18700,0,0.060555943456510185
CS18701,1,0.1412378109109582
CS18702,0,0.6125503598927189
CS18703,1,0.8407652949087782
CS18704,1,0.4166333105608146
CS18705,0,0.02239821459362495
CS18706,0,0.19399114493600986
CS18707,0,0.03712563643878961
CS18708,0,0.04466779697127405
CS18709,0,0.07047945694550235
CS18710,0,0.10647413613803433
CS18711,0,0.13683425636771568
CS18712,0,0.6243908933713412
CS18713,0,0.036541110460141774
CS18714,1,0.98720809509063
CS18715,0,0.08625542341339097
CS18716,1,0.7858801835493878
CS18717,0,0.06125151383218062
CS18718,0,0.03849273312805668
CS18719,1,0.4451195299836515
CS18720,1,0.9853952687350949
CS18721,1,0.04010311842261017
CS18722,0,0.11070331583169601
CS18723,1,0.9856215566304152
CS18724,0,0.03149022537904397
CS18725,1,0.25362117396786305
CS18726,0,0.10160760516518783
CS18727,0,0.0634207251015545
CS18728,0,0.012687433034792582
CS18729,1,0.9352180842937915
CS18730,0,0.4672763050414298
CS18731,0,0.2723744740488417
CS18732,0,0.05331168048251772
CS18733,0,0.07244622520732341
CS18734,0,0.02119966625380256
CS18735,0,0.025655952131198954
CS18736,0,0.03973830215400944
CS18737,0,0.11337119238508589
CS18738,0,0.006697544993076299
CS18739,0,0.12269668305910389
CS18740,0,0.025168698441571682
CS18741,1,0.9882926371531549
CS18742,1,0.1401685694516495
CS18743,0,0.016328712474839118
CS18744,0,0.0074528390687854775
CS18745,0,0.16630558958915484
CS18746,0,0.17468298799727108
CS18747,0,0.013838630630630658
CS18748,0,0.513315780145114
CS18749,0,0.08324097410612812
CS18750,1,0.9549573650465526
CS18751,0,0.03234313121420953
CS18752,0,0.2236966222942073
CS18753,0,0.06450758345420209
CS18754,0,0.0777620036525135
CS18755,1,0.9808515190764444
CS18756,0,0.13725180258561373
CS18757,0,0.16823847438076053
CS18758,0,0.03725536761131137
CS18759,0,0.14956392857053008
CS18760,0,0.007836411920581248
CS18761,1,0.9053962422632262
CS18762,0,0.11257360651640969
CS18763,0,0.2390483473435572
CS18764,1,0.4666177358371328
CS18765,0,0.11487763432648108
CS18766,1,0.2609876972089316
CS18767,0,0.1485995034947422
CS18768,0,0.1173113197793904
CS18769,0,0.03084578917808897
CS18770,0,0.09923264338009691
CS18771,1,0.12042993303825508
CS18772,0,0.2943178988522264
CS18773,1,0.5466949068090641
CS18774,0,0.4212348117255497
CS18775,0,0.04530271943661937
CS18776,1,0.5816321353257702
CS18777,1,0.8103342496794089
CS18778,0,0.011134464726238458
CS18779,0,0.17667445556220465
CS18780,0,0.04375362429254585
CS18781,1,0.504773216477577
CS18782,0,0.023376564281936865
CS18783,0,0.5471704117901286
CS18784,0,0.04325714543464637
CS18785,0,0.08442757544578652
CS18786,0,0.0902449500697095
CS18787,1,0.49510053965539524
CS18788,0,0.03438534219434491
CS18789,0,0.05637038887778612
CS18790,1,0.0932928775765268
CS18791,0,0.3095279401348775
CS18792,0,0.15467991139608497
CS18793,1,0.9876184325130443
CS18794,0,0.04795163546138184
CS18795,0,0.13977040955805495
CS18796,1,0.23426332660894666
CS18797,1,0.3350721972158431
CS18798,0,0.018659038881846394
CS18799,0,0.00877450669779462
CS18800,1,0.7869886562063995
CS18801,0,0.051331374663476426
CS18802,0,0.04142020762496145
CS18803,0,0.008538613339160528
CS18804,0,0.03623162588790291
CS18805,0,0.09144212630997918
CS18806,0,0.07981139779851311
CS18807,1,0.9806781903913842
CS18808,1,0.08748178060000063
CS18809,0,0.36397188578833245
CS18810,0,0.295559666591377
CS18811,0,0.05003026138706477
CS18812,0,0.017822105877015916
CS18813,0,0.015577240770993919
CS18814,0,0.20228960553183098
CS18815,0,0.05065404337100477
CS18816,0,0.2401915281408801
CS18817,0,0.1558125383274743
CS18818,0,0.19597865875075798
CS18819,0,0.20555016556879077
CS18820,1,0.08755544125966239
CS18821,0,0.07363322200579026
CS18822,0,0.033696876611028194
CS18823,1,0.2323825788832718
CS18824,1,0.13061587808515432
CS18825,1,0.8929517184921842
CS18826,0,0.5644721484685549
CS18827,0,0.11429041502077553
CS18828,1,0.6699532956171106
CS18829,0,0.005846209216487257
CS18830,0,0.0734110844811882
CS18831,0,0.16089989249817782
CS18832,1,0.42102106641824627
CS18833,0,0.041302799652369014
CS18834,0,0.7223431833658625
CS18835,0,0.1574109591106758
CS18836,0,0.3046540687946781
CS18837,1,0.5164550800108588
CS18838,0,0.03687720278314862
CS18839,0,0.13042793238424066
CS18840,1,0.4661291366439328
CS18841,1,0.09676127595106858
CS18842,0,0.014831393941504059
CS18843,0,0.23613002937775368
CS18844,0,0.20310409274116456
CS18845,0,0.018934104505232197
CS18846,0,0.039821337301229304
CS18847,0,0.26040404321157906
CS18848,0,0.1505422922362872
CS18849,1,0.9852933142335906
CS18850,0,0.03474732339257972
CS18851,0,0.482199949757979
CS18852,0,0.2640249480439374
CS18853,0,0.10570560912787189
CS18854,1,0.28721662798376973
CS18855,0,0.01617952276744596
CS18856,0,0.0322492567709607
CS18857,0,0.053532796556054515
CS18858,1,0.10434794834997033
CS18859,0,0.009673188948550956
CS18860,0,0.024767786453299297
CS18861,0,0.04661395040059765
CS18862,0,0.03312490773491615
CS18863,0,0.1298345779119203
CS18864,0,0.07220839456181723
CS18865,0,0.07551203391324675
CS18866,0,0.5004911470161516
CS18867,0,0.17629884851997873
CS18868,0,0.14019061222056034
CS18869,1,0.5643136773297502
CS18870,0,0.09716655972971484
CS18871,0,0.07509716463340207
CS18872,0,0.008343856082228348
CS18873,0,0.5490819432306432
CS18874,0,0.1530970259075071
CS18875,0,0.14395180039569486
CS18876,0,0.09058116031648902
CS18877,1,0.26550659288248496
CS18878,1,0.9832336277658941
CS18879,0,0.14462411825830196
CS18880,0,0.03201449175474482
CS18881,0,0.022349912039264525
CS18882,0,0.13394413357628474
CS18883,0,0.08257816762766824
CS18884,0,0.09518398034699521
CS18885,0,0.064301972070778
CS18886,0,0.1404116570205961
CS18887,0,0.3660547650887477
CS18888,1,0.46918517837347584
CS18889,1,0.1639998569604136
CS18890,0,0.2945541254938351
CS18891,0,0.4176338768760063
CS18892,0,0.1270985823231635
CS18893,0,0.01025406223295503
CS18894,0,0.3207531025317637
CS18895,1,0.5221768616495828
CS18896,1,0.2246564750078916
CS18897,0,0.1331933781713399
CS18898,0,0.06315296691877724
CS18899,0,0.3123611206431248
CS18900,0,0.1905712547649039
CS18901,1,0.4261285334183915
CS18902,1,0.2496480514856731
CS18903,1,0.43764471098333835
CS18904,0,0.011161087123105257
CS18905,1,0.48033081170796443
CS18906,0,0.04438517543926488
CS18907,0,0.016663760831595105
CS18908,0,0.45888899819331724
CS18909,0,0.2079228944469337
CS18910,1,0.2954031469034137
CS18911,1,0.912996094013823
CS18912,0,0.14587370273599531
CS18913,0,0.02591292526467777
CS18914,1,0.012171554743793554
CS18915,0,0.035255152409112256
CS18916,0,0.07086139132097188
CS18917,0,0.09969401045086379
CS18918,0,0.0270519234444084
CS18919,0,0.03962647357953956
CS18920,0,0.28684225359475635
CS18921,0,0.015293680033259538
CS18922,0,0.034268622025893314
CS18923,0,0.021951453446582923
CS18924,0,0.03696743484223404
CS18925,0,0.25821829353480946
CS18926,0,0.03374713441075488
CS18927,0,0.5074310504149101
CS18928,0,0.1311414392388603
CS18929,0,0.022958534619586565
CS18930,0,0.01952140893445584
CS18931,0,0.030655722279653384
CS18932,0,0.033769300300052756
CS18933,1,0.48979394389197367
CS18934,0,0.0411703432901401
CS18935,0,0.04965331394090974
CS18936,0,0.1504835737020016
CS18937,0,0.10766839049152653
CS18938,1,0.29904745736325644
CS18939,0,0.03641295547847635
CS18940,1,0.13119539657696472
CS18941,0,0.02681898037339646
CS18942,0,0.27574698401585385
CS18943,0,0.5060949928655588
CS18944,0,0.08318754685776755
CS18945,0,0.11209100894168193
CS18946,0,0.05037686056180595
CS18947,0,0.07731018542568445
CS18948,0,0.019334831363430685
CS18949,0,0.14308828998849532
CS18950,0,0.2404847541895309
CS18951,0,0.12751420145455383
CS18952,0,0.025394902200793566
CS18953,0,0.11483982874863605
CS18954,0,0.044667013131383375
CS18955,1,0.7368053161279727
CS18956,1,0.05721360796089453
CS18957,0,0.029362430781362473
CS18958,1,0.7078164657027505
CS18959,1,0.43657954779069347
CS18960,0,0.04576205105134575
CS18961,0,0.025404002560842173
CS18962,0,0.01599221341079144
CS18963,0,0.020465573460491503
CS18964,1,0.8770997005598871
CS18965,0,0.23266809013326784
CS18966,1,0.3916368526327418
CS18967,0,0.12617823327660022
CS18968,1,0.38553563249727163
CS18969,0,0.016891728186616117
CS18970,0,0.047194501674624946
CS18971,0,0.04401502643777724
CS18972,0,0.07298292018156839
CS18973,0,0.12172745407323789
CS18974,0,0.16082486332643636
CS18975,0,0.02224892055464226
CS18976,0,0.03448029118355128
CS18977,1,0.9797213863355361
CS18978,1,0.5040425335013148
CS18979,0,0.10693585239286656
CS18980,1,0.5578223167360038
CS18981,0,0.09052606524199715
CS18982,0,0.1620640435045545
CS18983,0,0.10031248521742837
CS18984,0,0.0652771238972785
CS18985,0,0.02365662700387316
CS18986,0,0.2230620215181669
CS18987,0,0.051800808061018826
CS18988,0,0.5656341278852425
CS18989,0,0.15887304424737345
CS18990,0,0.18573786113656915
CS18991,0,0.27267935222032963
CS18992,0,0.5179724234979461
CS18993,1,0.11324857147060118
CS18994,0,0.19257995666399794
CS18995,1,0.6915516097109128
CS18996,0,0.19949931079513158
CS18997,0,0.07954274434324538
CS18998,0,0.06629931759922908
CS18999,1,0.9657065197356989
CS19000,0,0.03688552402232969
CS19001,0,0.010905897742813399
CS19002,0,0.3943830174346736
CS19003,0,0.01514284741296975
CS19004,1,0.2047963163389609
CS19005,0,0.044249348540912385
CS19006,0,0.12739712120434366
CS19007,0,0.08392274479616908
CS19008,0,0.024041396549454343
CS19009,0,0.034935395840455914
CS19010,0,0.10426684301573659
CS19011,0,0.01376435925936486
CS19012,0,0.09803680438483542
CS19013,1,0.9855306203110799
CS19014,0,0.0159796661636686
CS19015,0,0.017672614660701
CS19016,1,0.986405102343619
CS19017,0,0.014217082779499917
CS19018,0,0.5287838778725854
CS19019,0,0.02330849441303955
CS19020,1,0.9877721608650369
CS19021,0,0.024109837350057662
CS19022,0,0.5259211144366236
CS19023,0,0.07357934968941626
CS19024,1,0.48242857516467913
CS19025,0,0.050219184575267604
CS19026,0,0.283882363634367
CS19027,0,0.03276225932396133
CS19028,0,0.20545391996610554
CS19029,1,0.1047460940876315
CS19030,0,0.28557422037490793
CS19031,1,0.5782885238454537
CS19032,0,0.14206104753435958
CS19033,0,0.1035178561457364
CS19034,0,0.026339454819563315
CS19035,0,0.48255104919256564
CS19036,0,0.05760620711931415
CS19037,0,0.033147980619980436
CS19038,0,0.030455751247293036
CS19039,0,0.39037687722574954
CS19040,1,0.6029798253292564
CS19041,0,0.05083476237037407
CS19042,0,0.06673166240052415
CS19043,0,0.056575585876996966
CS19044,0,0.12917844827933142
CS19045,0,0.08911301730940749
CS19046,0,0.4238168396638964
CS19047,1,0.9820246530823016
CS19048,0,0.04659971469478887
CS19049,1,0.8192207943738085
CS19050,0,0.08750436206333062
CS19051,1,0.4137519660312683
CS19052,0,0.02730131443158625
CS19053,0,0.017365107620669288
CS19054,0,0.0747007911354125
CS19055,0,0.0550758468895011
CS19056,0,0.17663787149874155
CS19057,0,0.07915538962907706
CS19058,1,0.7093929907895323
CS19059,0,0.014688021832506913
CS19060,1,0.8933714139641991
CS19061,0,0.011841288842845504
CS19062,0,0.32413103699744555
CS19063,1,0.5633601748381694
CS19064,0,0.18068160295771774
CS19065,0,0.4834035624380374
CS19066,0,0.26312640313538116
CS19067,0,0.025108873945346687
CS19068,0,0.2407976172547596
CS19069,1,0.6224347579492494
CS19070,0,0.011259001637387174
CS19071,1,0.42998805210578583
CS19072,1,0.971850395158675
CS19073,0,0.01652740389392958
CS19074,0,0.020685252339844258
CS19075,0,0.043530425427872964
CS19076,1,0.5638826747579095
CS19077,0,0.028341677157306736
CS19078,0,0.07989004216708129
CS19079,0,0.030567770073621072
CS19080,0,0.054464505768426506
CS19081,0,0.015812202990418113
CS19082,1,0.3880276445316468
CS19083,0,0.04189052078754699
CS19084,0,0.34092921418991456
CS19085,0,0.025137872888787216
CS19086,0,0.01716224362694376
CS19087,0,0.06004075902978279
CS19088,0,0.028431050946009135
CS19089,1,0.02721271905081117
CS19090,1,0.12929464712278238
CS19091,0,0.016175994198821476
CS19092,0,0.05408879700649998
CS19093,0,0.09559913415349167
CS19094,1,0.6182018256733662
CS19095,0,0.07984875920499097
CS19096,0,0.08156028985059724
CS19097,0,0.019808851414973423
CS19098,1,0.6494200807509195
CS19099,0,0.013632187482985225
CS19100,0,0.028658223492541695
CS19101,0,0.08252954581452744
CS19102,0,0.2563212070006428
CS19103,0,0.23783407127193495
CS19104,0,0.289793046135286
CS19105,0,0.02099019389006547
CS19106,0,0.16209391665955733
CS19107,0,0.044223137991830676
CS19108,0,0.01574324586664157
CS19109,0,0.21400180690010623
CS19110,0,0.16705643163262085
CS19111,0,0.027639745278597364
CS19112,0,0.19812425887711618
CS19113,0,0.014289223696640554
CS19114,1,0.24929607357130973
CS19115,0,0.029771774170531253
CS19116,1,0.7051305528358982
CS19117,1,0.2836945250772137
CS19118,0,0.08560378093145188
CS19119,0,0.15143478617334513
CS19120,0,0.011885991623382509
CS19121,1,0.09609974136797117
CS19122,0,0.03844971378089025
CS19123,0,0.014097998462215934
CS19124,0,0.04744027279343643
CS19125,0,0.12204264500611012
CS19126,0,0.08874416834708403
CS19127,0,0.08355468805883982
CS19128,0,0.11237129805826129
CS19129,0,0.043986491130983296
CS19130,1,0.9744184444618315
CS19131,0,0.24685969534628116
CS19132,0,0.2817996591778533
CS19133,1,0.5602328761957795
CS19134,1,0.47900636568505645
CS19135,1,0.13715832143402998
CS19136,1,0.6927834186886244
CS19137,0,0.13173220518617054
CS19138,0,0.013855626318306488
CS19139,0,0.02847579361464461
CS19140,0,0.01977362213473476
CS19141,0,0.15282442180784347
CS19142,1,0.31376759956587313
CS19143,0,0.01944348514569535
CS19144,0,0.03409098123218208
CS19145,1,0.9825860794742022
CS19146,0,0.18750712936210448
CS19147,0,0.01685840250635976
CS19148,0,0.03908188120510484
CS19149,0,0.05154086378528869
CS19150,1,0.17196790575059748
CS19151,0,0.041830514368024506
CS19152,0,0.04055212070547777
CS19153,0,0.041905222066919996
CS19154,0,0.05485948840787713
CS19155,1,0.1416732229577406
CS19156,0,0.4535880136692795
CS19157,0,0.023586471899494563
CS19158,1,0.9395960502207634
CS19159,0,0.26928825989385313
CS19160,0,0.04129906351511812
CS19161,0,0.011025781644164102
CS19162,0,0.1170383191120128
CS19163,0,0.03798731507074545
CS19164,0,0.08107963943716104
CS19165,1,0.2622109258116439
CS19166,0,0.01207000550487427
CS19167,1,0.15961339966482466
CS19168,1,0.22653495408269436
CS19169,0,0.023910878279047903
CS19170,0,0.07713552037037338
CS19171,1,0.6033504731103329
CS19172,0,0.04170905521628797
CS19173,0,0.32793699047332536
CS19174,0,0.028151240257923288
CS19175,0,0.016500212423510716
CS19176,0,0.0637164624294426
CS19177,1,0.5423304055556655
CS19178,0,0.040838487704735256
CS19179,0,0.12366771681623707
CS19180,0,0.05147335439632477
CS19181,1,0.24431671206685562
CS19182,1,0.47756937938843025
CS19183,1,0.7970032175654376
CS19184,0,0.21060651114206488
CS19185,0,0.3937785166237303
CS19186,0,0.07415748182043674
CS19187,0,0.13867220959396864
CS19188,1,0.22779024622852304
CS19189,1,0.9814628426542614
CS19190,1,0.07513021528738695
CS19191,0,0.4464634055339652
CS19192,0,0.15391138595767126
CS19193,0,0.13963023397648794
CS19194,0,0.10811695757248016
CS19195,1,0.5844151358180806
CS19196,0,0.08820393135577166
CS19197,1,0.08013514664608093
CS19198,0,0.059168194914903126
CS19199,1,0.09097792455916519
CS19200,0,0.056068481398458395
CS19201,0,0.38860728174057035
CS19202,0,0.007907225967342708
CS19203,0,0.2180485709585461
CS19204,0,0.0231150152493713
CS19205,0,0.5360269909529208
CS19206,0,0.15394877904293344
CS19207,0,0.03298243988016153
CS19208,0,0.2544516560962685
CS19209,0,0.060772611254868596
CS19210,0,0.022343332768169643
CS19211,0,0.025498261671608232
CS19212,0,0.1682627821920618
CS19213,0,0.22039059230102365
CS19214,0,0.014189962383117028
CS19215,0,0.10876217603888796
CS19216,0,0.031452012888829706
CS19217,0,0.10772879166478697
CS19218,1,0.41787535217835176
CS19219,0,0.00911870865167501
CS19220,1,0.11862156011707614
CS19221,0,0.0769307184687232
CS19222,0,0.27553062638590436
CS19223,0,0.1890797507772013
CS19224,0,0.16459396520202113
CS19225,0,0.15702382792435496
CS19226,1,0.9883780735392105
CS19227,0,0.025432537158525947
CS19228,1,0.9893294110905578
CS19229,0,0.047799603829244655
CS19230,0,0.052095086093838686
CS19231,0,0.015127030876442465
CS19232,0,0.4039732073301753
CS19233,0,0.05296997121403494
CS19234,0,0.01974350402671501
CS19235,1,0.1790462491923486
CS19236,0,0.03813442778681842
CS19237,0,0.11562774886867881
CS19238,0,0.04355465758324637
CS19239,0,0.04229492558537848
CS19240,0,0.10586730568188929
CS19241,0,0.025318056145539024
CS19242,0,0.1366902097106842
CS19243,0,0.01657552793147149
CS19244,0,0.02279011081214867
CS19245,0,0.1889525514597891
CS19246,0,0.022959745540132942
CS19247,0,0.13317028888345656
CS19248,0,0.06420987879885943
CS19249,0,0.03280735037501547
CS19250,0,0.03518015882595742
CS19251,0,0.05827468641554111
CS19252,1,0.9806743491525357
CS19253,0,0.3979167536731443
CS19254,0,0.015227147158776077
CS19255,1,0.028052434878108393
CS19256,0,0.017408674656824726
CS19257,0,0.018585431492356662
CS19258,1,0.09072926434679646
CS19259,1,0.9794315360481779
CS19260,0,0.5008378466254941
CS19261,0,0.14207394149236538
CS19262,0,0.05412965505477911
CS19263,0,0.05506131133278128
CS19264,1,0.10782255254764926
CS19265,0,0.027502850682435877
CS19266,1,0.10836152879198678
CS19267,0,0.07124266283070121
CS19268,0,0.014709433343293062
CS19269,0,0.028792155801630845
CS19270,0,0.02102409682758675
CS19271,0,0.13837461681378752
CS19272,0,0.24604101063242986
CS19273,0,0.02106880405473812
CS19274,0,0.057141755494618286
CS19275,0,0.020092960191344992
CS19276,0,0.030965656584628107
CS19277,0,0.005092047697071819
CS19278,0,0.1507251417998492
CS19279,0,0.05638727627132184
CS19280,0,0.02938906503157304
CS19281,1,0.89179223680591
CS19282,0,0.28780699048297015
CS19283,0,0.11135095010504724
CS19284,1,0.9712291887530551
CS19285,0,0.036232383882856066
CS19286,0,0.10731594179539992
CS19287,0,0.438256567757693
CS19288,0,0.5204170520293413
CS19289,0,0.03391499732695944
CS19290,0,0.030469728919046105
CS19291,0,0.14918390107724108
CS19292,0,0.12420045771376395
CS19293,0,0.2050136688488781
CS19294,0,0.06240783159897333
CS19295,0,0.02512262547730601
CS19296,0,0.09588933891552628
CS19297,0,0.10750238365635564
CS19298,0,0.013801611919639979
CS19299,0,0.060002122168719994
CS19300,0,0.07181363014716734
CS19301,1,0.3066600542419541
CS19302,0,0.017062293403575415
CS19303,0,0.01069912148652114
CS19304,0,0.045346009517515926
CS19305,0,0.31553517480754156
CS19306,1,0.5354407212476684
CS19307,0,0.1492048489959149
CS19308,1,0.47256284337367305
CS19309,0,0.025264000471754935
CS19310,0,0.11526034312531684
CS19311,0,0.023378143055590165
CS19312,0,0.05411881951509272
CS19313,0,0.2223960126751727
CS19314,0,0.00770755184426339
CS19315,0,0.2682741016574403
CS19316,0,0.1091852677948168
CS19317,0,0.02789358203170395
CS19318,0,0.01491556775300651
CS19319,0,0.09255859272688761
CS19320,0,0.016306734440946182
CS19321,0,0.11788495400023463
CS19322,0,0.5558590363770751
CS19323,0,0.014342537460047223
CS19324,0,0.420567168176181
CS19325,0,0.013959435271219855
CS19326,1,0.22041063110213463
CS19327,0,0.2036246974315817
CS19328,0,0.1766148983484996
CS19329,0,0.05726939675867163
CS19330,0,0.05967314175552589
CS19331,0,0.016381775199559693
CS19332,0,0.23114025963229493
CS19333,0,0.010064165998016966
CS19334,0,0.011095138415705703
CS19335,0,0.056254814693447334
CS19336,1,0.7478179090695147
CS19337,0,0.31460376293018
CS19338,1,0.45481529101561696
CS19339,1,0.32404433186696063
CS19340,0,0.2783126461648031
CS19341,0,0.03452902635294359
CS19342,1,0.9763694862409971
CS19343,0,0.040902731892727
CS19344,0,0.3256324165462518
CS19345,0,0.015740257317783724
CS19346,0,0.014550082305637198
CS19347,0,0.049004219986187106
CS19348,0,0.2293704786991114
CS19349,0,0.039936065333998114
CS19350,0,0.10978082966230994
CS19351,0,0.00790632858343737
CS19352,0,0.044876017584599075
CS19353,0,0.32576830422808006
CS19354,1,0.434173863059861
CS19355,0,0.049829095948270834
CS19356,0,0.05265430673349242
CS19357,0,0.5329476315230485
CS19358,1,0.9855756183945
CS19359,0,0.666272090369607
CS19360,1,0.8259261113666032
CS19361,1,0.9762882350856315
CS19362,0,0.03055297535209726
CS19363,0,0.21759919543048947
CS19364,0,0.0727763775907361
CS19365,0,0.005607720802892984
CS19366,0,0.4058175981963047
CS19367,1,0.5746978006250234
CS19368,0,0.26881851083579444
CS19369,0,0.26604855259858273
CS19370,0,0.6650778515369067
CS19371,0,0.25896498035596704
CS19372,0,0.032804921318077974
CS19373,0,0.04013529029630504
CS19374,0,0.07339043714918751
CS19375,0,0.021411958466031465
CS19376,1,0.07839380899235586
CS19377,0,0.4141291793330686
CS19378,0,0.011457212640277109
CS19379,0,0.05354765153427559
CS19380,0,0.2692363072821557
CS19381,0,0.09501724034335067
CS19382,0,0.023036524954255372
CS19383,1,0.9851425596310737
CS19384,0,0.1281674587799826
CS19385,0,0.01878977393829752
CS19386,0,0.03481391720879827
CS19387,0,0.7407567149467845
CS19388,1,0.968366548862117
CS19389,0,0.36605658886081305
CS19390,0,0.17259863439931786
CS19391,0,0.238148998924813
CS19392,0,0.01224192402566001
CS19393,0,0.01950080635062792
CS19394,1,0.6040689789423626
CS19395,0,0.03242494981880371
CS19396,0,0.02991424683409034
CS19397,0,0.07421650389402738
CS19398,0,0.08168098964628857
CS19399,1,0.40085196907407183
CS19400,0,0.01857813395801517
CS19401,1,0.9513049088614532
CS19402,0,0.11643949858442514
CS19403,1,0.015813222239147162
CS19404,0,0.11673779388524343
CS19405,0,0.26774024282730424
CS19406,0,0.16938934594499044
CS19407,1,0.678268077933595
CS19408,0,0.3895874237181378
CS19409,0,0.0474577262575384
CS19410,0,0.0822897955238391
CS19411,0,0.26517591831364656
CS19412,0,0.47729792502165735
CS19413,0,0.0146493634126364
CS19414,1,0.15996006632501844
CS19415,0,0.06952476014935734
CS19416,1,0.35293718503773575
CS19417,0,0.670053835580047
CS19418,0,0.04612988037221501
CS19419,0,0.12333288836653207
CS19420,0,0.0874869157538595
CS19421,0,0.10406382843423065
CS19422,1,0.4369295596370142
CS19423,1,0.17685653903420584
CS19424,1,0.7514021070084952
CS19425,0,0.8706218139951148
CS19426,0,0.023192074269975813
CS19427,1,0.126236948469305
CS19428,0,0.13971888559229861
CS19429,1,0.7110237236232263
CS19430,1,0.4651409202445107
CS19431,0,0.012822027639851128
CS19432,0,0.008275541208796644
CS19433,0,0.05961920216464762
CS19434,1,0.9842112485686833
CS19435,0,0.06919704005832238
CS19436,0,0.0190784160780709
CS19437,0,0.7249625644824116
CS19438,0,0.06853703975629467
CS19439,1,0.5728393985375095
CS19440,1,0.12990919296792228
CS19441,0,0.014622406061696151
CS19442,0,0.10803509063512741
CS19443,0,0.13841373890793415
CS19444,1,0.7151917655045963
CS19445,0,0.05012058497437042
CS19446,0,0.0407798144256751
CS19447,0,0.057307633513440655
CS19448,0,0.13121389495862432
CS19449,0,0.04587645248251259
CS19450,0,0.16024036507615605
CS19451,0,0.20559032142912498
CS19452,0,0.04447840906992968
CS19453,0,0.022464644786739776
CS19454,1,0.7899061327750931
CS19455,0,0.10947830675271585
CS19456,0,0.13633302973290629
CS19457,0,0.17315801852712637
CS19458,1,0.03630099117957124
CS19459,0,0.07501497926323908
CS19460,0,0.05011813903628803
CS19461,0,0.1466222776017602
CS19462,0,0.062375203419582734
CS19463,0,0.05342349701234711
CS19464,0,0.051541447058546394
CS19465,0,0.047555822927028556
CS19466,1,0.06024419610051704
CS19467,1,0.8283681120098264
CS19468,0,0.06713557342753813
CS19469,0,0.009320700517767701
CS19470,0,0.32554801869547784
CS19471,0,0.18400908548426426
CS19472,0,0.1419793317448746
CS19473,1,0.9901049597347195
CS19474,0,0.03444406886317974
CS19475,0,0.04303641872588413
CS19476,0,0.08983809184624657
CS19477,0,0.057713327620674174
CS19478,1,0.6811593570960633
CS19479,0,0.04218828018718936
CS19480,0,0.1049564658389549
CS19481,0,0.01761327334107726
CS19482,0,0.36850472663578276
CS19483,0,0.08177620701432323
CS19484,0,0.3897206146090283
CS19485,0,0.21668430481471745
CS19486,1,0.9776684705702091
CS19487,0,0.14261909877816498
CS19488,0,0.022140807982785525
CS19489,0,0.029216383897477726
CS19490,0,0.02722260726772867
CS19491,0,0.031344233773133105
CS19492,0,0.0193379653770376
CS19493,0,0.05920311233385966
CS19494,1,0.9847173600695941
CS19495,0,0.030183438029945782
CS19496,0,0.09683692922160307
CS19497,1,0.20619934530657014
CS19498,0,0.10497670215166618
CS19499,0,0.06470086721221359
CS19500,0,0.12586987807608846
CS19501,0,0.022905621280196548
CS19502,1,0.38076479771851524
CS19503,0,0.010947474742162728
CS19504,0,0.026911881654350458
CS19505,1,0.860726446529112
CS19506,0,0.024606171612680673
CS19507,1,0.9805173459161542
CS19508,0,0.3295804232426243
CS19509,0,0.03071192822101674
CS19510,0,0.10511423917683427
CS19511,0,0.41600538782370516
CS19512,1,0.5466787543174143
CS19513,0,0.1315941268509975
CS19514,1,0.9576913152579268
CS19515,0,0.04912046541330649
CS19516,0,0.03732224669306326
CS19517,1,0.42020979601431674
CS19518,0,0.017568778693433703
CS19519,0,0.062178391495283654
CS19520,1,0.6284682493236464
CS19521,1,0.3412066201538499
CS19522,0,0.028278467347330118
CS19523,0,0.07689584104949491
CS19524,0,0.1723530225770625
CS19525,0,0.02515445055656338
CS19526,1,0.17223566966051881
CS19527,0,0.529798516807353
CS19528,1,0.5983035699322641
CS19529,0,0.08693541558483851
CS19530,0,0.5379865348589191
CS19531,0,0.6608404340014766
CS19532,1,0.26669160020576954
CS19533,0,0.06652899521914961
CS19534,0,0.007943747835837336
CS19535,0,0.0773401903573909
CS19536,0,0.03684065643646147
CS19537,0,0.05413381947663592
CS19538,0,0.09866069096306773
CS19539,0,0.3871615873853279
CS19540,1,0.9894524987186126
CS19541,1,0.11409622310759875
CS19542,1,0.9880126394066824
CS19543,0,0.0754294914344083
CS19544,0,0.31949769932148003
CS19545,0,0.21828903910569192
CS19546,1,0.2829691964334225
CS19547,0,0.050032462184632434
CS19548,0,0.18069917405678562
CS19549,0,0.2658025305988317
CS19550,0,0.05137133417237826
CS19551,0,0.015790745811619884
CS19552,0,0.0730360530870122
CS19553,1,0.29777347537260296
CS19554,0,0.4041634878751477
CS19555,1,0.8054435616708838
CS19556,0,0.007905730510979479
CS19557,0,0.1377516445604947
CS19558,0,0.5467955864477264
CS19559,0,0.11366781846706576
CS19560,0,0.2250344321464631
CS19561,0,0.12116146069881933
CS19562,0,0.0594014595803868
CS19563,0,0.01866754091234368
CS19564,1,0.9643945935459206
CS19565,1,0.9814649299288438
CS19566,0,0.22177311949627118
CS19567,0,0.22969232544687784
CS19568,0,0.021766011053913698
CS19569,1,0.9880543430361214
CS19570,0,0.021914604531014372
CS19571,0,0.05417220306556863
CS19572,0,0.09127740612563091
CS19573,0,0.08515999191952872
CS19574,0,0.1813837454085931
CS19575,1,0.9859649260796575
CS19576,0,0.014942011436726485
CS19577,0,0.01868564564478222
CS19578,0,0.1742870500793135
CS19579,0,0.15068909627312918
CS19580,1,0.244653318823229
CS19581,1,0.9785468825831941
CS19582,0,0.16198665046815716
CS19583,0,0.2540166339425436
CS19584,0,0.28733105471989356
CS19585,1,0.4805489941113962
CS19586,0,0.6677442145291496
CS19587,0,0.12496223890381623
CS19588,0,0.019919870664220872
CS19589,0,0.09058921924868502
CS19590,0,0.013877591326498642
CS19591,0,0.025666204808726858
CS19592,0,0.1999582910346645
CS19593,0,0.07515533124643106
CS19594,0,0.1966518846829973
CS19595,0,0.040559931815103645
CS19596,0,0.1823574391607401
CS19597,0,0.021148147559469012
CS19598,0,0.5134646342857281
CS19599,0,0.20332250043112993
CS19600,0,0.065404689487309
CS19601,1,0.42317500728395463
CS19602,1,0.09013440436052834
CS19603,0,0.18972586921888634
CS19604,0,0.24247404968166816
CS19605,0,0.2537001622045107
CS19606,0,0.09135397371384248
CS19607,0,0.1499211449873003
CS19608,0,0.18560215016847503
CS19609,0,0.031030751619069815
CS19610,0,0.4196007394218534
CS19611,0,0.28422422715781376
CS19612,0,0.16759729234880502
CS19613,0,0.13979083770077047
CS19614,0,0.019284390848673328
CS19615,1,0.08486327160971133
CS19616,1,0.051301078475664064
CS19617,1,0.20948288427742887
CS19618,0,0.040170187138360985
CS19619,0,0.13008698907087093
CS19620,0,0.059505118497576136
CS19621,0,0.010266804870777793
CS19622,1,0.2535682050713669
CS19623,0,0.025214876539960303
CS19624,0,0.060243148460874245
CS19625,0,0.019410141912262046
CS19626,0,0.015978501409046216
CS19627,0,0.04912665734686401
CS19628,0,0.03818603895811699
CS19629,0,0.010333240134761801
CS19630,1,0.9829059598653865
CS19631,0,0.03617092340870084
CS19632,0,0.05730878026014601
CS19633,1,0.24115907558515368
CS19634,1,0.5970071900179359
CS19635,0,0.04416727233448465
CS19636,0,0.01414736520291625
CS19637,1,0.2634668723894712
CS19638,1,0.6231828311451606
CS19639,0,0.12076327582155659
CS19640,1,0.17535808205230688
CS19641,1,0.15642712510274862
CS19642,1,0.33536012868937853
CS19643,0,0.12511058556241067
CS19644,0,0.06002339195307988
CS19645,0,0.07254135041147418
CS19646,0,0.04422378541074268
CS19647,1,0.4810085776612686
CS19648,0,0.07257813819873175
CS19649,1,0.1035877984390275
CS19650,0,0.2457109724276519
CS19651,0,0.5297422094551493
CS19652,0,0.062137664107044244
CS19653,1,0.42117651894443675
CS19654,0,0.06609638470609479
CS19655,0,0.15726044900818517
CS19656,1,0.2299029568207331
CS19657,0,0.3233430120266909
CS19658,0,0.03251766091233042
CS19659,0,0.0374073240075626
CS19660,0,0.04589348774240568
CS19661,0,0.17139553650039868
CS19662,1,0.9805173459161542
CS19663,1,0.9891931997953465
CS19664,0,0.2324425637342524
CS19665,1,0.09349311156079824
CS19666,0,0.1250139123161411
CS19667,0,0.030171359581699416
CS19668,1,0.31928647281478406
CS19669,0,0.11886393299518573
CS19670,0,0.049931946915497814
CS19671,0,0.058776522392126405
CS19672,1,0.0614241557421477
CS19673,0,0.018669941531475772
CS19674,0,0.12268538600843873
CS19675,0,0.049107203068175065
CS19676,0,0.04668126012494951
CS19677,0,0.11668972770610357
CS19678,0,0.007177013109171776
CS19679,0,0.06943654419622487
CS19680,0,0.048361275962310296
CS19681,0,0.05954985072491032
CS19682,1,0.045365327544370955
CS19683,1,0.185615805997134
CS19684,1,0.06645936067940944
CS19685,0,0.2525483354568231
CS19686,0,0.22751535121681182
CS19687,0,0.2092297099608119
CS19688,0,0.028396517196749082
CS19689,0,0.019554562887442232
CS19690,1,0.3544023992978022
CS19691,0,0.3120159567069549
CS19692,0,0.1536824826857546
CS19693,1,0.09271730424378219
CS19694,0,0.012409584930094118
CS19695,1,0.4092622003222631
CS19696,0,0.12283202447576125
CS19697,0,0.021576121268659855
CS19698,1,0.573019025995687
CS19699,0,0.07054907882080208
CS19700,1,0.2519993579629665
CS19701,0,0.7101435559629914
CS19702,0,0.169664058802593
CS19703,0,0.012363575925265161
CS19704,0,0.004867099967021833
CS19705,0,0.27268155177440745
CS19706,0,0.1202385713798622
CS19707,1,0.09869041622482369
CS19708,0,0.11223529255583187
CS19709,0,0.09969172953732897
CS19710,0,0.01525661168710287
CS19711,1,0.32931687618175776
CS19712,0,0.037891189867076465
CS19713,0,0.06556815308304383
CS19714,1,0.9842757852120447
CS19715,1,0.9636730017387645
CS19716,0,0.42368521497981726
CS19717,0,0.17218996743410261
CS19718,0,0.02651994698051536
CS19719,0,0.017772892785447882
CS19720,0,0.017543514481318134
CS19721,0,0.0524886261856396
CS19722,0,0.5876400999575839
CS19723,1,0.9795863209640263
CS19724,0,0.031174044324235668
CS19725,0,0.28651077923541807
CS19726,1,0.67709598252701
CS19727,1,0.3723620755935793
CS19728,0,0.04561008298965803
CS19729,0,0.06274908536604354
CS19730,0,0.08499079338842798
CS19731,0,0.12820368701479876
CS19732,0,0.03534865533805997
CS19733,0,0.10315129858292856
CS19734,0,0.20969035804946756
CS19735,0,0.27001924569334174
CS19736,0,0.15440045742607775
CS19737,0,0.06799254424829494
CS19738,0,0.07794062214260995
CS19739,1,0.25769876239465955
CS19740,1,0.5352429131662806
CS19741,0,0.0107503820517265
CS19742,1,0.09891274698841307
CS19743,0,0.026918240254726417
CS19744,0,0.30825877968611265
CS19745,0,0.23016888001804986
CS19746,0,0.20459813830852913
CS19747,0,0.0956736840761238
CS19748,0,0.03812651601646295
CS19749,0,0.08000226689829491
CS19750,1,0.3824937954517509
CS19751,1,0.7631772441957991
CS19752,1,0.9879817054821413
CS19753,0,0.05933617084028396
CS19754,1,0.9877796147313644
CS19755,0,0.07783473224053362
CS19756,0,0.008371593187686861
CS19757,0,0.09982266070980017
CS19758,0,0.025413253042952534
CS19759,0,0.04322353910197106
CS19760,0,0.2176403251742226
CS19761,0,0.1458723340845224
CS19762,0,0.09542582337967662
CS19763,0,0.02468797338248526
CS19764,0,0.05602798477412782
CS19765,0,0.133184780479573
CS19766,0,0.012663057487072903
CS19767,0,0.01607501721504079
CS19768,1,0.9825026550152773
CS19769,1,0.982072642245905
CS19770,1,0.3896882709779041
CS19771,1,0.588676586896643
CS19772,0,0.0515482346403524
CS19773,0,0.10816256972583654
CS19774,0,0.09821377833411556
CS19775,0,0.005546045595284861
CS19776,1,0.9816948900752265
CS19777,0,0.20919694486711027
CS19778,0,0.07023860703995952
CS19779,0,0.06369737722177995
CS19780,0,0.17997088210377507
CS19781,1,0.5303379773741176
CS19782,1,0.988685645691502
CS19783,0,0.06272220800219072
CS19784,0,0.09684547296619127
CS19785,1,0.04436376266948814
CS19786,1,0.989960884409
CS19787,1,0.2848513442328432
CS19788,1,0.9319387391804174
CS19789,0,0.013304146830392551
CS19790,0,0.08810854602190342
CS19791,0,0.05346537119719585
CS19792,0,0.029224474510992065
CS19793,0,0.008802616215584234
CS19794,0,0.039186121774317816
CS19795,0,0.21270027980317913
CS19796,0,0.23152039383065248
CS19797,0,0.03968148374256605
CS19798,0,0.23801670074051653
CS19799,1,0.022432065429383998
CS19800,0,0.026079888072970858
CS19801,1,0.9692547113172202
CS19802,1,0.8056670120008338
CS19803,0,0.06593580934601337
CS19804,1,0.3195977647516395
CS19805,0,0.018816629570242608
CS19806,0,0.04966227762240695
CS19807,1,0.28671694217015165
CS19808,0,0.007953784583659076
CS19809,0,0.028817965844870026
CS19810,1,0.9901421872083387
CS19811,1,0.7758698231187765
CS19812,0,0.28597742852634067
CS19813,0,0.03277680058558492
CS19814,1,0.2487685111227969
CS19815,0,0.02891070032677237
CS19816,0,0.18364070543305364
CS19817,1,0.6145562344324078
CS19818,0,0.023145860651550425
CS19819,0,0.06040962064377612
CS19820,1,0.8629032864494133
CS19821,0,0.07997692281231095
CS19822,0,0.04404551263864951
CS19823,0,0.0411050334773364
CS19824,0,0.05106729622152265
CS19825,0,0.09630811383038318
CS19826,1,0.11456886243573475
CS19827,1,0.2957279253169896
CS19828,0,0.0318257917157608
CS19829,0,0.3114747763402985
CS19830,1,0.09930500238104507
CS19831,0,0.02626418579760694
CS19832,0,0.016463729563031337
CS19833,0,0.08587234442702828
CS19834,1,0.321695149747676
CS19835,1,0.06984902410940358
CS19836,0,0.09764837146965077
CS19837,0,0.39919428453566796
CS19838,0,0.05331197981268225
CS19839,0,0.033611154474179214
CS19840,0,0.032604752705272765
CS19841,0,0.053700472150579215
CS19842,0,0.010314925158555689
CS19843,0,0.015462968473241282
CS19844,1,0.6420706900539995
CS19845,0,0.20139941157503427
CS19846,0,0.046013486119285796
CS19847,0,0.013905110225654578
CS19848,0,0.007128276987222465
CS19849,0,0.030910885435833417
CS19850,0,0.08191977486345914
CS19851,0,0.0638901199792071
CS19852,0,0.16534163236313587
CS19853,0,0.1913787754455088
CS19854,0,0.018737532893480204
CS19855,0,0.03673884167602788
CS19856,0,0.04481279692722547
CS19857,1,0.9634231916294507
CS19858,1,0.13679304580251844
CS19859,0,0.15786857222608602
CS19860,0,0.048511242920258206
CS19861,0,0.08564669422765311
CS19862,0,0.5925494175017137
CS19863,0,0.07061331059686365
CS19864,0,0.14329800292999242
CS19865,0,0.480247051178586
CS19866,1,0.06866569502668124
CS19867,0,0.021005539475019493
CS19868,0,0.04283794713100902
CS19869,0,0.018818945353332915
CS19870,1,0.9886990135839118
CS19871,0,0.27680191028294
CS19872,1,0.06299271360015038
CS19873,0,0.41446995897133637
CS19874,0,0.03517473670528918
CS19875,0,0.013938703870859768
CS19876,0,0.012740641944205782
CS19877,0,0.03552440999843435
CS19878,0,0.28381425498466006
CS19879,0,0.053556810700318265
CS19880,0,0.06181222281941535
CS19881,1,0.988685645691502
CS19882,1,0.6916239337695392
CS19883,1,0.4138950658330166
CS19884,1,0.07427435971258989
CS19885,0,0.04580722682462231
CS19886,0,0.3095460686550416
CS19887,0,0.019324834579807316
CS19888,0,0.05257955625665764
CS19889,1,0.18792789040152988
CS19890,0,0.1318177071993924
CS19891,0,0.031293556152654965
CS19892,0,0.028556175139206642
CS19893,0,0.29646166944887614
CS19894,0,0.02489321210742496
CS19895,0,0.03329103155843182
CS19896,0,0.029778307457131316
CS19897,0,0.10067577638233442
CS19898,0,0.04139998074158251
CS19899,0,0.014094288567873148
CS19900,1,0.748276582534101
CS19901,1,0.9900247519400431
CS19902,1,0.12316513646896986
CS19903,0,0.04050350479802112
CS19904,0,0.09450522193546919
CS19905,0,0.04486774632204966
CS19906,1,0.4015190129893369
CS19907,0,0.0075936200257259116
CS19908,0,0.1454495740626283
CS19909,0,0.02350371522226979
CS19910,0,0.10547798739172708
CS19911,1,0.586637220114851
CS19912,1,0.042766995036275214
CS19913,1,0.11048317410559459
CS19914,1,0.1809538478112018
CS19915,0,0.0626294494386917
CS19916,0,0.08484128711060027
CS19917,1,0.03214151865323166
CS19918,1,0.8497987986158158
CS19919,0,0.024663695860237013
CS19920,0,0.3553658970010294
CS19921,0,0.04045668155714509
CS19922,0,0.1026685282504675
CS19923,0,0.06921387846204309
CS19924,0,0.043070591263461404
CS19925,0,0.3288756351457252
CS19926,0,0.021275382979923863
CS19927,0,0.11997757427915201
CS19928,1,0.40631553227620104
CS19929,0,0.13227042405912393
CS19930,0,0.013203376468674283
CS19931,0,0.5402651474630542
CS19932,0,0.015426478033049838
CS19933,0,0.286714224900019
CS19934,0,0.005952852704311135
CS19935,1,0.03625689861748928
CS19936,0,0.15641426774213515
CS19937,0,0.03368580836192767
CS19938,0,0.012554530655558518
CS19939,1,0.5916490909105375
CS19940,1,0.98813071496927
CS19941,0,0.058182092997799084
CS19942,0,0.04280193776241802
CS19943,0,0.3808316015615882
CS19944,0,0.3049577572001335
CS19945,0,0.07650327261164194
CS19946,0,0.08313930990218045
CS19947,0,0.03608463650196573
CS19948,0,0.09684977089794658
CS19949,0,0.2887236580556919
CS19950,1,0.15842478231572799
CS19951,0,0.4968908283797165
CS19952,1,0.6258766039253588
CS19953,0,0.018377801049496965
CS19954,0,0.03932441123444328
CS19955,0,0.15345872305630578
CS19956,0,0.16094204773717277
CS19957,1,0.9872706590805661
CS19958,0,0.07091316106211352
CS19959,0,0.017711355888411853
CS19960,0,0.01471086122482867
CS19961,1,0.4002832327850056
CS19962,0,0.036988913876608596
CS19963,0,0.1152018305199339
CS19964,0,0.01998892883398498
CS19965,1,0.3486144433050417
CS19966,1,0.10761122948792062
CS19967,0,0.19749925843713306
CS19968,0,0.0402936897336408
CS19969,1,0.9736346716812718
CS19970,0,0.03493857162924159
CS19971,0,0.030375738838534217
CS19972,1,0.9725076130446798
CS19973,0,0.0547710050664066
CS19974,0,0.11070558651020045
CS19975,0,0.06933193761051347
CS19976,0,0.04816774542665732
CS19977,0,0.06955383725162913
CS19978,0,0.12164312719443986
CS19979,0,0.10857211870690948
CS19980,0,0.015227386028419094
CS19981,0,0.07747526889286345
CS19982,1,0.08107722499419019
CS19983,0,0.03499358857235945
CS19984,0,0.030263451200239405
CS19985,0,0.47716192410906527
CS19986,0,0.06918649447303517
CS19987,0,0.27385071476448763
CS19988,0,0.24358957305264783
CS19989,1,0.37684365295013095
CS19990,0,0.0453471959639037
CS19991,0,0.3209366444988098
CS19992,0,0.28236797432942984
CS19993,1,0.23203254560532421
CS19994,0,0.6889919271917639
CS19995,0,0.02466236172477875
CS19996,0,0.11673864109547366
CS19997,0,0.031669644431732855
CS19998,0,0.28536380999734684
CS19999,0,0.010431830777455348
CS20000,0,0.04754693724701639
