cs_id,y_true_000,pred_prob_000
CS00001,0,0.00019110433640889823
CS00002,0,4.006369272246957e-05
CS00003,0,0.005301894620060921
CS00004,0,9.028038766700774e-05
CS00005,0,0.00019110433640889823
CS00006,0,0.0007554056355729699
CS00007,0,0.0014325365191325545
CS00008,1,0.0013458604225888848
CS00009,0,0.003945406526327133
CS00010,0,0.00015598026220686734
CS00011,1,0.9998977184295654
CS00012,1,0.9999125003814697
CS00013,0,0.00021654405281879008
CS00014,0,0.002217013156041503
CS00015,0,0.00016346470511052758
CS00016,0,0.0015487611526623368
CS00017,1,0.19868536293506622
CS00018,0,0.00036259001353755593
CS00019,0,0.0001398220774717629
CS00020,0,0.00024536947603337467
CS00021,0,8.481104305246845e-05
CS00022,0,0.00018522574100643396
CS00023,0,7.031184213701636e-05
CS00024,0,0.0005357805639505386
CS00025,1,0.9998977184295654
CS00026,0,0.001524786464869976
CS00027,1,0.9996699094772339
CS00028,0,0.0012644219677895308
CS00029,1,0.9998804330825806
CS00030,0,7.722191367065534e-05
CS00031,0,0.00014425987319555134
CS00032,0,0.0001398220774717629
CS00033,0,0.9835969805717468
CS00034,0,0.00014883847325108945
CS00035,0,0.9929881691932678
CS00036,0,0.003027835162356496
CS00037,0,0.998217761516571
CS00038,0,0.00014425987319555134
CS00039,0,0.0009850081987679005
CS00040,0,0.9124361872673035
CS00041,0,0.00013135180051904172
CS00042,1,0.9998944997787476
CS00043,0,6.814871449023485e-05
CS00044,1,0.006289901677519083
CS00045,0,0.00012339458044152707
CS00046,0,0.00247262348420918
CS00047,0,0.0008830458391457796
CS00048,0,0.0001398220774717629
CS00049,0,8.750300185056403e-05
CS00050,0,7.484622619813308e-05
CS00051,0,0.00019110433640889823
CS00052,0,0.019419347867369652
CS00053,0,7.031184213701636e-05
CS00054,0,0.001987774157896638
CS00055,1,0.9995344877243042
CS00056,0,0.00021654405281879008
CS00057,1,0.9997765421867371
CS00058,1,0.9927672147750854
CS00059,0,8.750300185056403e-05
CS00060,1,0.0014103584690019488
CS00061,1,0.9788748621940613
CS00062,0,0.9989995360374451
CS00063,1,0.0002234163403045386
CS00064,0,0.00014883847325108945
CS00065,0,0.000656372809316963
CS00066,0,8.481104305246845e-05
CS00067,0,0.6701767444610596
CS00068,0,0.004399413242936134
CS00069,1,0.0015011822106316686
CS00070,0,0.00013552079326473176
CS00071,1,0.9867772459983826
CS00072,0,0.0003301527467556298
CS00073,1,0.9994296431541443
CS00074,1,0.8670357465744019
CS00075,0,0.00018522574100643396
CS00076,0,0.00021654405281879008
CS00077,0,0.00017400544311385602
CS00078,0,0.0007793660624884069
CS00079,1,0.999438464641571
CS00080,0,8.220189192797989e-05
CS00081,0,0.0002098830882459879
CS00082,0,0.9992678761482239
CS00083,0,0.006388320587575436
CS00084,0,0.0011695101857185364
CS00085,0,0.0002824080584105104
CS00086,1,0.9996594190597534
CS00087,1,0.7673413753509521
CS00088,0,0.0005357805639505386
CS00090,0,0.0005274784634821117
CS00091,1,0.9998804330825806
CS00092,0,0.00010554686014074832
CS00093,0,0.00016865275392774493
CS00094,0,0.00016865275392774493
CS00095,0,5.6497930927434936e-05
CS00096,0,0.00016346470511052758
CS00097,0,0.0007554056355729699
CS00098,1,0.6194712519645691
CS00099,1,0.9999203681945801
CS00101,1,0.9997040629386902
CS00102,0,0.0003514382697176188
CS00103,1,0.9994296431541443
CS00104,0,0.0002492325147613883
CS00105,0,0.0002098830882459879
CS00106,1,0.06656918674707413
CS00107,0,0.208823561668396
CS00108,0,0.00021654405281879008
CS00109,1,0.9999039173126221
CS00110,1,0.8286616206169128
CS00111,0,0.00012731103925034404
CS00112,0,0.0001398220774717629
CS00113,0,0.012624948285520077
CS00114,0,0.004982269834727049
CS00115,0,0.9972423315048218
CS00116,0,0.00030534894904121757
CS00117,0,0.00016865275392774493
CS00118,0,0.00011591933434829116
CS00119,0,0.0005614787223748863
CS00120,1,0.9998365640640259
CS00121,1,0.9998840093612671
CS00122,1,0.6836307644844055
CS00123,0,0.0002694791473913938
CS00124,0,0.00010889690020121634
CS00125,1,0.9736446738243103
CS00126,0,0.0006263342220336199
CS00127,0,0.00026530236937105656
CS00128,1,0.999555766582489
CS00129,0,7.031184213701636e-05
CS00130,0,0.00027372167096473277
CS00131,0,0.0002694791473913938
CS00132,0,0.00018522574100643396
CS00133,0,0.0002234163403045386
CS00134,0,0.00010554686014074832
CS00135,0,0.00029137005913071334
CS00136,0,0.8392075896263123
CS00137,0,0.9709092378616333
CS00138,0,0.3255205452442169
CS00139,0,0.0008969393675215542
CS00140,0,0.0008969393675215542
CS00141,0,0.9968763589859009
CS00142,1,0.9950946569442749
CS00143,1,0.0012448432389646769
CS00144,0,0.00011235327110625803
CS00145,1,0.9998089671134949
CS00146,0,0.00019110433640889823
CS00147,0,0.9895108342170715
CS00148,0,0.9702399373054504
CS00149,0,0.005220125894993544
CS00150,0,0.00011959858238697052
CS00151,0,0.00015356238873209804
CS00152,0,0.06325052678585052
CS00153,0,0.0007321813027374446
CS00154,0,0.00012731103925034404
CS00155,0,0.00010889690020121634
CS00156,0,0.00012731103925034404
CS00157,0,0.00025714197545312345
CS00158,0,0.00036259001353755593
CS00159,0,0.008577484637498856
CS00160,0,0.0011695101857185364
CS00161,0,0.00024536947603337467
CS00162,0,0.0002131875662598759
CS00163,0,6.402006692951545e-05
CS00164,0,0.982557475566864
CS00165,1,0.0012448432389646769
CS00166,0,0.0005193048273213208
CS00167,0,0.002115703420713544
CS00168,0,0.982557475566864
CS00169,0,0.0044683837331831455
CS00170,0,0.00016346470511052758
CS00171,0,0.00023782206699252129
CS00172,0,0.0002234163403045386
CS00173,0,0.0033244371879845858
CS00174,0,8.220189192797989e-05
CS00175,0,8.220189192797989e-05
CS00176,0,0.021287353709340096
CS00177,1,0.0018969199154525995
CS00178,0,0.0011335690505802631
CS00179,0,0.0002098830882459879
CS00180,0,0.00036829791497439146
CS00181,1,0.00018522574100643396
CS00182,1,0.001151399570517242
CS00183,1,0.0016743993619456887
CS00184,0,8.750300185056403e-05
CS00185,0,0.00011591933434829116
CS00186,0,0.007345826830714941
CS00187,0,0.00024536947603337467
CS00188,1,0.9997428059577942
CS00189,0,0.00013552079326473176
CS00190,0,0.0011879054363816977
CS00191,1,0.003273064736276865
CS00192,0,0.0002131875662598759
CS00193,0,0.00023050671734381467
CS00194,1,0.9929881691932678
CS00195,0,0.00016603847325313836
CS00196,0,0.0004512106243055314
CS00197,0,0.00029595711384899914
CS00198,1,0.0016743993619456887
CS00199,0,0.0007437028689309955
CS00200,0,5.3075080359121785e-05
CS00201,1,0.9948603510856628
CS00202,0,0.9986541271209717
CS00203,0,0.0002131875662598759
CS00204,0,4.985958366887644e-05
CS00205,0,0.0008040859247557819
CS00206,0,0.00037998449988663197
CS00207,0,0.0005792917218059301
CS00208,0,0.00039821307291276753
CS00209,0,0.00025714197545312345
CS00210,0,0.0003459916333667934
CS00211,0,0.0005112579092383385
CS00212,0,7.722191367065534e-05
CS00213,0,0.0001795279822545126
CS00214,0,0.0204885546118021
CS00215,1,0.9997730851173401
CS00216,0,0.001622966956347227
CS00217,1,0.9977127313613892
CS00218,0,0.0006263342220336199
CS00219,0,0.0002694791473913938
CS00220,0,0.00011235327110625803
CS00221,0,0.00036829791497439146
CS00222,0,0.0015011822106316686
CS00223,0,0.0002868540759664029
CS00224,0,0.00026530236937105656
CS00225,0,0.00013552079326473176
CS00226,0,0.00024156630388461053
CS00227,0,0.00012339458044152707
CS00228,1,0.9999125003814697
CS00229,0,0.0008295892039313912
CS00230,0,0.0012065897462889552
CS00231,0,0.0003250358859077096
CS00232,0,7.967301644384861e-05
CS00233,0,0.2685575783252716
CS00234,0,0.00017674513219390064
CS00235,0,0.00025714197545312345
CS00237,0,0.0003859660937450826
CS00238,0,0.00020342698553577065
CS00239,0,0.008985428139567375
CS00240,0,0.00011591933434829116
CS00241,1,0.9996993541717529
CS00242,1,0.9997468590736389
CS00243,0,7.967301644384861e-05
CS00244,0,0.0025909794494509697
CS00245,0,0.0003301527467556298
CS00246,0,6.814871449023485e-05
CS00247,1,0.9996646642684937
CS00248,0,0.00012731103925034404
CS00249,1,0.9986541271209717
CS00250,0,0.00015843621804378927
CS00251,0,0.0005274784634821117
CS00252,0,0.0010162439430132508
CS00253,0,0.0005274784634821117
CS00254,0,0.0004442183708306402
CS00255,0,0.00016346470511052758
CS00256,0,0.00045831294846720994
CS00257,0,0.0020507436711341143
CS00258,0,0.00024536947603337467
CS00259,0,0.00029137005913071334
CS00260,0,0.0002531563804950565
CS00261,1,0.9998644590377808
CS00262,0,0.00047285447362810373
CS00263,0,0.00020342698553577065
CS00264,1,0.28537192940711975
CS00265,0,0.00035697061684913933
CS00266,0,0.0006361912819556892
CS00267,0,0.0006667023408226669
CS00268,0,0.9734434485435486
CS00269,0,0.0002694791473913938
CS00270,1,0.998498797416687
CS00271,0,0.00010889690020121634
CS00272,0,0.0001398220774717629
CS00273,0,0.00020342698553577065
CS00274,0,0.00013552079326473176
CS00275,0,0.019568677991628647
CS00276,1,0.009268013760447502
CS00277,0,6.014151585986838e-05
CS00278,0,0.00012731103925034404
CS00279,0,0.00023050671734381467
CS00280,0,0.00014883847325108945
CS00281,0,0.00023050671734381467
CS00282,0,0.00036259001353755593
CS00283,0,6.605214002775028e-05
CS00284,0,0.001573112327605486
CS00285,0,0.00018522574100643396
CS00286,0,0.00012731103925034404
CS00287,1,0.999841570854187
CS00288,0,0.003429603762924671
CS00289,1,0.9895108342170715
CS00290,0,0.002115703420713544
CS00291,0,0.0006263342220336199
CS00292,0,0.00014425987319555134
CS00293,0,0.0019267345778644085
CS00294,0,0.7045668363571167
CS00295,0,0.0002531563804950565
CS00296,0,0.016914913430809975
CS00297,0,0.00030061634606681764
CS00298,1,0.9961755275726318
CS00299,0,0.00025714197545312345
CS00300,0,0.00010229986219201237
CS00301,0,0.002082970691844821
CS00302,0,0.0013250223128125072
CS00303,0,0.9997085928916931
CS00304,0,0.00010554686014074832
CS00305,0,0.002217013156041503
CS00306,0,0.0001713081874186173
CS00307,0,0.00035697061684913933
CS00308,0,0.00014883847325108945
CS00309,1,0.5672175884246826
CS00310,0,0.0013885231455788016
CS00311,0,0.00307536986656487
CS00312,0,0.0003199982747901231
CS00313,1,0.999841570854187
CS00314,0,0.00021654405281879008
CS00315,0,0.00012339458044152707
CS00316,0,0.0002824080584105104
CS00317,0,5.3075080359121785e-05
CS00318,0,0.00014883847325108945
CS00319,0,0.5573635101318359
CS00320,0,0.0006986756343394518
CS00321,0,0.00019110433640889823
CS00322,0,8.220189192797989e-05
CS00323,0,0.0008295892039313912
CS00324,0,0.9983769655227661
CS00325,0,0.00172745855525136
CS00326,0,0.00017400544311385602
CS00327,0,0.0001398220774717629
CS00328,0,0.00026530236937105656
CS00329,0,0.0001795279822545126
CS00330,0,0.0002234163403045386
CS00331,0,0.9600626826286316
CS00332,1,0.9998910427093506
CS00333,0,0.012431650422513485
CS00334,0,0.0003514382697176188
CS00335,0,0.0001795279822545126
CS00336,0,0.0026730059180408716
CS00337,1,0.9996485710144043
CS00338,0,0.034618839621543884
CS00339,0,0.00023782206699252129
CS00340,0,0.21700546145439148
CS00341,0,0.00012731103925034404
CS00343,0,0.00015356238873209804
CS00344,0,0.0010322310263291001
CS00345,0,5.829126530443318e-05
CS00346,0,0.00012339458044152707
CS00347,0,0.00040448151412419975
CS00348,1,0.9970190525054932
CS00349,0,0.002287227427586913
CS00350,0,0.0002611903182696551
CS00351,0,9.314593626186252e-05
CS00352,0,0.0002780309587251395
CS00353,0,0.00015843621804378927
CS00354,0,0.0014550628839060664
CS00355,1,0.011508149094879627
CS00356,1,0.0003406293399166316
CS00357,0,8.220189192797989e-05
CS00358,0,0.00030061634606681764
CS00359,0,0.00020342698553577065
CS00360,0,0.0004655269149225205
CS00361,0,0.00029137005913071334
CS00362,0,0.0007437028689309955
CS00363,0,0.09807932376861572
CS00364,0,0.03541072830557823
CS00365,0,0.002714985515922308
CS00366,0,0.00024156630388461053
CS00367,0,0.9927672147750854
CS00368,0,0.00033535013790242374
CS00369,0,0.00016346470511052758
CS00370,0,0.0006771942134946585
CS00371,0,0.0002098830882459879
CS00372,0,0.0005193048273213208
CS00373,0,0.00247262348420918
CS00374,1,0.0007437028689309955
CS00375,0,0.002287227427586913
CS00376,0,0.00039821307291276753
CS00377,1,0.999868631362915
CS00378,0,7.254361116793007e-05
CS00379,0,0.00037998449988663197
CS00380,0,0.00033535013790242374
CS00381,0,0.0001795279822545126
CS00382,0,0.00045831294846720994
CS00383,0,0.9934101700782776
CS00384,0,0.00024156630388461053
CS00385,1,0.9953181147575378
CS00386,0,7.722191367065534e-05
CS00387,1,0.9994022846221924
CS00388,1,0.9998804330825806
CS00389,0,0.00019716944370884448
CS00390,1,0.022457053884863853
CS00391,0,0.0005614787223748863
CS00392,0,0.0006878511630930007
CS00393,0,0.004982269834727049
CS00394,1,0.00031503866193816066
CS00395,0,9.314593626186252e-05
CS00396,0,0.00014425987319555134
CS00397,0,0.0012644219677895308
CS00398,0,0.0004655269149225205
CS00399,0,8.220189192797989e-05
CS00400,0,0.0002234163403045386
CS00401,0,0.8745065331459045
CS00402,0,0.0002531563804950565
CS00403,1,0.9996540546417236
CS00404,0,0.0002824080584105104
CS00405,0,4.832564081880264e-05
CS00406,0,0.00020342698553577065
CS00407,1,0.9998028874397278
CS00408,0,5.6497930927434936e-05
CS00409,1,0.9908744096755981
CS00410,1,0.9995827078819275
CS00411,1,0.9998726844787598
CS00412,0,0.00017400544311385602
CS00413,0,0.00019716944370884448
CS00414,0,0.0002694791473913938
CS00415,1,0.00035697061684913933
CS00416,0,0.0009547316585667431
CS00417,0,0.0002234163403045386
CS00418,0,0.0010322310263291001
CS00419,0,0.00010554686014074832
CS00420,0,0.0003301527467556298
CS00421,0,0.00031015597051009536
CS00422,0,0.00021654405281879008
CS00423,1,0.0008830458391457796
CS00424,0,0.00029137005913071334
CS00425,0,0.015663649886846542
CS00426,1,0.013222821988165379
CS00427,1,0.9985674619674683
CS00428,0,0.00013135180051904172
CS00429,0,0.00019716944370884448
CS00430,0,8.220189192797989e-05
CS00431,0,7.031184213701636e-05
CS00432,0,0.00020342698553577065
CS00433,0,0.00040448151412419975
CS00434,1,0.999868631362915
CS00435,1,0.9998601675033569
CS00436,0,0.001151399570517242
CS00437,0,0.0002098830882459879
CS00438,0,4.683888619183563e-05
CS00439,0,0.00013552079326473176
CS00440,0,0.8828325867652893
CS00441,0,0.0002694791473913938
CS00442,1,0.9937100410461426
CS00443,0,6.205048703122884e-05
CS00444,0,0.00013135180051904172
CS00445,0,0.00014425987319555134
CS00446,0,0.0002098830882459879
CS00447,0,0.0007672925130464137
CS00448,0,0.001573112327605486
CS00449,0,0.0002098830882459879
CS00450,0,0.0004955359036102891
CS00451,0,0.0002234163403045386
CS00452,1,0.999713122844696
CS00453,0,0.001081715221516788
CS00454,0,9.314593626186252e-05
CS00455,0,9.028038766700774e-05
CS00456,0,7.484622619813308e-05
CS00457,0,0.00021654405281879008
CS00458,1,0.9994207620620728
CS00459,1,0.9996594190597534
CS00460,1,0.00027372167096473277
CS00461,0,0.00011235327110625803
CS00462,0,0.0003301527467556298
CS00463,0,0.0007554056355729699
CS00464,1,0.9946980476379395
CS00465,0,0.00013552079326473176
CS00466,0,0.004755199886858463
CS00467,0,0.0002492325147613883
CS00468,0,0.0003301527467556298
CS00469,0,0.00040448151412419975
CS00470,0,0.03488088771700859
CS00471,0,0.00012339458044152707
CS00472,0,0.03963883966207504
CS00474,1,0.9996849298477173
CS00475,0,0.001987774157896638
CS00476,0,0.00037998449988663197
CS00477,0,0.03622005507349968
CS00478,0,0.00015598026220686734
CS00479,0,0.4179840087890625
CS00480,0,0.9902915358543396
CS00481,0,5.829126530443318e-05
CS00482,0,0.07668379694223404
CS00483,0,0.00019110433640889823
CS00484,0,0.0014103584690019488
CS00485,1,0.9991704225540161
CS00486,1,0.001151399570517242
CS00487,0,0.00021654405281879008
CS00488,1,0.028007522225379944
CS00489,0,0.0015487611526623368
CS00490,1,0.9993638396263123
CS00491,0,0.0011879054363816977
CS00492,1,0.9981324076652527
CS00493,1,0.9953181147575378
CS00494,0,0.0005792917218059301
CS00495,1,0.9001793265342712
CS00496,0,0.0014550628839060664
CS00497,0,9.610241977497935e-05
CS00498,0,0.00019411317771300673
CS00499,1,0.9994296431541443
CS00500,0,0.00012731103925034404
CS00501,1,0.9990600943565369
CS00503,1,0.9986955523490906
CS00504,0,0.00040448151412419975
CS00505,0,0.11008787900209427
CS00506,1,0.9973269701004028
CS00507,0,0.0006263342220336199
CS00508,0,0.00025714197545312345
CS00510,0,0.0004802972252946347
CS00511,0,0.00014883847325108945
CS00512,0,0.00030061634606681764
CS00513,0,0.0003301527467556298
CS00514,0,0.00023782206699252129
CS00515,0,0.00016346470511052758
CS00516,0,0.00011235327110625803
CS00517,0,0.00015843621804378927
CS00518,0,0.00035697061684913933
CS00519,1,0.00214894930832088
CS00521,0,0.0002780309587251395
CS00522,0,0.0001398220774717629
CS00523,0,0.0005112579092383385
CS00524,0,0.00018522574100643396
CS00525,0,0.0004802972252946347
CS00526,0,0.0004655269149225205
CS00527,0,0.0003250358859077096
CS00528,1,0.0013250223128125072
CS00529,0,0.00011235327110625803
CS00530,0,8.750300185056403e-05
CS00531,0,0.00023050671734381467
CS00532,0,0.0010162439430132508
CS00533,0,0.00019110433640889823
CS00534,1,0.12421300262212753
CS00535,0,0.0005274784634821117
CS00536,0,7.484622619813308e-05
CS00537,0,6.402006692951545e-05
CS00538,0,9.028038766700774e-05
CS00539,1,0.9994022846221924
CS00540,0,0.0006462032906711102
CS00541,1,0.9999008178710938
CS00542,0,0.0002780309587251395
CS00543,0,0.00021654405281879008
CS00544,0,0.00024536947603337467
CS00545,0,0.00010229986219201237
CS00546,0,0.00018522574100643396
CS00547,0,0.00021995336282998323
CS00548,1,0.9999203681945801
CS00549,0,0.997285008430481
CS00550,0,0.00010229986219201237
CS00551,0,0.0002098830882459879
CS00552,0,8.750300185056403e-05
CS00553,0,0.0004108485300093889
CS00554,0,0.0010484692174941301
CS00555,1,0.9998601675033569
CS00556,0,0.9997262358665466
CS00557,1,0.9998726844787598
CS00558,0,0.00013552079326473176
CS00559,0,0.0004305570910219103
CS00560,1,0.999868631362915
CS00561,1,0.9991704225540161
CS00562,0,0.00016346470511052758
CS00563,0,0.00011235327110625803
CS00564,0,0.00912563782185316
CS00565,0,0.08882028609514236
CS00566,1,0.9950946569442749
CS00567,0,0.0002694791473913938
CS00568,1,0.9998644590377808
CS00569,0,0.0007096704212017357
CS00570,0,0.0002868540759664029
CS00571,0,0.00014883847325108945
CS00572,0,0.0002694791473913938
CS00573,0,0.00027372167096473277
CS00574,1,0.9999203681945801
CS00575,1,0.9995121955871582
CS00576,0,0.00045831294846720994
CS00577,1,0.9092645049095154
CS00578,1,0.014615669846534729
CS00579,0,0.014503580518066883
CS00580,1,0.9998148083686829
CS00581,0,9.915272676153108e-05
CS00582,0,0.0006771942134946585
CS00583,0,0.00031503866193816066
CS00584,0,0.0003250358859077096
CS00585,1,0.002287227427586913
CS00586,0,5.3075080359121785e-05
CS00587,0,0.00011959858238697052
CS00588,0,0.00021654405281879008
CS00589,1,0.9996646642684937
CS00590,0,0.0006070755189284682
CS00591,1,0.9982993006706238
CS00592,0,5.829126530443318e-05
CS00593,1,0.9998511075973511
CS00594,0,0.0009850081987679005
CS00595,1,0.9997387528419495
CS00596,0,0.0012644219677895308
CS00597,0,0.00013552079326473176
CS00598,0,0.00040448151412419975
CS00599,0,0.0027576221618801355
CS00600,1,0.0007672925130464137
CS00601,0,0.00010889690020121634
CS00602,0,0.0037072529084980488
CS00603,0,0.00013135180051904172
CS00604,1,0.9941800832748413
CS00605,1,0.999438464641571
CS00606,0,0.0012255674228072166
CS00607,0,0.00012731103925034404
CS00608,0,5.6497930927434936e-05
CS00609,0,0.0005112579092383385
CS00610,1,0.9999125003814697
CS00611,0,6.014151585986838e-05
CS00612,0,0.00020342698553577065
CS00613,0,0.0060975621454417706
CS00614,0,0.00018814207578543574
CS00615,0,0.0008559006382711232
CS00616,0,0.0009547316585667431
CS00617,0,0.0012448432389646769
CS00618,0,0.00037998449988663197
CS00619,0,0.00013552079326473176
CS00620,1,0.0001398220774717629
CS00621,0,0.00023782206699252129
CS00622,0,0.0002780309587251395
CS00623,1,0.9998644590377808
CS00624,0,6.014151585986838e-05
CS00625,0,0.0005357805639505386
CS00626,0,0.00018522574100643396
CS00627,0,0.015663649886846542
CS00628,0,0.00247262348420918
CS00629,0,0.007937993854284286
CS00630,0,0.00016865275392774493
CS00631,0,0.9898303151130676
CS00632,0,0.0025909794494509697
CS00633,1,0.9998910427093506
CS00634,0,0.966156005859375
CS00635,1,0.9999251365661621
CS00636,0,0.0003459916333667934
CS00637,0,0.012821214273571968
CS00638,0,0.0002098830882459879
CS00639,0,0.00018522574100643396
CS00640,0,0.0003514382697176188
CS00641,1,0.9974491000175476
CS00642,0,0.00010229986219201237
CS00643,0,7.484622619813308e-05
CS00644,0,0.00012731103925034404
CS00645,0,0.00016346470511052758
CS00646,0,0.0010322310263291001
CS00647,0,0.0009850081987679005
CS00648,0,0.00027372167096473277
CS00649,1,0.9713473320007324
CS00650,0,0.999045193195343
CS00651,0,0.0002098830882459879
CS00652,1,0.00247262348420918
CS00653,0,0.0010649625910446048
CS00654,1,0.9977127313613892
CS00655,0,0.0007321813027374446
CS00656,1,0.9996373653411865
CS00657,0,0.11757213622331619
CS00658,0,0.0003301527467556298
CS00659,0,0.00019110433640889823
CS00660,1,0.16132023930549622
CS00661,1,0.8656789064407349
CS00662,0,0.00013135180051904172
CS00663,0,0.0008693674462847412
CS00664,0,0.0014325365191325545
CS00665,0,0.0011160143185406923
CS00666,0,0.00020342698553577065
CS00667,0,0.0006667023408226669
CS00668,1,0.6482437252998352
CS00669,0,0.0010484692174941301
CS00670,0,0.0003459916333667934
CS00671,0,0.9902915358543396
CS00672,1,0.9978172779083252
CS00673,0,0.00014883847325108945
CS00674,0,0.00011591933434829116
CS00675,0,0.002115703420713544
CS00676,0,0.0005703156348317862
CS00677,1,0.9998390674591064
CS00678,0,5.3075080359121785e-05
CS00679,1,0.0009850081987679005
CS00680,0,0.00023050671734381467
CS00681,0,0.0003301527467556298
CS00682,0,0.00019716944370884448
CS00683,0,0.00021654405281879008
CS00684,0,0.07807816565036774
CS00685,0,4.539786823443137e-05
CS00686,0,7.722191367065534e-05
CS00687,1,0.999438464641571
CS00688,0,0.00012339458044152707
CS00689,1,0.11879339814186096
CS00690,0,0.0003920417802873999
CS00691,0,0.0001398220774717629
CS00692,0,0.00039821307291276753
CS00693,0,7.031184213701636e-05
CS00694,0,8.220189192797989e-05
CS00695,0,0.01784873940050602
CS00696,0,0.0007793660624884069
CS00697,1,0.999841570854187
CS00699,0,0.00024156630388461053
CS00700,0,8.481104305246845e-05
CS00701,0,0.0002234163403045386
CS00702,0,0.00021654405281879008
CS00703,0,0.00010889690020121634
CS00704,1,0.0010162439430132508
CS00705,1,0.0003199982747901231
CS00706,0,4.400118632474914e-05
CS00707,0,0.00031503866193816066
CS00708,0,0.00010229986219201237
CS00709,1,0.00036829791497439146
CS00710,0,7.031184213701636e-05
CS00711,0,0.00014883847325108945
CS00713,1,0.8572908639907837
CS00714,0,4.985958366887644e-05
CS00715,0,0.00012731103925034404
CS00716,1,0.00019110433640889823
CS00717,0,0.0009399439441040158
CS00718,0,0.00019110433640889823
CS00719,0,0.0002694791473913938
CS00720,0,0.00024536947603337467
CS00721,0,0.0002098830882459879
CS00722,0,0.0006986756343394518
CS00723,0,7.484622619813308e-05
CS00724,0,0.7953404188156128
CS00725,0,7.722191367065534e-05
CS00726,0,0.2841785252094269
CS00727,0,0.02517884038388729
CS00728,0,0.00018522574100643396
CS00729,1,0.7829945087432861
CS00730,1,0.9986541271209717
CS00731,1,0.9998910427093506
CS00732,0,0.00016346470511052758
CS00733,0,0.0002098830882459879
CS00734,0,0.0006070755189284682
CS00735,0,0.0004173157794866711
CS00736,0,0.00018522574100643396
CS00737,1,0.9996485710144043
CS00738,0,0.0003459916333667934
CS00739,0,0.00015356238873209804
CS00740,0,0.00011959858238697052
CS00741,0,0.00020342698553577065
CS00742,1,0.9987550973892212
CS00743,0,0.0002694791473913938
CS00744,0,0.0003514382697176188
CS00745,0,0.003429603762924671
CS00746,1,0.9875683188438416
CS00747,0,0.0010484692174941301
CS00748,1,0.999868631362915
CS00749,0,0.0005193048273213208
CS00750,0,0.9904406070709229
CS00751,0,0.002889581024646759
CS00752,1,0.9955315589904785
CS00753,0,0.00010229986219201237
CS00754,0,0.0003459916333667934
CS00755,0,0.9980121850967407
CS00756,0,0.00011235327110625803
CS00757,0,0.015663649886846542
CS00758,0,0.0011335690505802631
CS00759,0,0.00014425987319555134
CS00760,1,0.00035697061684913933
CS00761,0,0.00011959858238697052
CS00762,0,0.0002234163403045386
CS00763,0,0.0002492325147613883
CS00764,0,0.00036829791497439146
CS00765,0,0.08479540795087814
CS00766,0,0.00023050671734381467
CS00767,0,0.0001398220774717629
CS00768,0,0.0002131875662598759
CS00769,0,7.967301644384861e-05
CS00770,0,7.967301644384861e-05
CS00772,0,7.031184213701636e-05
CS00773,0,0.0005357805639505386
CS00774,0,0.0002234163403045386
CS00775,0,0.0006986756343394518
CS00776,1,0.00033535013790242374
CS00777,1,0.9997040629386902
CS00778,0,0.00014883847325108945
CS00779,0,0.0008040859247557819
CS00780,0,0.0003406293399166316
CS00781,0,0.00012731103925034404
CS00782,0,7.254361116793007e-05
CS00783,0,0.00012731103925034404
CS00784,0,0.0004802972252946347
CS00785,1,0.16858302056789398
CS00786,1,0.9998726844787598
CS00787,1,0.9983256459236145
CS00788,0,0.00024156630388461053
CS00789,0,9.314593626186252e-05
CS00790,0,0.00019716944370884448
CS00791,0,8.220189192797989e-05
CS00792,0,7.484622619813308e-05
CS00793,0,0.0010649625910446048
CS00794,1,0.0006166296661831439
CS00795,0,0.00021654405281879008
CS00796,0,0.0002234163403045386
CS00797,0,0.00016346470511052758
CS00798,1,0.9997965693473816
CS00799,1,0.9988304972648621
CS00800,0,0.0384661890566349
CS00801,1,0.9999125003814697
CS00802,0,0.00016865275392774493
CS00803,0,5.144221358932555e-05
CS00804,0,0.00014883847325108945
CS00805,0,7.254361116793007e-05
CS00806,0,0.00011591933434829116
CS00807,0,0.00025714197545312345
CS00808,0,0.0006263342220336199
CS00809,0,0.00011959858238697052
CS00810,0,6.402006692951545e-05
CS00811,0,0.6838418841362
CS00812,1,0.0006771942134946585
CS00813,0,0.0006070755189284682
CS00814,0,0.00010554686014074832
CS00815,0,7.484622619813308e-05
CS00816,0,0.00023050671734381467
CS00817,0,6.605214002775028e-05
CS00818,1,0.9994207620620728
CS00819,1,0.9974491000175476
CS00820,0,0.00912563782185316
CS00821,1,0.0026730059180408716
CS00822,1,0.00031503866193816066
CS00823,0,6.814871449023485e-05
CS00824,0,0.00011235327110625803
CS00825,0,0.0001795279822545126
CS00826,0,0.00040448151412419975
CS00827,0,0.00013135180051904172
CS00828,0,0.0002824080584105104
CS00829,0,0.00019110433640889823
CS00830,0,0.00021654405281879008
CS00831,0,0.7859664559364319
CS00832,0,5.144221358932555e-05
CS00833,0,0.0006070755189284682
CS00834,0,0.0001795279822545126
CS00835,1,0.9621075391769409
CS00836,0,0.0002492325147613883
CS00837,0,8.481104305246845e-05
CS00838,0,7.484622619813308e-05
CS00839,0,0.00023782206699252129
CS00840,0,0.0003301527467556298
CS00841,0,0.0006878511630930007
CS00842,0,0.0008830458391457796
CS00843,0,0.00026530236937105656
CS00844,0,0.0002492325147613883
CS00845,1,0.9994115829467773
CS00846,0,8.750300185056403e-05
CS00847,0,0.0003859660937450826
CS00848,0,7.722191367065534e-05
CS00849,1,0.9999227523803711
CS00850,0,5.475977013702504e-05
CS00851,0,0.00017400544311385602
CS00852,0,0.00016346470511052758
CS00853,0,0.0002234163403045386
CS00854,0,0.00018522574100643396
CS00855,0,0.0009850081987679005
CS00856,0,7.254361116793007e-05
CS00857,0,0.002217013156041503
CS00858,0,0.0004802972252946347
CS00859,0,0.000552778597921133
CS00860,0,0.00011959858238697052
CS00861,0,0.0019267345778644085
CS00862,0,9.610241977497935e-05
CS00863,0,0.9989995360374451
CS00864,0,0.00012339458044152707
CS00865,0,0.0013885231455788016
CS00866,0,0.0002098830882459879
CS00867,1,0.9998511075973511
CS00868,0,0.00020342698553577065
CS00869,0,0.0004173157794866711
CS00870,0,0.0002868540759664029
CS00871,0,0.00010889690020121634
CS00872,0,0.00030061634606681764
CS00873,0,0.00036829791497439146
CS00874,0,0.0007437028689309955
CS00875,1,0.0013885231455788016
CS00876,0,0.00010554686014074832
CS00877,0,0.00019716944370884448
CS00878,0,0.00020662981842178851
CS00879,0,0.9947799444198608
CS00880,0,0.0004955359036102891
CS00881,0,0.0004108485300093889
CS00882,0,0.0002611903182696551
CS00883,0,0.011961097829043865
CS00884,1,0.9998028874397278
CS00885,0,0.00027372167096473277
CS00886,1,0.000816738058347255
CS00887,0,0.019271135330200195
CS00888,0,9.314593626186252e-05
CS00889,1,0.9994022846221924
CS00890,0,0.00014883847325108945
CS00891,0,0.0006070755189284682
CS00892,0,0.00019716944370884448
CS00893,1,0.005060331895947456
CS00894,0,0.00307536986656487
CS00895,1,0.9998365640640259
CS00896,0,8.750300185056403e-05
CS00897,0,0.0013885231455788016
CS00898,0,0.0002868540759664029
CS00899,0,0.0005614787223748863
CS00900,1,0.998245358467102
CS00901,0,0.00018522574100643396
CS00902,0,0.00307536986656487
CS00903,0,0.00023413580493070185
CS00904,0,0.0002098830882459879
CS00905,0,0.0003920417802873999
CS00906,0,0.0002131875662598759
CS00907,0,0.00030534894904121757
CS00908,0,0.00016865275392774493
CS00909,0,0.00013135180051904172
CS00910,0,0.00011591933434829116
CS00911,1,0.0009399439441040158
CS00912,1,0.02498779445886612
CS00913,0,0.0005614787223748863
CS00914,0,5.6497930927434936e-05
CS00915,0,0.00013135180051904172
CS00916,0,0.001524786464869976
CS00917,0,0.0004442183708306402
CS00918,0,0.00023050671734381467
CS00919,0,0.00023050671734381467
CS00920,0,0.002217013156041503
CS00921,0,0.0005792917218059301
CS00922,0,0.00039821307291276753
CS00923,1,0.999783456325531
CS00924,0,0.00020342698553577065
CS00925,1,0.0005033356137573719
CS00926,0,0.00015843621804378927
CS00927,0,0.0006878511630930007
CS00928,0,0.0009399439441040158
CS00929,0,5.829126530443318e-05
CS00930,0,0.00010229986219201237
CS00931,0,0.00019716944370884448
CS00932,0,0.0015978454612195492
CS00933,0,8.750300185056403e-05
CS00934,0,0.06512755155563354
CS00935,0,0.00010554686014074832
CS00936,0,0.00035697061684913933
CS00937,0,0.00042388474685139954
CS00938,1,0.06097518280148506
CS00939,0,8.750300185056403e-05
CS00940,0,0.000816738058347255
CS00941,0,0.999783456325531
CS00942,0,0.0010162439430132508
CS00943,1,0.9963500499725342
CS00944,0,0.8848377466201782
CS00945,1,0.9946150183677673
CS00946,0,0.029986506327986717
CS00947,0,0.0026730059180408716
CS00948,1,0.9998910427093506
CS00949,1,0.9998944997787476
CS00950,0,6.205048703122884e-05
CS00951,1,0.9995044469833374
CS00952,0,0.0008830458391457796
CS00953,0,0.00024536947603337467
CS00954,1,0.018546564504504204
CS00955,0,0.0015978454612195492
CS00956,0,0.00016865275392774493
CS00957,0,8.220189192797989e-05
CS00958,0,0.00011959858238697052
CS00959,0,9.915272676153108e-05
CS00960,0,0.00015843621804378927
CS00961,0,7.484622619813308e-05
CS00962,0,0.0007672925130464137
CS00963,1,0.0008559006382711232
CS00964,0,0.00010554686014074832
CS00965,0,0.0005357805639505386
CS00966,0,0.0020190139766782522
CS00967,0,0.0002868540759664029
CS00968,0,0.00019110433640889823
CS00969,0,0.00020027377468068153
CS00971,0,0.0005976693355478346
CS00972,1,0.9957352876663208
CS00973,0,0.0001795279822545126
CS00974,0,0.0016743993619456887
CS00975,0,0.00013552079326473176
CS00976,1,0.0012065897462889552
CS00977,1,0.9994207620620728
CS00978,0,0.00013552079326473176
CS00979,0,0.00010229986219201237
CS00980,0,6.402006692951545e-05
CS00981,0,0.0013250223128125072
CS00982,1,0.9998726844787598
CS00983,0,0.0005193048273213208
CS00984,0,8.220189192797989e-05
CS00985,1,0.9997387528419495
CS00986,1,0.9888418912887573
CS00987,0,0.0002694791473913938
CS00988,0,0.00029595711384899914
CS00989,0,0.0004802972252946347
CS00990,0,0.00019110433640889823
CS00991,0,0.6731916666030884
CS00992,0,0.00016346470511052758
CS00993,0,0.053403329104185104
CS00994,0,0.00023050671734381467
CS00995,0,0.0014779430348426104
CS00996,0,0.00016865275392774493
CS00997,1,0.9996849298477173
CS00998,0,0.0008426423300988972
CS00999,0,0.00020342698553577065
CS01000,0,0.0002780309587251395
CS01001,0,0.00023782206699252129
CS01002,0,0.00030534894904121757
CS01003,0,0.00013135180051904172
CS01004,0,0.0012255674228072166
CS01005,0,0.0009110512328334153
CS01006,0,0.00014425987319555134
CS01007,0,0.5668579339981079
CS01008,0,0.0004955359036102891
CS01009,0,0.00015843621804378927
CS01010,0,0.00036259001353755593
CS01011,1,0.23651622235774994
CS01012,0,0.0002611903182696551
CS01013,1,0.0012448432389646769
CS01014,0,0.0002824080584105104
CS01015,0,6.402006692951545e-05
CS01016,1,0.8494724035263062
CS01017,1,0.9998785257339478
CS01018,1,0.999931812286377
CS01019,0,0.00025714197545312345
CS01020,0,0.00023782206699252129
CS01021,1,0.9993435740470886
CS01022,1,0.9989182949066162
CS01023,0,0.07640768587589264
CS01024,0,0.00010229986219201237
CS01025,0,0.00030061634606681764
CS01026,0,0.0004655269149225205
CS01027,0,0.9775429368019104
CS01028,1,0.9996140599250793
CS01029,0,0.00011959858238697052
CS01030,0,0.0002611903182696551
CS01031,0,0.0001398220774717629
CS01032,0,0.0001795279822545126
CS01033,0,0.0018102109897881746
CS01034,0,0.00015843621804378927
CS01035,1,0.0044683837331831455
CS01036,0,0.00010889690020121634
CS01037,0,0.0004305570910219103
CS01038,1,0.9996898174285889
CS01039,0,0.0002492325147613883
CS01040,0,7.967301644384861e-05
CS01041,1,0.9997933506965637
CS01042,0,0.0010005044750869274
CS01043,1,0.9986749291419983
CS01044,0,0.0001398220774717629
CS01045,1,0.0018969199154525995
CS01046,1,0.99935382604599
CS01047,0,0.00014883847325108945
CS01048,0,0.0004173157794866711
CS01049,0,0.0003199982747901231
CS01050,0,6.814871449023485e-05
CS01051,0,0.00016865275392774493
CS01052,0,8.481104305246845e-05
CS01053,1,0.9947799444198608
CS01054,0,0.006797531619668007
CS01056,0,0.00019110433640889823
CS01057,0,0.001304506789892912
CS01058,0,0.0002492325147613883
CS01059,0,0.9916841983795166
CS01060,0,9.610241977497935e-05
CS01061,1,0.9029524326324463
CS01062,0,0.00019716944370884448
CS01063,0,0.00020342698553577065
CS01064,0,0.0003199982747901231
CS01065,0,0.00010554686014074832
CS01066,0,0.00024536947603337467
CS01067,0,9.915272676153108e-05
CS01068,0,0.0004802972252946347
CS01069,0,0.9997387528419495
CS01070,0,0.011961097829043865
CS01071,1,0.9998511075973511
CS01072,0,0.0023596605751663446
CS01073,0,0.0002098830882459879
CS01074,0,0.0004442183708306402
CS01075,0,0.0002098830882459879
CS01076,0,0.00024536947603337467
CS01077,0,6.814871449023485e-05
CS01078,0,0.0020190139766782522
CS01079,0,0.00019110433640889823
CS01080,0,0.00011235327110625803
CS01081,1,0.18476751446723938
CS01082,0,0.00020342698553577065
CS01083,0,0.00045831294846720994
CS01084,1,0.9999359846115112
CS01085,0,0.00017674513219390064
CS01086,0,0.0004108485300093889
CS01087,0,0.00024536947603337467
CS01088,0,0.002182716503739357
CS01089,1,0.9966233968734741
CS01090,0,0.11279541254043579
CS01091,0,0.0013885231455788016
CS01092,0,0.00010229986219201237
CS01093,0,0.00010554686014074832
CS01094,0,0.00020662981842178851
CS01095,1,0.9993833303451538
CS01096,0,0.00024156630388461053
CS01097,0,0.9965165853500366
CS01098,1,0.8221890926361084
CS01099,0,0.00012731103925034404
CS01100,0,0.0020190139766782522
CS01101,1,0.9994557499885559
CS01102,0,0.0002492325147613883
CS01103,1,0.9994022846221924
CS01104,0,0.00017400544311385602
CS01105,0,0.0004655269149225205
CS01106,1,0.053403329104185104
CS01107,1,0.008985428139567375
CS01108,0,0.0005703156348317862
CS01109,0,0.00025714197545312345
CS01110,0,0.0001398220774717629
CS01111,1,0.0003406293399166316
CS01112,0,0.0008040859247557819
CS01113,0,0.0002531563804950565
CS01114,0,0.0002098830882459879
CS01115,0,0.0005193048273213208
CS01116,1,0.3015677034854889
CS01117,0,0.00036259001353755593
CS01118,1,0.9996429681777954
CS01119,0,0.1561049073934555
CS01120,0,0.00011235327110625803
CS01122,1,0.014728613197803497
CS01123,0,0.00014425987319555134
CS01124,0,7.254361116793007e-05
CS01125,0,0.0012065897462889552
CS01126,0,0.0002098830882459879
CS01127,0,9.314593626186252e-05
CS01128,0,0.00017400544311385602
CS01129,1,0.03488088771700859
CS01130,1,0.04208773002028465
CS01131,0,0.9969722032546997
CS01132,0,0.00019716944370884448
CS01133,0,0.0017546144081279635
CS01134,0,0.00014883847325108945
CS01135,0,0.00014425987319555134
CS01136,0,0.025371313095092773
CS01137,0,0.0014103584690019488
CS01138,0,0.00011591933434829116
CS01139,0,0.00020027377468068153
CS01140,0,0.00016865275392774493
CS01141,1,0.9988120794296265
CS01142,0,0.0002611903182696551
CS01143,0,0.0005357805639505386
CS01144,1,0.999841570854187
CS01145,0,0.999208390712738
CS01146,0,0.00023782206699252129
CS01147,0,0.00031015597051009536
CS01148,0,8.220189192797989e-05
CS01149,0,0.0007793660624884069
CS01150,0,0.9998766183853149
CS01151,0,0.00019110433640889823
CS01152,1,0.5333822965621948
CS01153,0,0.001524786464869976
CS01154,1,0.9998511075973511
CS01155,0,0.0028449094388633966
CS01156,0,0.00023782206699252129
CS01157,0,9.610241977497935e-05
CS01158,0,8.750300185056403e-05
CS01159,0,0.00039821307291276753
CS01160,1,0.99991774559021
CS01161,0,0.00022693387290928513
CS01162,1,9.028038766700774e-05
CS01163,0,0.00011959858238697052
CS01164,0,0.0004955359036102891
CS01165,0,0.00014883847325108945
CS01166,0,0.00010229986219201237
CS01167,1,0.011331753805279732
CS01168,0,9.314593626186252e-05
CS01169,1,0.0031726828310638666
CS01170,0,9.028038766700774e-05
CS01171,0,0.00022693387290928513
CS01172,0,0.0005274784634821117
CS01173,0,0.0007321813027374446
CS01174,0,0.0004802972252946347
CS01175,1,0.9998205304145813
CS01176,0,0.001304506789892912
CS01177,0,0.00018522574100643396
CS01178,0,0.000656372809316963
CS01179,1,0.9996849298477173
CS01180,0,5.144221358932555e-05
CS01181,1,0.9998579025268555
CS01182,0,0.00016865275392774493
CS01183,0,0.00019110433640889823
CS01184,0,0.0010005044750869274
CS01185,0,0.00023050671734381467
CS01186,0,0.00030061634606681764
CS01187,0,5.6497930927434936e-05
CS01188,0,0.00024536947603337467
CS01189,1,0.9998286962509155
CS01190,0,7.967301644384861e-05
CS01191,0,0.00045831294846720994
CS01192,0,0.0002694791473913938
CS01193,0,0.00026530236937105656
CS01194,0,0.00037409563083201647
CS01195,1,0.9991958737373352
CS01196,0,0.000816738058347255
CS01197,0,0.0009850081987679005
CS01198,0,0.0005442132824100554
CS01199,0,0.00011591933434829116
CS01200,0,5.6497930927434936e-05
CS01201,0,0.00016093082376755774
CS01202,0,0.00024156630388461053
CS01203,0,0.00017674513219390064
CS01204,0,0.0008969393675215542
CS01205,1,0.0018675660248845816
CS01206,0,0.00023782206699252129
CS01207,0,5.3075080359121785e-05
CS01208,0,6.205048703122884e-05
CS01209,1,0.0008295892039313912
CS01210,0,4.832564081880264e-05
CS01211,0,0.0004373344127088785
CS01212,1,0.9757624268531799
CS01213,0,0.00019110433640889823
CS01214,1,0.9997695088386536
CS01215,1,0.9966233968734741
CS01216,0,0.02595735527575016
CS01217,0,0.9965165853500366
CS01218,0,6.605214002775028e-05
CS01219,0,0.0005703156348317862
CS01220,0,0.0002234163403045386
CS01221,0,0.07978201657533646
CS01222,0,0.00031015597051009536
CS01223,0,0.00247262348420918
CS01224,0,0.9811668992042542
CS01225,0,0.00039821307291276753
CS01226,0,0.0004108485300093889
CS01227,0,0.00016346470511052758
CS01228,1,0.9952448010444641
CS01229,0,0.17638766765594482
CS01230,1,0.5712883472442627
CS01231,0,0.002217013156041503
CS01232,0,0.00020342698553577065
CS01233,0,0.01542455144226551
CS01234,0,0.0012644219677895308
CS01235,0,0.0002611903182696551
CS01236,0,0.0004802972252946347
CS01237,0,0.0003406293399166316
CS01238,1,0.9998058676719666
CS01239,0,5.829126530443318e-05
CS01240,0,0.00020342698553577065
CS01241,0,0.0008295892039313912
CS01242,0,0.00021654405281879008
CS01243,0,0.00015356238873209804
CS01244,0,0.00031015597051009536
CS01245,0,0.0002694791473913938
CS01246,0,0.053403329104185104
CS01247,0,0.0002780309587251395
CS01248,0,0.0002780309587251395
CS01249,1,0.9999125003814697
CS01250,0,6.605214002775028e-05
CS01251,0,0.0006462032906711102
CS01252,0,0.00016346470511052758
CS01253,0,0.00036829791497439146
CS01254,0,0.00029595711384899914
CS01255,0,0.0004512106243055314
CS01256,0,0.0006462032906711102
CS01257,0,0.00025714197545312345
CS01258,0,0.00014425987319555134
CS01259,0,0.0008559006382711232
CS01260,0,0.00030061634606681764
CS01261,0,0.00019110433640889823
CS01262,0,8.220189192797989e-05
CS01263,0,0.001081715221516788
CS01264,0,0.00011959858238697052
CS01265,0,0.9981030225753784
CS01266,0,0.08210662752389908
CS01267,0,0.00021654405281879008
CS01268,1,0.9929881691932678
CS01269,0,0.0001398220774717629
CS01270,0,9.610241977497935e-05
CS01271,1,0.9998464584350586
CS01272,1,0.9973269701004028
CS01273,1,0.9998313188552856
CS01274,1,0.9989012479782104
CS01275,1,0.00023782206699252129
CS01276,0,0.00017674513219390064
CS01277,0,0.00018522574100643396
CS01278,0,8.750300185056403e-05
CS01279,0,0.00030061634606681764
CS01280,0,0.0032224843744188547
CS01281,1,0.9998726844787598
CS01282,0,0.00031015597051009536
CS01283,0,0.0005274784634821117
CS01284,0,0.00020342698553577065
CS01285,0,8.481104305246845e-05
CS01286,0,0.33895182609558105
CS01287,0,9.610241977497935e-05
CS01288,0,0.0002098830882459879
CS01289,1,0.9996849298477173
CS01290,1,0.9600626826286316
CS01291,0,0.9976769089698792
CS01292,0,0.00012731103925034404
CS01293,0,0.9882221817970276
CS01294,0,0.00023050671734381467
CS01295,0,0.00047285447362810373
CS01296,0,0.00016865275392774493
CS01297,0,0.0001795279822545126
CS01298,0,0.001081715221516788
CS01299,0,0.00020342698553577065
CS01300,0,0.0012065897462889552
CS01301,0,0.000816738058347255
CS01302,1,0.9998601675033569
CS01303,0,0.40615513920783997
CS01304,1,0.9658995866775513
CS01305,1,0.47437626123428345
CS01306,0,5.829126530443318e-05
CS01307,1,0.9999097585678101
CS01308,0,0.00010554686014074832
CS01309,0,0.00016346470511052758
CS01310,0,0.00017400544311385602
CS01311,0,0.0007916296599432826
CS01312,0,0.0037072529084980488
CS01313,0,0.00018522574100643396
CS01314,1,0.9985895752906799
CS01315,0,0.0008040859247557819
CS01316,0,0.9324532747268677
CS01317,1,0.9998260140419006
CS01318,0,0.0005112579092383385
CS01319,0,0.0002694791473913938
CS01320,0,0.3100672960281372
CS01321,1,0.9998977184295654
CS01322,1,0.9981897473335266
CS01323,0,0.00019716944370884448
CS01324,0,0.00012931562378071249
CS01325,0,0.00025714197545312345
CS01326,0,5.3075080359121785e-05
CS01327,0,0.00036259001353755593
CS01328,0,0.00020342698553577065
CS01329,0,0.0004955359036102891
CS01330,0,0.00013135180051904172
CS01331,0,0.9950177073478699
CS01332,1,0.9998766183853149
CS01333,1,0.8864204287528992
CS01334,1,0.9994887113571167
CS01335,0,0.826151430606842
CS01336,1,0.9334307909011841
CS01337,0,0.0007208380266092718
CS01339,0,0.0042646341025829315
CS01340,0,0.0007916296599432826
CS01341,0,0.0026316740550100803
CS01342,0,0.003429603762924671
CS01343,1,0.8255897164344788
CS01344,0,0.0003250358859077096
CS01345,0,0.00011235327110625803
CS01346,0,0.00010229986219201237
CS01347,0,0.0001795279822545126
CS01348,0,0.00020027377468068153
CS01349,0,6.402006692951545e-05
CS01350,0,0.00011235327110625803
CS01351,1,0.977022647857666
CS01352,0,0.00024536947603337467
CS01353,0,0.0009110512328334153
CS01354,0,5.829126530443318e-05
CS01355,0,0.00011235327110625803
CS01356,0,0.9993928670883179
CS01357,0,0.46301934123039246
CS01358,0,0.00014425987319555134
CS01359,0,7.722191367065534e-05
CS01360,0,0.00010229986219201237
CS01361,1,0.0031236486975103617
CS01362,0,0.0004373344127088785
CS01363,0,0.00012339458044152707
CS01364,0,0.0002531563804950565
CS01365,1,0.1772405207157135
CS01366,0,6.814871449023485e-05
CS01367,0,0.0007793660624884069
CS01368,0,0.00016865275392774493
CS01369,1,0.9996947050094604
CS01370,0,0.0001795279822545126
CS01371,1,0.8615382313728333
CS01372,0,0.9875683188438416
CS01373,1,0.9842154383659363
CS01374,0,0.0011695101857185364
CS01375,0,0.00012731103925034404
CS01376,0,0.00010554686014074832
CS01377,0,0.00020342698553577065
CS01378,0,0.0005193048273213208
CS01379,1,0.0009850081987679005
CS01380,0,0.00029595711384899914
CS01381,0,0.00021654405281879008
CS01382,0,0.00010229986219201237
CS01383,0,0.00015843621804378927
CS01384,0,0.9926542043685913
CS01385,0,0.00030061634606681764
CS01386,0,0.00023782206699252129
CS01387,0,0.014728613197803497
CS01388,1,0.999595582485199
CS01389,0,9.610241977497935e-05
CS01390,0,0.00040448151412419975
CS01391,0,0.041152890771627426
CS01392,0,0.0007096704212017357
CS01393,0,0.00010554686014074832
CS01394,0,0.00012339458044152707
CS01395,0,0.00015356238873209804
CS01396,1,0.0015011822106316686
CS01397,0,0.0001795279822545126
CS01398,0,0.01912403665482998
CS01399,0,0.00029137005913071334
CS01400,0,0.00307536986656487
CS01401,0,9.915272676153108e-05
CS01402,0,0.00026530236937105656
CS01403,0,0.0002131875662598759
CS01404,0,0.00036829791497439146
CS01405,1,0.000816738058347255
CS01406,0,9.314593626186252e-05
CS01407,0,0.000656372809316963
CS01408,0,0.00037409563083201647
CS01409,0,0.00013552079326473176
CS01410,1,0.9998464584350586
CS01411,1,0.9998058676719666
CS01412,0,0.00045831294846720994
CS01413,0,0.019568677991628647
CS01414,1,0.9998089671134949
CS01415,0,5.3075080359121785e-05
CS01416,0,0.00018522574100643396
CS01417,0,0.0002531563804950565
CS01418,1,0.9991958737373352
CS01419,1,0.9998875856399536
CS01420,0,0.0008040859247557819
CS01421,0,5.829126530443318e-05
CS01422,0,0.0002234163403045386
CS01423,0,0.0004173157794866711
CS01424,0,0.06325052678585052
CS01425,0,0.9956005811691284
CS01426,0,0.00022693387290928513
CS01427,0,0.0010322310263291001
CS01428,0,0.00020342698553577065
CS01429,1,0.9999097585678101
CS01430,1,0.0003859660937450826
CS01431,0,0.00039821307291276753
CS01432,1,0.004007288720458746
CS01433,0,0.0002611903182696551
CS01434,0,0.0007672925130464137
CS01435,0,3.8831109122838825e-05
CS01436,0,0.00030534894904121757
CS01437,0,0.00013135180051904172
CS01438,1,0.002115703420713544
CS01439,0,7.484622619813308e-05
CS01440,0,0.0018969199154525995
CS01441,0,0.00025714197545312345
CS01442,0,0.00015356238873209804
CS01443,0,0.0001398220774717629
CS01444,0,6.014151585986838e-05
CS01445,0,0.0004512106243055314
CS01446,0,0.0002868540759664029
CS01447,0,0.00015356238873209804
CS01448,1,0.9998601675033569
CS01449,0,0.0006263342220336199
CS01450,0,7.254361116793007e-05
CS01451,0,0.00011235327110625803
CS01452,0,0.0007916296599432826
CS01453,0,0.00021654405281879008
CS01454,0,0.0006166296661831439
CS01455,0,0.00016865275392774493
CS01456,0,0.00026530236937105656
CS01457,1,0.03308597952127457
CS01458,1,0.9998058676719666
CS01459,0,0.0003459916333667934
CS01460,1,0.9999125003814697
CS01461,0,0.00013552079326473176
CS01462,0,0.00011235327110625803
CS01463,0,8.481104305246845e-05
CS01464,0,0.9556514620780945
CS01465,0,0.00042388474685139954
CS01466,1,0.9998766183853149
CS01467,0,0.00023782206699252129
CS01468,0,0.00029595711384899914
CS01469,0,0.0002780309587251395
CS01470,0,0.002115703420713544
CS01471,0,0.0002131875662598759
CS01472,0,0.9241418242454529
CS01473,1,0.9975274205207825
CS01474,1,0.9999125003814697
CS01475,0,7.254361116793007e-05
CS01476,0,0.0006878511630930007
CS01478,1,0.9989836812019348
CS01479,0,0.32124701142311096
CS01480,0,0.00011959858238697052
CS01481,0,0.00010889690020121634
CS01482,0,0.05964694544672966
CS01483,0,0.8991213440895081
CS01484,0,0.0038244836032390594
CS01485,0,0.0001795279822545126
CS01486,0,0.00035697061684913933
CS01487,1,0.9987157583236694
CS01488,0,0.0001398220774717629
CS01489,0,0.4664810001850128
CS01490,0,0.001782196224667132
CS01491,0,0.0002234163403045386
CS01492,0,0.00029595711384899914
CS01493,0,0.0005976693355478346
CS01494,0,0.0002234163403045386
CS01495,0,8.220189192797989e-05
CS01496,1,0.9912885427474976
CS01497,1,0.9504110217094421
CS01498,0,0.00012731103925034404
CS01499,0,0.0003301527467556298
CS01500,0,0.00030534894904121757
CS01501,0,0.0012644219677895308
CS01502,1,0.00012731103925034404
CS01503,0,0.0004955359036102891
CS01504,1,0.9995044469833374
CS01505,0,0.00011235327110625803
CS01506,0,0.0003301527467556298
CS01507,0,0.0005976693355478346
CS01508,0,0.272024542093277
CS01509,0,0.9829546809196472
CS01511,0,0.00019716944370884448
CS01512,0,0.00040448151412419975
CS01513,0,5.3075080359121785e-05
CS01514,0,0.06608538329601288
CS01515,0,4.539786823443137e-05
CS01516,0,0.00027372167096473277
CS01517,0,0.992061972618103
CS01518,0,0.0002234163403045386
CS01519,1,0.9901401400566101
CS01520,0,0.00015843621804378927
CS01521,1,0.00018522574100643396
CS01522,1,0.8392075896263123
CS01523,1,0.9996800422668457
CS01524,0,0.0001795279822545126
CS01525,1,0.9895108342170715
CS01526,0,0.00017400544311385602
CS01527,0,0.00011959858238697052
CS01528,0,0.0006878511630930007
CS01529,0,0.00016865275392774493
CS01530,0,0.0005112579092383385
CS01531,0,0.00010889690020121634
CS01532,0,0.0003250358859077096
CS01533,0,0.003429603762924671
CS01534,0,0.005641908850520849
CS01535,0,0.0020507436711341143
CS01536,0,0.0005193048273213208
CS01537,1,0.9618217349052429
CS01538,0,7.967301644384861e-05
CS01539,1,0.9993013143539429
CS01540,0,0.00029595711384899914
CS01541,0,0.00014883847325108945
CS01542,0,6.402006692951545e-05
CS01543,0,8.481104305246845e-05
CS01544,0,0.00011591933434829116
CS01545,0,0.002115703420713544
CS01546,0,9.028038766700774e-05
CS01547,1,0.998793363571167
CS01548,0,0.00030534894904121757
CS01549,0,0.0005112579092383385
CS01550,0,0.0017546144081279635
CS01551,1,0.8615382313728333
CS01552,0,0.0002868540759664029
CS01553,0,0.0002234163403045386
CS01554,0,0.0004173157794866711
CS01555,0,0.00018522574100643396
CS01556,1,0.9996316432952881
CS01557,0,0.0005703156348317862
CS01558,0,0.0007321813027374446
CS01559,1,0.00020027377468068153
CS01560,0,0.0005274784634821117
CS01561,1,0.0012448432389646769
CS01562,0,0.0028449094388633966
CS01563,0,0.0005112579092383385
CS01564,1,0.9998028874397278
CS01565,0,0.0029810331761837006
CS01566,0,0.05877655744552612
CS01567,0,0.00030534894904121757
CS01568,0,0.00011959858238697052
CS01569,0,0.0003920417802873999
CS01570,0,0.001622966956347227
CS01571,0,0.0001398220774717629
CS01572,1,0.9998804330825806
CS01573,0,0.0003514382697176188
CS01574,0,0.00013552079326473176
CS01575,0,0.0003920417802873999
CS01576,0,0.00015356238873209804
CS01577,0,7.484622619813308e-05
CS01578,0,0.00017674513219390064
CS01579,1,0.9998944997787476
CS01580,0,0.00017400544311385602
CS01581,0,0.9867772459983826
CS01582,0,0.0013250223128125072
CS01583,0,0.0001795279822545126
CS01584,0,0.0009399439441040158
CS01585,0,5.144221358932555e-05
CS01586,0,0.00012339458044152707
CS01587,0,0.0005112579092383385
CS01588,0,0.0038244836032390594
CS01589,0,0.0002234163403045386
CS01590,1,0.9511421918869019
CS01591,0,7.031184213701636e-05
CS01592,0,0.00023782206699252129
CS01593,0,0.3832949697971344
CS01594,1,0.9998726844787598
CS01595,0,0.216342493891716
CS01596,0,0.00019110433640889823
CS01597,0,0.0006070755189284682
CS01598,0,0.0005274784634821117
CS01599,1,0.3635338842868805
CS01600,0,0.00035697061684913933
CS01601,0,0.00031503866193816066
CS01602,0,0.00019716944370884448
CS01603,1,0.015543648041784763
CS01604,0,0.00011235327110625803
CS01605,0,0.00010229986219201237
CS01606,0,0.0003250358859077096
CS01607,0,0.00019110433640889823
CS01608,0,0.0007321813027374446
CS01609,0,7.031184213701636e-05
CS01610,0,0.00042388474685139954
CS01611,0,0.00011591933434829116
CS01612,0,0.0003406293399166316
CS01613,0,0.0006462032906711102
CS01614,0,0.005554925184696913
CS01615,1,0.9995344877243042
CS01616,0,0.00019110433640889823
CS01617,0,0.0007554056355729699
CS01618,0,9.314593626186252e-05
CS01619,0,0.0003920417802873999
CS01620,0,9.610241977497935e-05
CS01621,0,0.00039821307291276753
CS01622,1,0.999322772026062
CS01623,1,8.220189192797989e-05
CS01624,1,0.9997262358665466
CS01625,0,0.0002098830882459879
CS01626,1,0.9998176693916321
CS01627,1,0.999868631362915
CS01628,0,0.0002098830882459879
CS01629,0,0.0007793660624884069
CS01630,0,0.0005112579092383385
CS01631,0,0.0031236486975103617
CS01632,0,0.0002531563804950565
CS01633,0,0.00033535013790242374
CS01634,1,0.9994296431541443
CS01635,0,9.915272676153108e-05
CS01636,1,0.9997546076774597
CS01637,0,0.00014425987319555134
CS01638,1,0.9995344877243042
CS01639,0,0.000656372809316963
CS01640,1,0.9929881691932678
CS01641,1,0.0003920417802873999
CS01642,0,0.0017007224960252643
CS01643,0,0.0378924235701561
CS01644,0,0.00010229986219201237
CS01645,0,0.012241275049746037
CS01646,1,0.9998511075973511
CS01647,0,0.00016346470511052758
CS01648,0,6.014151585986838e-05
CS01649,0,0.00023782206699252129
CS01650,0,0.00021654405281879008
CS01651,0,0.001151399570517242
CS01652,0,0.00013552079326473176
CS01653,1,0.9977127313613892
CS01654,0,0.0004305570910219103
CS01655,0,0.00024536947603337467
CS01656,1,0.999868631362915
CS01657,0,0.00024536947603337467
CS01658,1,0.0002824080584105104
CS01659,0,0.024798160418868065
CS01660,0,0.00017400544311385602
CS01661,1,0.17328819632530212
CS01662,0,0.00019716944370884448
CS01663,0,0.00012731103925034404
CS01664,0,0.014957086183130741
CS01665,0,0.00015356238873209804
CS01666,0,0.0002492325147613883
CS01667,1,0.9891815781593323
CS01668,0,0.0006462032906711102
CS01669,0,0.0004878571489825845
CS01670,0,0.0006462032906711102
CS01671,1,0.9997695088386536
CS01672,0,0.005139610730111599
CS01673,0,0.00024536947603337467
CS01674,1,0.0002131875662598759
CS01675,1,0.9998804330825806
CS01676,0,0.00019110433640889823
CS01677,0,0.0015011822106316686
CS01678,0,0.00026530236937105656
CS01679,0,0.001098731067031622
CS01680,0,0.00011591933434829116
CS01681,0,0.00017400544311385602
CS01682,0,0.00019716944370884448
CS01683,0,0.0011335690505802631
CS01684,1,0.005301894620060921
CS01685,0,0.0005274784634821117
CS01686,0,0.9968273043632507
CS01687,0,9.028038766700774e-05
CS01688,1,0.9996316432952881
CS01689,1,0.167763352394104
CS01690,0,0.00031015597051009536
CS01691,0,7.031184213701636e-05
CS01692,0,0.00010554686014074832
CS01693,0,0.00019716944370884448
CS01694,0,0.00037409563083201647
CS01695,1,0.004198795184493065
CS01696,0,0.0001795279822545126
CS01697,0,0.00011959858238697052
CS01698,0,0.00033535013790242374
CS01699,0,0.00015843621804378927
CS01700,0,0.0003301527467556298
CS01701,1,0.014957086183130741
CS01702,0,9.028038766700774e-05
CS01703,0,7.254361116793007e-05
CS01704,0,0.0018386653391644359
CS01705,0,0.0002098830882459879
CS01706,0,0.0003406293399166316
CS01707,0,0.0002694791473913938
CS01708,1,0.9992792010307312
CS01709,0,0.00019716944370884448
CS01710,0,0.0005357805639505386
CS01711,0,0.00029137005913071334
CS01712,0,0.0003250358859077096
CS01713,1,0.9969245791435242
CS01714,0,7.484622619813308e-05
CS01715,0,0.00018522574100643396
CS01716,0,0.0004108485300093889
CS01717,1,0.08093671500682831
CS01718,0,0.00039821307291276753
CS01719,0,0.0006070755189284682
CS01720,0,0.00015843621804378927
CS01721,0,0.00015843621804378927
CS01722,1,0.22337706387043
CS01723,0,0.0002131875662598759
CS01724,0,0.0002098830882459879
CS01725,0,0.0002868540759664029
CS01726,0,5.829126530443318e-05
CS01727,0,0.997368335723877
CS01728,0,0.00022693387290928513
CS01729,0,0.0007321813027374446
CS01730,0,0.00012339458044152707
CS01732,1,0.9991440773010254
CS01733,0,0.0010649625910446048
CS01734,0,0.0002531563804950565
CS01735,0,0.00015843621804378927
CS01736,0,9.915272676153108e-05
CS01737,1,0.9998365640640259
CS01738,1,0.00024536947603337467
CS01739,0,0.00029137005913071334
CS01740,0,0.0002234163403045386
CS01741,0,0.0003920417802873999
CS01742,0,0.0003459916333667934
CS01743,0,0.00033535013790242374
CS01744,0,0.0009110512328334153
CS01745,1,0.9997965693473816
CS01746,0,0.8193157911300659
CS01747,0,0.014728613197803497
CS01748,0,6.814871449023485e-05
CS01749,0,0.0002611903182696551
CS01750,1,0.0060035958886146545
CS01751,0,0.00018522574100643396
CS01752,0,4.832564081880264e-05
CS01753,0,8.481104305246845e-05
CS01754,0,0.9645892381668091
CS01755,0,0.00019110433640889823
CS01756,0,6.402006692951545e-05
CS01757,0,0.00015356238873209804
CS01758,0,0.00013552079326473176
CS01759,0,0.0003459916333667934
CS01760,0,0.0014550628839060664
CS01761,0,8.481104305246845e-05
CS01762,1,0.9998726844787598
CS01763,0,0.0002868540759664029
CS01764,0,9.915272676153108e-05
CS01765,0,0.00015356238873209804
CS01766,0,0.9585376977920532
CS01767,1,0.0004655269149225205
CS01768,0,9.314593626186252e-05
CS01769,0,0.00026530236937105656
CS01770,0,0.0031236486975103617
CS01771,0,0.0009399439441040158
CS01772,0,0.00030061634606681764
CS01773,1,0.9998028874397278
CS01774,0,0.0001713081874186173
CS01775,0,9.610241977497935e-05
CS01776,1,0.9771973490715027
CS01777,0,8.220189192797989e-05
CS01778,0,0.00018522574100643396
CS01779,0,9.028038766700774e-05
CS01780,0,0.00033535013790242374
CS01781,0,0.007937993854284286
CS01782,0,0.0013250223128125072
CS01783,0,0.00482972152531147
CS01784,0,0.00012339458044152707
CS01785,1,0.9877586960792542
CS01786,1,0.999931812286377
CS01787,1,0.9997901320457458
CS01788,1,0.999841570854187
CS01789,0,0.00013552079326473176
CS01790,0,0.0002531563804950565
CS01791,1,0.9998726844787598
CS01792,0,0.00020342698553577065
CS01793,0,0.00031503866193816066
CS01794,0,9.314593626186252e-05
CS01795,1,0.27904197573661804
CS01796,0,0.0002868540759664029
CS01797,0,0.00020342698553577065
CS01798,0,0.00014425987319555134
CS01799,1,0.5834407210350037
CS01800,0,0.00011235327110625803
CS01801,1,0.995866060256958
CS01802,0,0.0008559006382711232
CS01803,1,0.9996429681777954
CS01804,0,0.00010229986219201237
CS01805,0,0.0002824080584105104
CS01806,0,0.0001795279822545126
CS01807,0,0.00014883847325108945
CS01808,1,0.0009697519708424807
CS01809,0,0.00024156630388461053
CS01810,0,0.00019716944370884448
CS01811,1,0.004007288720458746
CS01812,0,0.00023050671734381467
CS01813,0,0.0002694791473913938
CS01814,0,0.0003301527467556298
CS01815,0,0.0011879054363816977
CS01816,1,0.9998766183853149
CS01817,1,0.9977830052375793
CS01818,1,0.9996594190597534
CS01819,0,0.0001823546044761315
CS01820,0,0.00020342698553577065
CS01821,0,0.00039821307291276753
CS01822,1,0.028007522225379944
CS01823,0,4.985958366887644e-05
CS01824,0,0.00020342698553577065
CS01825,0,0.00019110433640889823
CS01826,0,0.9877586960792542
CS01827,0,9.610241977497935e-05
CS01828,1,0.9918121099472046
CS01829,0,0.0009399439441040158
CS01830,0,0.00013135180051904172
CS01831,0,0.00011591933434829116
CS01832,0,0.03488088771700859
CS01833,0,0.0006361912819556892
CS01834,0,0.00036259001353755593
CS01835,0,0.0004955359036102891
CS01836,0,0.00023782206699252129
CS01837,0,0.00024536947603337467
CS01838,1,0.9802808165550232
CS01839,0,0.0004955359036102891
CS01840,0,0.00020342698553577065
CS01841,0,9.314593626186252e-05
CS01842,0,0.9939963817596436
CS01843,0,0.0019267345778644085
CS01844,1,0.9969245791435242
CS01845,1,0.9999125003814697
CS01846,0,0.00029137005913071334
CS01847,0,0.0003514382697176188
CS01848,0,0.00023782206699252129
CS01849,1,0.99991774559021
CS01850,1,0.9994966983795166
CS01851,1,0.999929666519165
CS01852,1,0.9994725584983826
CS01853,1,0.9284088015556335
CS01854,0,0.0001398220774717629
CS01855,0,0.0006771942134946585
CS01856,0,0.000552778597921133
CS01857,0,0.0005112579092383385
CS01858,0,0.00024536947603337467
CS01859,0,0.0005976693355478346
CS01860,0,0.0002780309587251395
CS01861,1,0.9998944997787476
CS01862,0,8.481104305246845e-05
CS01863,0,0.9979810118675232
CS01864,0,0.0002694791473913938
CS01865,0,0.00047285447362810373
CS01866,1,0.9998601675033569
CS01867,0,0.00023782206699252129
CS01868,0,0.0008295892039313912
CS01869,0,0.0005033356137573719
CS01870,0,8.220189192797989e-05
CS01871,1,0.9998944997787476
CS01872,1,0.9976032376289368
CS01873,1,0.0034834241960197687
CS01874,0,0.00019110433640889823
CS01875,0,0.00019110433640889823
CS01876,0,0.00047285447362810373
CS01877,0,0.0005703156348317862
CS01878,0,0.09334687888622284
CS01879,0,0.0005976693355478346
CS01880,0,0.0009697519708424807
CS01881,0,0.002287227427586913
CS01882,1,0.9943581223487854
CS01883,1,0.9997175335884094
CS01884,0,0.0003301527467556298
CS01885,1,0.999841570854187
CS01886,0,0.0007672925130464137
CS01887,0,0.00027372167096473277
CS01888,0,0.00023050671734381467
CS01889,0,0.00023782206699252129
CS01890,0,0.00014425987319555134
CS01891,0,0.00014425987319555134
CS01892,0,0.00013135180051904172
CS01893,1,0.999931812286377
CS01894,0,0.00016865275392774493
CS01895,0,0.000816738058347255
CS01896,0,0.0014550628839060664
CS01897,0,0.0008693674462847412
CS01898,0,0.0002611903182696551
CS01899,0,0.00023050671734381467
CS01900,0,0.00023050671734381467
CS01901,1,0.0026730059180408716
CS01902,0,0.00023413580493070185
CS01903,0,0.0009547316585667431
CS01904,1,0.0006070755189284682
CS01905,0,0.00024156630388461053
CS01906,1,0.0005884087877348065
CS01907,0,0.00010229986219201237
CS01908,0,0.0011879054363816977
CS01909,0,0.00029595711384899914
CS01910,0,7.031184213701636e-05
CS01911,1,0.9993435740470886
CS01912,0,0.00014883847325108945
CS01913,0,0.00019110433640889823
CS01914,1,0.9946980476379395
CS01915,0,6.402006692951545e-05
CS01916,0,9.314593626186252e-05
CS01917,0,0.00029137005913071334
CS01918,0,7.484622619813308e-05
CS01919,0,0.002511463360860944
CS01920,1,0.9992327690124512
CS01921,0,5.829126530443318e-05
CS01922,1,0.014281935058534145
CS01923,1,0.0003859660937450826
CS01924,0,9.915272676153108e-05
CS01926,0,5.829126530443318e-05
CS01927,1,0.9842154383659363
CS01928,1,0.9656413197517395
CS01929,0,0.001081715221516788
CS01930,0,0.01590639166533947
CS01931,0,0.00031503866193816066
CS01932,0,7.722191367065534e-05
CS01933,0,0.030214587226510048
CS01934,0,0.014728613197803497
CS01935,0,0.00020342698553577065
CS01936,0,0.024609927088022232
CS01937,0,0.0002492325147613883
CS01938,0,0.00036829791497439146
CS01939,1,0.888372004032135
CS01940,0,0.00014425987319555134
CS01941,0,0.0001795279822545126
CS01942,1,0.9950946569442749
CS01943,1,0.998217761516571
CS01944,0,0.0064882696606218815
CS01945,0,5.6497930927434936e-05
CS01946,1,0.999823272228241
CS01947,1,0.009412589482963085
CS01948,0,0.00010554686014074832
CS01949,0,0.0008693674462847412
CS01950,0,0.00018522574100643396
CS01951,0,0.0002492325147613883
CS01952,0,0.0006878511630930007
CS01953,0,0.00010554686014074832
CS01954,1,0.9973269701004028
CS01955,1,0.9998766183853149
CS01956,0,0.00042388474685139954
CS01957,0,0.00021654405281879008
CS01958,0,0.00014883847325108945
CS01959,1,0.0011879054363816977
CS01960,0,0.0001398220774717629
CS01961,0,0.0004373344127088785
CS01962,0,0.00012339458044152707
CS01963,0,0.00014883847325108945
CS01964,0,0.0027576221618801355
CS01965,0,0.0064882696606218815
CS01966,0,0.0011879054363816977
CS01967,0,7.722191367065534e-05
CS01968,0,0.00020342698553577065
CS01969,0,0.00010229986219201237
CS01970,0,7.967301644384861e-05
CS01971,0,0.0002234163403045386
CS01972,0,0.00024536947603337467
CS01973,0,0.0002824080584105104
CS01974,1,0.9999097585678101
CS01975,0,0.21535073220729828
CS01976,0,0.00018522574100643396
CS01977,1,0.9997965693473816
CS01978,0,0.0010484692174941301
CS01979,0,0.00014425987319555134
CS01980,0,5.144221358932555e-05
CS01981,0,0.00047285447362810373
CS01982,1,0.9998313188552856
CS01983,0,0.0002234163403045386
CS01984,0,0.00021654405281879008
CS01985,0,0.0001398220774717629
CS01986,0,0.00029595711384899914
CS01987,1,0.9965165853500366
CS01988,0,0.0011160143185406923
CS01989,1,0.9989012479782104
CS01990,1,0.998217761516571
CS01991,0,0.0002824080584105104
CS01992,0,0.002396730938926339
CS01993,0,0.0015011822106316686
CS01994,0,0.0004655269149225205
CS01995,0,0.00010229986219201237
CS01996,0,0.0013670255430042744
CS01997,0,0.0008426423300988972
CS01998,0,0.00037998449988663197
CS01999,0,0.006589771248400211
CS02000,0,0.9683812260627747
CS02001,0,0.0001795279822545126
CS02003,0,0.0002780309587251395
CS02004,0,9.314593626186252e-05
CS02005,1,0.9998875856399536
CS02006,0,0.014281935058534145
CS02008,0,0.0004108485300093889
CS02009,0,0.00014883847325108945
CS02010,0,0.0042646341025829315
CS02011,0,0.00036259001353755593
CS02012,1,0.8558511734008789
CS02013,0,0.9155072569847107
CS02014,0,0.0005274784634821117
CS02015,0,0.00011959858238697052
CS02016,0,0.0005792917218059301
CS02017,0,0.0006166296661831439
CS02018,0,5.3075080359121785e-05
CS02019,0,0.8868131041526794
CS02020,0,7.722191367065534e-05
CS02021,0,0.0002531563804950565
CS02022,0,6.605214002775028e-05
CS02023,1,0.999868631362915
CS02024,0,0.00019716944370884448
CS02025,0,9.314593626186252e-05
CS02026,0,0.13706976175308228
CS02027,0,0.0020190139766782522
CS02028,0,0.0004878571489825845
CS02029,0,0.005301894620060921
CS02030,0,0.00042388474685139954
CS02031,0,0.003027835162356496
CS02032,0,0.00029595711384899914
CS02033,0,0.00010229986219201237
CS02034,0,0.007121428847312927
CS02035,0,0.23616373538970947
CS02036,1,0.45035937428474426
CS02037,0,0.00031015597051009536
CS02038,0,0.0018969199154525995
CS02039,1,0.9991440773010254
CS02040,0,0.00013552079326473176
CS02041,0,0.013325147330760956
CS02042,0,0.00018814207578543574
CS02043,0,0.00024536947603337467
CS02044,1,0.9992903470993042
CS02045,0,0.0032224843744188547
CS02046,0,0.0006667023408226669
CS02047,0,0.00031503866193816066
CS02048,0,0.0005442132824100554
CS02049,0,9.610241977497935e-05
CS02050,0,0.0007672925130464137
CS02051,0,0.00047285447362810373
CS02052,0,0.0008693674462847412
CS02053,0,0.0002824080584105104
CS02054,1,0.9985674619674683
CS02055,1,0.9999068975448608
CS02056,0,0.0006878511630930007
CS02057,0,0.9920002222061157
CS02058,0,0.0007096704212017357
CS02059,0,0.0004108485300093889
CS02060,0,0.00011591933434829116
CS02061,0,0.00019110433640889823
CS02062,0,0.971563994884491
CS02063,0,0.998793363571167
CS02064,0,0.00024536947603337467
CS02065,0,0.0002694791473913938
CS02067,0,0.00012731103925034404
CS02068,0,0.0038844768423587084
CS02069,0,9.610241977497935e-05
CS02070,0,5.475977013702504e-05
CS02071,1,0.999464213848114
CS02072,0,0.00016346470511052758
CS02073,1,0.9996898174285889
CS02074,0,0.00016865275392774493
CS02075,0,0.00029137005913071334
CS02076,0,0.00011591933434829116
CS02077,0,0.0003859660937450826
CS02078,0,0.00021654405281879008
CS02079,0,0.00020342698553577065
CS02080,0,0.00010889690020121634
CS02081,0,0.00031503866193816066
CS02082,0,0.0005703156348317862
CS02083,0,0.00014425987319555134
CS02084,0,0.00029595711384899914
CS02085,0,0.0003514382697176188
CS02086,0,0.00024536947603337467
CS02087,0,0.0005442132824100554
CS02088,0,0.00024156630388461053
CS02089,1,0.9998726844787598
CS02090,0,0.00015843621804378927
CS02091,0,0.00018522574100643396
CS02092,0,8.481104305246845e-05
CS02093,0,0.0003459916333667934
CS02094,1,0.9979169964790344
CS02095,0,0.0004173157794866711
CS02096,0,0.957277774810791
CS02097,1,0.999562680721283
CS02098,0,0.0007321813027374446
CS02099,0,8.481104305246845e-05
CS02100,0,0.0005112579092383385
CS02101,0,0.00012339458044152707
CS02102,0,0.00017400544311385602
CS02103,0,0.00019716944370884448
CS02104,0,0.0007321813027374446
CS02105,1,0.052618954330682755
CS02106,0,0.00036259001353755593
CS02107,0,0.0017007224960252643
CS02109,1,0.999929666519165
CS02110,1,0.9996750354766846
CS02111,0,7.484622619813308e-05
CS02112,0,0.00019110433640889823
CS02113,0,0.00013135180051904172
CS02114,0,0.0003459916333667934
CS02115,1,0.9999203681945801
CS02116,0,0.00014883847325108945
CS02117,0,8.220189192797989e-05
CS02118,1,0.9999068975448608
CS02119,1,0.9994557499885559
CS02120,0,6.014151585986838e-05
CS02121,1,0.9998089671134949
CS02122,0,6.605214002775028e-05
CS02123,0,0.0007096704212017357
CS02124,0,0.0037072529084980488
CS02125,0,5.3075080359121785e-05
CS02126,1,0.498779296875
CS02127,0,0.0004173157794866711
CS02128,0,9.915272676153108e-05
CS02129,1,0.9999097585678101
CS02130,0,0.00011235327110625803
CS02131,0,0.0002531563804950565
CS02132,1,0.9998840093612671
CS02133,0,0.00019110433640889823
CS02134,1,0.9896718263626099
CS02135,0,7.484622619813308e-05
CS02136,1,0.02228618785738945
CS02137,0,0.00014883847325108945
CS02138,1,0.09670578688383102
CS02139,0,0.00036259001353755593
CS02140,0,7.967301644384861e-05
CS02141,0,0.00011235327110625803
CS02142,0,0.0001398220774717629
CS02143,0,9.915272676153108e-05
CS02144,0,0.000656372809316963
CS02145,1,0.9996079802513123
CS02146,0,0.9740425944328308
CS02147,0,0.0005033356137573719
CS02148,1,0.9773707389831543
CS02149,0,0.9941800832748413
CS02150,1,0.9988120794296265
CS02151,0,0.00017400544311385602
CS02152,0,0.00023782206699252129
CS02153,0,0.0002234163403045386
CS02154,1,0.0003199982747901231
CS02155,0,0.0003514382697176188
CS02156,0,6.605214002775028e-05
CS02157,0,0.00214894930832088
CS02158,0,0.9997346997261047
CS02159,0,0.0006878511630930007
CS02160,0,0.0003199982747901231
CS02161,0,0.0007321813027374446
CS02162,0,0.0006361912819556892
CS02163,0,0.12852513790130615
CS02164,0,0.0013458604225888848
CS02165,1,0.007121428847312927
CS02166,0,0.0011335690505802631
CS02167,0,0.016277460381388664
CS02168,0,0.00011235327110625803
CS02169,0,0.0015978454612195492
CS02170,0,0.01542455144226551
CS02171,1,0.999868631362915
CS02172,1,0.9996947050094604
CS02173,0,0.00010554686014074832
CS02174,0,7.722191367065534e-05
CS02175,1,0.9998511075973511
CS02176,0,0.9956005811691284
CS02177,0,0.00021654405281879008
CS02178,0,9.314593626186252e-05
CS02179,0,0.00024536947603337467
CS02180,0,0.035678550601005554
CS02181,0,7.031184213701636e-05
CS02182,0,0.001098731067031622
CS02183,0,0.9974884986877441
CS02184,0,0.00023050671734381467
CS02185,0,7.254361116793007e-05
CS02186,0,0.00010554686014074832
CS02187,0,0.00012731103925034404
CS02188,0,0.007577241398394108
CS02189,0,0.9868786931037903
CS02190,0,0.00016865275392774493
CS02191,0,0.0002131875662598759
CS02192,0,6.605214002775028e-05
CS02193,0,0.00026530236937105656
CS02194,1,0.03384403884410858
CS02195,1,0.10521053522825241
CS02196,0,0.0002098830882459879
CS02197,1,0.9999068975448608
CS02198,0,0.0005357805639505386
CS02199,0,0.0002531563804950565
CS02200,0,7.967301644384861e-05
CS02201,0,0.0003406293399166316
CS02202,0,0.00014425987319555134
CS02203,0,0.0003920417802873999
CS02204,0,7.254361116793007e-05
CS02205,0,0.00017400544311385602
CS02206,0,0.00030061634606681764
CS02207,1,0.9828232526779175
CS02208,0,0.00012339458044152707
CS02209,1,0.999438464641571
CS02210,0,0.0004305570910219103
CS02211,0,0.0028449094388633966
CS02212,0,0.0006462032906711102
CS02213,0,0.00029137005913071334
CS02214,0,0.00031015597051009536
CS02215,0,0.00014883847325108945
CS02216,0,0.00023782206699252129
CS02217,0,0.0004655269149225205
CS02218,0,0.00019110433640889823
CS02219,0,0.010652510449290276
CS02220,0,9.610241977497935e-05
CS02221,0,0.0006667023408226669
CS02222,0,0.00014883847325108945
CS02223,0,0.0006771942134946585
CS02224,0,0.07640768587589264
CS02225,0,0.0001795279822545126
CS02226,0,0.04336579889059067
CS02227,1,0.9997965693473816
CS02228,0,0.0012644219677895308
CS02229,1,0.9998557567596436
CS02230,0,0.041152890771627426
CS02231,0,9.610241977497935e-05
CS02232,0,0.0002098830882459879
CS02233,0,0.00014883847325108945
CS02234,0,0.9984269142150879
CS02235,0,0.000656372809316963
CS02236,0,0.0010162439430132508
CS02237,1,0.9998726844787598
CS02238,0,0.00015356238873209804
CS02239,0,0.00214894930832088
CS02240,0,0.00023050671734381467
CS02241,0,0.0002694791473913938
CS02242,0,0.00019716944370884448
CS02243,0,0.0004655269149225205
CS02244,1,0.007121428847312927
CS02245,0,0.05108273774385452
CS02246,1,0.9976032376289368
CS02247,1,0.9933071732521057
CS02248,0,0.0012255674228072166
CS02249,0,0.0001795279822545126
CS02250,0,0.0002492325147613883
CS02251,0,0.00020342698553577065
CS02252,0,0.00036259001353755593
CS02253,0,0.00011235327110625803
CS02254,1,0.9972423315048218
CS02255,0,0.00019716944370884448
CS02256,0,0.996570348739624
CS02257,0,0.00011235327110625803
CS02258,0,0.00031015597051009536
CS02259,1,0.9935117363929749
CS02260,0,0.00014425987319555134
CS02261,1,0.9999039173126221
CS02262,0,0.00021654405281879008
CS02263,1,0.9997933506965637
CS02264,0,0.00025714197545312345
CS02265,0,0.00035697061684913933
CS02267,0,0.0002492325147613883
CS02268,1,0.9981030225753784
CS02269,0,8.481104305246845e-05
CS02270,0,0.00024536947603337467
CS02271,0,0.001151399570517242
CS02272,0,0.00018522574100643396
CS02273,0,0.002889581024646759
CS02274,0,0.00042388474685139954
CS02275,0,0.00011591933434829116
CS02276,0,0.0004173157794866711
CS02277,0,0.00035697061684913933
CS02278,0,0.00019110433640889823
CS02279,0,4.985958366887644e-05
CS02280,1,0.9999008178710938
CS02281,0,0.00255091255530715
CS02282,1,0.9995417594909668
CS02283,0,0.00023782206699252129
CS02284,0,0.00030534894904121757
CS02285,0,0.0002824080584105104
CS02286,0,0.0008559006382711232
CS02287,1,0.9997997879981995
CS02288,0,4.832564081880264e-05
CS02289,0,0.00011235327110625803
CS02290,0,0.0023596605751663446
CS02291,0,0.0002868540759664029
CS02292,0,0.0006667023408226669
CS02293,0,0.00021654405281879008
CS02294,0,0.0009850081987679005
CS02295,0,0.00024156630388461053
CS02296,0,0.000552778597921133
CS02297,1,0.00018522574100643396
CS02298,0,0.0015978454612195492
CS02299,0,0.00015843621804378927
CS02300,1,0.9994471669197083
CS02301,0,0.0002868540759664029
CS02302,0,5.829126530443318e-05
CS02303,1,0.9998118281364441
CS02304,0,0.005911069456487894
CS02305,0,0.0003859660937450826
CS02306,0,0.0006878511630930007
CS02307,0,0.0001795279822545126
CS02308,0,0.00011959858238697052
CS02309,0,9.314593626186252e-05
CS02310,1,0.99935382604599
CS02311,1,0.9999008178710938
CS02312,0,0.0004655269149225205
CS02313,1,0.0009697519708424807
CS02314,1,0.0018386653391644359
CS02315,0,0.0018386653391644359
CS02316,0,0.00010229986219201237
CS02317,1,0.0013458604225888848
CS02318,0,0.0004512106243055314
CS02319,0,0.0002868540759664029
CS02320,0,0.9997387528419495
CS02321,1,0.9998557567596436
CS02322,0,0.00039821307291276753
CS02323,0,0.0019267345778644085
CS02324,0,0.001987774157896638
CS02325,1,0.00307536986656487
CS02326,0,0.001151399570517242
CS02327,0,0.00015598026220686734
CS02328,0,0.0013885231455788016
CS02329,1,0.0014325365191325545
CS02330,0,0.9902915358543396
CS02331,1,0.9998910427093506
CS02332,0,0.00036259001353755593
CS02333,0,0.00016865275392774493
CS02334,0,0.00021654405281879008
CS02336,0,0.00020342698553577065
CS02337,0,0.0004442183708306402
CS02338,0,0.0002234163403045386
CS02339,0,0.00019716944370884448
CS02340,1,0.1250653862953186
CS02341,0,0.0005703156348317862
CS02342,1,0.9996800422668457
CS02343,1,0.29665425419807434
CS02344,0,0.00031015597051009536
CS02345,0,0.00010889690020121634
CS02346,0,0.00021995336282998323
CS02347,0,0.00014425987319555134
CS02348,0,0.0013670255430042744
CS02349,0,0.00011235327110625803
CS02350,1,0.999868631362915
CS02351,0,0.00014425987319555134
CS02352,1,0.9872773289680481
CS02353,0,0.00018522574100643396
CS02354,0,0.00013552079326473176
CS02355,0,0.0005884087877348065
CS02356,0,0.0006462032906711102
CS02357,0,0.0016743993619456887
CS02358,0,0.00021654405281879008
CS02359,0,0.9954615235328674
CS02360,0,0.000656372809316963
CS02361,0,0.00026530236937105656
CS02362,1,0.9453993439674377
CS02363,1,0.9998260140419006
CS02364,0,0.00037998449988663197
CS02365,0,0.00033535013790242374
CS02366,1,0.9998706579208374
CS02367,0,0.00031015597051009536
CS02368,0,9.915272676153108e-05
CS02369,0,0.00030061634606681764
CS02370,1,0.9998726844787598
CS02371,0,0.0005976693355478346
CS02372,0,0.0008040859247557819
CS02373,0,0.0002098830882459879
CS02374,1,0.002115703420713544
CS02375,0,0.000552778597921133
CS02376,0,6.814871449023485e-05
CS02377,0,0.17328819632530212
CS02378,0,0.006388320587575436
CS02379,0,0.0003514382697176188
CS02380,0,0.00012339458044152707
CS02381,0,0.0004802972252946347
CS02382,0,0.00172745855525136
CS02383,0,0.00018522574100643396
CS02384,1,0.9907320141792297
CS02385,0,0.0006070755189284682
CS02386,0,0.002115703420713544
CS02387,0,0.0012448432389646769
CS02388,0,0.00025714197545312345
CS02389,0,0.00014883847325108945
CS02390,0,0.00015356238873209804
CS02391,0,0.00012731103925034404
CS02392,0,0.00023050671734381467
CS02393,0,0.00042388474685139954
CS02394,0,0.09842541813850403
CS02395,0,0.01578456163406372
CS02396,0,0.00011235327110625803
CS02397,0,0.00012731103925034404
CS02398,1,0.3195459246635437
CS02399,0,0.00026530236937105656
CS02400,0,0.0008426423300988972
CS02401,1,0.011869121342897415
CS02402,1,0.9998464584350586
CS02403,0,0.00023782206699252129
CS02404,1,0.9998766183853149
CS02405,0,0.00482972152531147
CS02406,1,0.9998726844787598
CS02407,1,0.9998511075973511
CS02408,1,0.9790357351303101
CS02409,0,0.00019110433640889823
CS02410,0,6.814871449023485e-05
CS02411,0,0.0001398220774717629
CS02412,1,0.0013250223128125072
CS02413,1,0.9998511075973511
CS02414,0,0.00023782206699252129
CS02415,0,0.0002098830882459879
CS02416,0,9.314593626186252e-05
CS02417,1,0.9997305274009705
CS02418,1,0.999779999256134
CS02419,0,0.004609571769833565
CS02420,0,0.7645841240882874
CS02421,0,0.0004878571489825845
CS02422,0,0.007345826830714941
CS02423,0,0.00030061634606681764
CS02424,1,0.9998840093612671
CS02425,0,0.0005792917218059301
CS02426,0,0.09235979616641998
CS02427,0,0.0008693674462847412
CS02428,0,0.00010889690020121634
CS02429,0,0.00020342698553577065
CS02430,0,0.00026530236937105656
CS02431,0,9.915272676153108e-05
CS02432,0,0.00023050671734381467
CS02433,0,7.254361116793007e-05
CS02434,0,0.00014425987319555134
CS02435,0,9.915272676153108e-05
CS02436,1,0.9932025074958801
CS02437,0,9.610241977497935e-05
CS02438,1,0.9995761513710022
CS02439,0,0.0007672925130464137
CS02440,0,0.003273064736276865
CS02441,0,0.0032224843744188547
CS02442,0,0.0002780309587251395
CS02443,0,9.028038766700774e-05
CS02444,0,0.00014425987319555134
CS02445,0,0.00014883847325108945
CS02446,1,0.9997901320457458
CS02447,0,6.814871449023485e-05
CS02448,0,0.00011591933434829116
CS02449,1,0.9998464584350586
CS02450,1,0.022116590291261673
CS02451,0,0.0031236486975103617
CS02452,0,0.00013135180051904172
CS02453,0,0.00023413580493070185
CS02454,0,0.00010229986219201237
CS02455,0,0.000552778597921133
CS02456,0,0.004331502132117748
CS02457,0,0.0008693674462847412
CS02458,1,0.004331502132117748
CS02459,0,0.00021995336282998323
CS02460,0,8.220189192797989e-05
CS02461,0,0.0007321813027374446
CS02462,0,0.00010889690020121634
CS02463,0,0.0011695101857185364
CS02464,0,0.0001795279822545126
CS02465,0,0.3751339912414551
CS02466,1,0.9998910427093506
CS02467,0,0.00022693387290928513
CS02468,0,0.0004802972252946347
CS02469,0,0.0002611903182696551
CS02470,0,7.484622619813308e-05
CS02471,0,9.314593626186252e-05
CS02472,1,0.04336579889059067
CS02473,0,0.00016346470511052758
CS02474,1,0.9995694756507874
CS02475,0,0.00017400544311385602
CS02476,1,0.9982993006706238
CS02477,1,0.999762237071991
CS02478,1,0.9403530955314636
CS02479,0,0.00016346470511052758
CS02480,0,0.00016865275392774493
CS02481,1,0.9976769089698792
CS02482,1,0.9998804330825806
CS02483,1,0.0008693674462847412
CS02484,0,0.0022518474142998457
CS02485,0,6.605214002775028e-05
CS02486,1,0.999779999256134
CS02487,0,0.00010554686014074832
CS02488,0,0.021287353709340096
CS02489,1,0.9965165853500366
CS02490,0,0.00015843621804378927
CS02491,0,0.0035936026833951473
CS02492,0,0.0012065897462889552
CS02493,0,0.00012731103925034404
CS02494,0,7.967301644384861e-05
CS02496,0,0.00023413580493070185
CS02497,0,0.00015843621804378927
CS02498,0,6.014151585986838e-05
CS02499,1,8.220189192797989e-05
CS02500,0,0.0013250223128125072
CS02501,0,0.0004373344127088785
CS02502,1,0.9997346997261047
CS02503,0,0.00022693387290928513
CS02504,1,0.9997901320457458
CS02505,0,5.6497930927434936e-05
CS02506,0,9.915272676153108e-05
CS02507,1,0.9618217349052429
CS02508,0,0.01384861022233963
CS02509,0,0.0009547316585667431
CS02510,0,0.0001795279822545126
CS02511,0,0.0003250358859077096
CS02512,0,0.03308597952127457
CS02513,0,0.00013135180051904172
CS02514,1,0.00023050671734381467
CS02515,0,0.0002611903182696551
CS02516,0,0.0008426423300988972
CS02517,0,0.011687259189784527
CS02518,0,9.028038766700774e-05
CS02519,0,0.00011959858238697052
CS02520,0,0.0003199982747901231
CS02521,0,7.967301644384861e-05
CS02522,1,0.9977127313613892
CS02523,0,0.00023050671734381467
CS02524,0,0.0001795279822545126
CS02525,0,5.3075080359121785e-05
CS02526,0,0.0001795279822545126
CS02527,0,0.0003459916333667934
CS02528,1,0.0008295892039313912
CS02529,0,0.0003199982747901231
CS02530,0,0.0014779430348426104
CS02531,0,0.0005703156348317862
CS02532,1,0.9998148083686829
CS02533,0,0.48273393511772156
CS02534,1,0.9904406070709229
CS02535,0,0.16184943914413452
CS02536,0,0.00045831294846720994
CS02537,0,0.0009547316585667431
CS02538,0,5.829126530443318e-05
CS02539,0,9.915272676153108e-05
CS02540,0,0.0020190139766782522
CS02541,0,0.0002531563804950565
CS02542,0,0.0002780309587251395
CS02543,0,0.00035697061684913933
CS02544,0,0.0004442183708306402
CS02545,0,0.0004955359036102891
CS02546,0,0.0003514382697176188
CS02548,0,0.00033535013790242374
CS02549,0,6.205048703122884e-05
CS02550,0,0.00013135180051904172
CS02551,0,0.0010649625910446048
CS02552,0,0.0014550628839060664
CS02553,0,0.00016346470511052758
CS02554,1,0.9965165853500366
CS02555,0,0.0037072529084980488
CS02557,0,0.0031236486975103617
CS02558,0,0.0004655269149225205
CS02559,0,0.001081715221516788
CS02560,0,0.00014883847325108945
CS02561,0,0.0001795279822545126
CS02562,0,0.0002098830882459879
CS02563,0,0.001573112327605486
CS02564,0,0.06705628335475922
CS02565,0,0.0002234163403045386
CS02566,0,0.00040448151412419975
CS02567,0,0.0009110512328334153
CS02568,0,9.028038766700774e-05
CS02569,0,0.0002611903182696551
CS02570,1,0.9998944997787476
CS02571,0,0.00012339458044152707
CS02572,0,0.6311396956443787
CS02573,0,0.00021654405281879008
CS02574,1,0.9997305274009705
CS02575,0,0.00019110433640889823
CS02576,0,0.0003250358859077096
CS02577,1,0.9998766183853149
CS02578,0,0.00014425987319555134
CS02579,1,0.9996947050094604
CS02580,0,0.005641908850520849
CS02581,0,0.0001795279822545126
CS02582,0,0.8494724035263062
CS02583,0,6.814871449023485e-05
CS02584,0,0.0007793660624884069
CS02585,1,0.00014425987319555134
CS02586,0,0.001151399570517242
CS02587,0,0.0005442132824100554
CS02588,0,0.0018386653391644359
CS02589,1,0.0003859660937450826
CS02590,0,0.00031503866193816066
CS02591,0,9.610241977497935e-05
CS02592,0,8.750300185056403e-05
CS02593,0,0.00011959858238697052
CS02594,0,0.0011160143185406923
CS02595,0,0.0002234163403045386
CS02596,0,9.610241977497935e-05
CS02597,0,0.04958902671933174
CS02598,1,0.0032224843744188547
CS02599,0,0.00012931562378071249
CS02600,0,0.00018522574100643396
CS02601,1,0.0005884087877348065
CS02602,0,0.00016865275392774493
CS02603,0,0.0026730059180408716
CS02604,0,0.00029595711384899914
CS02605,0,0.006289901677519083
CS02606,0,0.00042388474685139954
CS02607,1,0.985496461391449
CS02608,0,0.00023050671734381467
CS02609,0,0.0003250358859077096
CS02610,0,0.00018522574100643396
CS02611,0,0.0004512106243055314
CS02612,1,0.00011235327110625803
CS02613,0,5.475977013702504e-05
CS02614,0,0.00037409563083201647
CS02615,0,0.0035380860790610313
CS02617,0,0.0003199982747901231
CS02618,0,0.00015356238873209804
CS02619,1,0.0012065897462889552
CS02620,0,0.0031726828310638666
CS02621,0,7.484622619813308e-05
CS02622,0,0.00014883847325108945
CS02623,0,0.0012065897462889552
CS02624,0,0.007011794950813055
CS02625,0,0.00016346470511052758
CS02626,1,0.9998557567596436
CS02627,0,0.00017400544311385602
CS02628,0,9.028038766700774e-05
CS02629,0,0.6281935572624207
CS02630,1,0.9998644590377808
CS02631,0,0.9959927201271057
CS02632,0,0.00025714197545312345
CS02633,0,0.0018386653391644359
CS02634,0,0.0007208380266092718
CS02635,0,0.0004802972252946347
CS02636,0,0.00214894930832088
CS02637,0,0.12294380366802216
CS02638,0,0.0002492325147613883
CS02639,0,0.00023782206699252129
CS02640,0,4.985958366887644e-05
CS02641,0,0.00011591933434829116
CS02642,1,0.0006986756343394518
CS02643,0,0.00035697061684913933
CS02644,0,0.0006986756343394518
CS02645,1,0.9998313188552856
CS02646,0,0.0011879054363816977
CS02647,1,0.9998726844787598
CS02648,0,0.9111796617507935
CS02649,0,0.9948603510856628
CS02650,0,0.0002780309587251395
CS02651,0,0.00018522574100643396
CS02652,1,0.9981324076652527
CS02653,1,0.9982993006706238
CS02654,0,7.722191367065534e-05
CS02655,0,0.00010889690020121634
CS02656,1,0.9967774748802185
CS02657,1,0.012431650422513485
CS02658,0,0.0004802972252946347
CS02659,0,0.00018522574100643396
CS02660,0,0.003376612439751625
CS02661,0,0.0002824080584105104
CS02662,0,0.000552778597921133
CS02663,0,0.00013552079326473176
CS02664,1,0.9998557567596436
CS02665,0,0.0002694791473913938
CS02666,0,0.0004655269149225205
CS02667,0,9.610241977497935e-05
CS02668,0,0.9993013143539429
CS02669,0,0.001081715221516788
CS02670,0,0.22371606528759003
CS02671,0,6.814871449023485e-05
CS02672,1,0.9996485710144043
CS02673,0,0.00023413580493070185
CS02674,0,0.0011335690505802631
CS02675,0,0.00012731103925034404
CS02676,0,0.0002531563804950565
CS02677,0,7.967301644384861e-05
CS02678,1,0.9999068975448608
CS02679,0,9.610241977497935e-05
CS02680,1,0.6192986369132996
CS02681,0,0.000816738058347255
CS02682,1,0.9998511075973511
CS02683,1,0.28437721729278564
CS02684,0,9.314593626186252e-05
CS02685,1,0.999868631362915
CS02686,0,0.0001795279822545126
CS02687,0,0.0013250223128125072
CS02688,0,6.402006692951545e-05
CS02689,1,0.6606104373931885
CS02690,0,0.0010162439430132508
CS02691,1,0.998793363571167
CS02692,0,0.0006361912819556892
CS02693,0,8.481104305246845e-05
CS02694,1,0.9994725584983826
CS02695,0,0.00037998449988663197
CS02696,0,0.0002824080584105104
CS02697,0,0.00307536986656487
CS02698,0,0.000552778597921133
CS02699,0,9.915272676153108e-05
CS02700,0,0.9998464584350586
CS02701,0,0.00010554686014074832
CS02702,0,4.832564081880264e-05
CS02703,0,0.00016346470511052758
CS02704,0,0.9971990585327148
CS02705,1,0.9998875856399536
CS02706,0,0.0002234163403045386
CS02707,0,0.0004173157794866711
CS02708,0,0.6851073503494263
CS02710,1,0.9997468590736389
CS02711,0,0.00024536947603337467
CS02712,0,0.0004108485300093889
CS02713,1,0.9994557499885559
CS02714,1,0.999868631362915
CS02715,0,7.967301644384861e-05
CS02716,0,0.9955315589904785
CS02717,0,0.00020342698553577065
CS02718,0,0.0005792917218059301
CS02719,1,0.9998766183853149
CS02720,1,0.998245358467102
CS02721,0,0.0002098830882459879
CS02722,0,0.00024536947603337467
CS02723,0,0.0018386653391644359
CS02724,0,0.00010889690020121634
CS02725,0,0.0003859660937450826
CS02726,0,0.0006878511630930007
CS02727,0,7.967301644384861e-05
CS02728,0,0.0004512106243055314
CS02729,0,0.0003250358859077096
CS02730,1,0.9985674619674683
CS02731,0,0.00010554686014074832
CS02732,0,0.00010889690020121634
CS02733,1,0.00027372167096473277
CS02734,1,0.9995891451835632
CS02735,0,0.0024343819823116064
CS02736,0,0.0010649625910446048
CS02737,1,0.999929666519165
CS02738,1,0.0007321813027374446
CS02739,0,0.005301894620060921
CS02740,0,0.00017400544311385602
CS02741,0,0.07978201657533646
CS02742,0,0.00247262348420918
CS02743,1,0.999220609664917
CS02744,0,0.0005357805639505386
CS02745,0,0.00024156630388461053
CS02746,0,0.0008426423300988972
CS02747,0,0.0011335690505802631
CS02748,0,0.005139610730111599
CS02749,0,0.0004955359036102891
CS02750,1,0.9884918928146362
CS02751,1,0.9997546076774597
CS02752,1,0.9998766183853149
CS02753,0,0.0009547316585667431
CS02754,0,0.0010649625910446048
CS02755,0,0.00036259001353755593
CS02756,0,0.0003859660937450826
CS02757,0,8.750300185056403e-05
CS02758,0,0.017442483454942703
CS02759,0,0.00020027377468068153
CS02760,1,0.9998766183853149
CS02761,0,0.00024156630388461053
CS02762,0,0.00013552079326473176
CS02763,0,0.0002824080584105104
CS02764,0,0.0004305570910219103
CS02765,0,0.0001795279822545126
CS02766,1,0.9945307374000549
CS02767,0,0.0001398220774717629
CS02768,1,0.999868631362915
CS02769,0,0.0006771942134946585
CS02770,0,0.00029137005913071334
CS02771,1,0.9998028874397278
CS02772,0,0.0003920417802873999
CS02773,1,0.99991774559021
CS02774,0,0.00016346470511052758
CS02775,0,0.00012339458044152707
CS02776,0,0.00014425987319555134
CS02777,0,5.144221358932555e-05
CS02778,1,0.00013552079326473176
CS02779,0,0.00012731103925034404
CS02780,0,0.0002824080584105104
CS02781,0,0.0004802972252946347
CS02782,0,0.00015356238873209804
CS02783,0,0.0002780309587251395
CS02784,0,0.00016865275392774493
CS02785,1,0.23231014609336853
CS02786,0,0.00029595711384899914
CS02787,0,0.00020342698553577065
CS02788,0,0.0005884087877348065
CS02789,0,0.00045831294846720994
CS02790,0,0.00031503866193816066
CS02791,0,0.001098731067031622
CS02792,0,0.008577484637498856
CS02793,0,0.00018522574100643396
CS02794,0,0.0384661890566349
CS02795,0,0.00021654405281879008
CS02796,0,0.0006070755189284682
CS02797,1,0.05582313984632492
CS02798,0,0.00014883847325108945
CS02799,0,4.832564081880264e-05
CS02800,0,0.00014425987319555134
CS02801,0,0.0007672925130464137
CS02802,0,0.010986942797899246
CS02803,0,0.00036829791497439146
CS02804,0,0.0008426423300988972
CS02805,0,0.00030534894904121757
CS02806,1,0.9998148083686829
CS02807,0,0.00029595711384899914
CS02808,0,0.0002611903182696551
CS02809,0,0.00019411317771300673
CS02810,0,0.00014883847325108945
CS02811,0,0.00013135180051904172
CS02812,0,0.0005442132824100554
CS02813,0,0.00013135180051904172
CS02814,0,0.0004878571489825845
CS02815,0,0.00018522574100643396
CS02816,0,0.0003920417802873999
CS02817,1,0.00045831294846720994
CS02818,0,0.0001795279822545126
CS02819,0,0.11636175960302353
CS02820,1,0.9988120794296265
CS02821,0,0.00015843621804378927
CS02822,0,0.004905405919998884
CS02823,0,0.00011591933434829116
CS02824,0,0.0002098830882459879
CS02825,1,0.9999203681945801
CS02826,1,0.9998644590377808
CS02827,0,0.00012339458044152707
CS02828,1,0.0009697519708424807
CS02829,1,0.2991051971912384
CS02830,0,0.0005357805639505386
CS02831,0,0.0001398220774717629
CS02832,0,0.01001356914639473
CS02833,0,0.0016743993619456887
CS02834,1,0.999868631362915
CS02835,0,0.0012448432389646769
CS02836,0,0.0001795279822545126
CS02837,0,0.0007554056355729699
CS02838,0,0.00015843621804378927
CS02839,1,0.6092917323112488
CS02840,0,0.9289263486862183
CS02841,0,9.610241977497935e-05
CS02842,0,0.00017400544311385602
CS02843,0,0.0002234163403045386
CS02844,0,0.0003250358859077096
CS02846,1,0.9998365640640259
CS02847,0,0.0005033356137573719
CS02848,0,0.0023596605751663446
CS02849,0,0.0003250358859077096
CS02850,0,7.722191367065534e-05
CS02851,0,0.0007672925130464137
CS02852,0,0.00029137005913071334
CS02853,1,0.000552778597921133
CS02854,0,0.00023782206699252129
CS02855,0,0.0002868540759664029
CS02856,0,0.00031015597051009536
CS02857,1,0.997285008430481
CS02858,0,0.00012731103925034404
CS02859,0,0.00026530236937105656
CS02860,0,0.0003406293399166316
CS02861,0,0.00029595711384899914
CS02862,0,0.0003199982747901231
CS02863,0,0.00010554686014074832
CS02864,0,0.0064882696606218815
CS02865,0,0.998217761516571
CS02866,0,0.1856517344713211
CS02867,0,0.0009110512328334153
CS02868,0,0.00014883847325108945
CS02869,1,0.9998339414596558
CS02870,0,7.031184213701636e-05
CS02871,0,7.484622619813308e-05
CS02872,1,8.481104305246845e-05
CS02873,1,0.9998910427093506
CS02874,0,0.00012731103925034404
CS02875,0,0.00030061634606681764
CS02876,1,0.9998365640640259
CS02877,1,0.9940890073776245
CS02878,0,0.9997546076774597
CS02879,0,0.0002098830882459879
CS02880,0,0.0018969199154525995
CS02881,1,0.9998028874397278
CS02882,1,0.999322772026062
CS02883,0,0.00024536947603337467
CS02884,1,0.9992792010307312
CS02885,0,0.0006986756343394518
CS02886,0,0.0003301527467556298
CS02887,0,0.00016346470511052758
CS02888,0,0.001098731067031622
CS02889,0,0.00030534894904121757
CS02890,1,0.9998766183853149
CS02891,0,9.314593626186252e-05
CS02892,0,5.6497930927434936e-05
CS02893,0,0.00011591933434829116
CS02894,0,0.9826908707618713
CS02895,0,0.0003459916333667934
CS02896,0,0.00017400544311385602
CS02897,0,5.829126530443318e-05
CS02898,0,0.00017674513219390064
CS02899,1,0.9998875856399536
CS02900,0,0.00027372167096473277
CS02901,0,0.9978843331336975
CS02902,0,0.0017007224960252643
CS02903,1,0.999779999256134
CS02904,0,0.001081715221516788
CS02905,0,0.00013135180051904172
CS02906,0,0.00014883847325108945
CS02907,0,0.9986541271209717
CS02908,1,0.9997765421867371
CS02909,0,0.00042388474685139954
CS02910,0,0.00010229986219201237
CS02911,0,0.0003301527467556298
CS02912,0,0.9902915358543396
CS02913,0,0.9991306662559509
CS02914,0,8.481104305246845e-05
CS02915,0,0.014615669846534729
CS02916,0,0.00021995336282998323
CS02917,0,0.0002131875662598759
CS02918,0,0.00023782206699252129
CS02919,0,0.00010889690020121634
CS02920,0,0.0001398220774717629
CS02921,1,0.0007096704212017357
CS02922,0,0.00031015597051009536
CS02923,1,0.026759283617138863
CS02924,0,0.005060331895947456
CS02925,0,0.00011959858238697052
CS02926,0,5.144221358932555e-05
CS02927,0,0.1352320909500122
CS02928,0,0.001098731067031622
CS02929,0,0.00015843621804378927
CS02930,1,0.9999251365661621
CS02931,0,0.9008791446685791
CS02932,0,0.0003301527467556298
CS02933,0,0.0025909794494509697
CS02934,0,0.00017400544311385602
CS02935,1,0.00018522574100643396
CS02936,0,0.00021654405281879008
CS02937,0,0.0003199982747901231
CS02938,0,0.0008830458391457796
CS02939,0,0.1629120260477066
CS02940,0,0.00017400544311385602
CS02941,1,0.00045831294846720994
CS02942,0,0.00018522574100643396
CS02943,0,0.0003514382697176188
CS02944,0,0.00012339458044152707
CS02945,1,0.016029145568609238
CS02946,0,0.001987774157896638
CS02947,1,0.9986329674720764
CS02948,0,0.00018522574100643396
CS02949,1,0.9996800422668457
CS02950,0,0.0003514382697176188
CS02951,0,0.0005442132824100554
CS02952,0,0.00029595711384899914
CS02953,0,7.484622619813308e-05
CS02954,1,0.005060331895947456
CS02955,0,0.00010554686014074832
CS02956,0,0.0004655269149225205
CS02957,0,0.0004108485300093889
CS02958,0,0.00017400544311385602
CS02959,0,0.00023782206699252129
CS02960,1,0.9983256459236145
CS02961,0,0.0005614787223748863
CS02962,1,0.010986942797899246
CS02963,0,0.9790357351303101
CS02964,0,0.00019716944370884448
CS02965,1,0.9998944997787476
CS02966,0,0.0002234163403045386
CS02967,0,0.00019716944370884448
CS02968,0,0.00047285447362810373
CS02969,0,0.0002098830882459879
CS02970,0,0.00023413580493070185
CS02972,0,0.00031503866193816066
CS02973,0,0.0013670255430042744
CS02974,1,0.9999125003814697
CS02975,1,0.0015011822106316686
CS02976,0,0.005384937860071659
CS02977,0,0.00023050671734381467
CS02978,0,0.00011235327110625803
CS02979,0,0.001098731067031622
CS02980,0,0.0004442183708306402
CS02981,0,0.0006986756343394518
CS02982,0,8.481104305246845e-05
CS02983,0,0.00012339458044152707
CS02984,0,5.144221358932555e-05
CS02985,0,0.00014425987319555134
CS02986,1,0.9997468590736389
CS02987,0,0.0004373344127088785
CS02988,1,0.9905874133110046
CS02989,0,0.0002098830882459879
CS02990,0,7.967301644384861e-05
CS02991,0,9.314593626186252e-05
CS02992,0,0.007577241398394108
CS02993,0,0.0001795279822545126
CS02994,0,0.00045831294846720994
CS02995,0,7.031184213701636e-05
CS02996,0,9.610241977497935e-05
CS02997,0,5.3075080359121785e-05
CS02998,0,0.0002098830882459879
CS02999,1,0.0038244836032390594
CS03000,0,8.750300185056403e-05
CS03001,0,0.0007793660624884069
CS03002,0,0.0001795279822545126
CS03003,1,0.8778960704803467
CS03004,1,0.9997658133506775
CS03005,1,0.9981897473335266
CS03006,0,0.0006878511630930007
CS03007,0,0.00029595711384899914
CS03008,0,0.0011335690505802631
CS03009,0,0.0011879054363816977
CS03011,0,5.3075080359121785e-05
CS03012,0,8.220189192797989e-05
CS03013,1,0.0005884087877348065
CS03014,0,0.32279276847839355
CS03015,0,0.00025714197545312345
CS03016,0,0.0004173157794866711
CS03017,1,0.14414885640144348
CS03018,0,0.00020342698553577065
CS03019,1,0.9775429368019104
CS03020,0,0.9930961728096008
CS03021,1,0.0018386653391644359
CS03022,1,0.9648551344871521
CS03023,0,0.012431650422513485
CS03024,0,0.00019110433640889823
CS03025,0,5.829126530443318e-05
CS03026,0,0.0002234163403045386
CS03027,1,0.9992327690124512
CS03028,0,0.00019110433640889823
CS03029,1,0.9995272159576416
CS03030,1,0.9978172779083252
CS03031,0,0.018264278769493103
CS03032,0,0.001081715221516788
CS03033,0,4.2647468944778666e-05
CS03034,0,0.00016093082376755774
CS03035,1,0.9943581223487854
CS03036,1,0.0014325365191325545
CS03037,0,0.00018522574100643396
CS03038,1,0.06008664891123772
CS03039,0,0.00017400544311385602
CS03040,0,0.00014883847325108945
CS03041,1,0.04336579889059067
CS03042,1,0.1063188686966896
CS03043,0,0.0011879054363816977
CS03044,0,0.002714985515922308
CS03045,0,0.00023050671734381467
CS03046,1,0.9999227523803711
CS03047,0,0.0001795279822545126
CS03048,1,0.00047285447362810373
CS03049,0,0.0002694791473913938
CS03050,1,0.8976953029632568
CS03051,0,7.484622619813308e-05
CS03052,1,0.9998910427093506
CS03053,0,4.400118632474914e-05
CS03054,0,0.001304506789892912
CS03055,1,0.02080448903143406
CS03056,1,0.00307536986656487
CS03057,0,0.0006166296661831439
CS03058,0,0.0006263342220336199
CS03059,1,0.9961155652999878
CS03060,0,0.0001823546044761315
CS03061,0,0.0005614787223748863
CS03062,0,0.000552778597921133
CS03063,1,0.9978843331336975
CS03064,1,0.0013885231455788016
CS03065,0,0.00016865275392774493
CS03066,0,0.00015843621804378927
CS03067,0,0.00015356238873209804
CS03068,0,0.0001398220774717629
CS03069,0,0.00036259001353755593
CS03070,0,0.00015356238873209804
CS03071,0,0.00025714197545312345
CS03072,0,0.00016865275392774493
CS03073,0,0.0002780309587251395
CS03074,0,0.00019716944370884448
CS03075,0,0.0003514382697176188
CS03076,0,0.0003406293399166316
CS03077,0,0.00015843621804378927
CS03078,0,7.722191367065534e-05
CS03079,0,0.00247262348420918
CS03080,1,0.9996947050094604
CS03081,0,0.00027372167096473277
CS03082,0,0.00172745855525136
CS03083,1,0.9686195850372314
CS03084,0,0.0003199982747901231
CS03085,0,0.0005792917218059301
CS03086,0,0.0020190139766782522
CS03087,0,6.605214002775028e-05
CS03088,0,8.481104305246845e-05
CS03089,1,0.9978843331336975
CS03090,0,0.0004442183708306402
CS03091,1,0.9997933506965637
CS03092,0,0.00012339458044152707
CS03093,0,0.00011591933434829116
CS03094,0,0.00023050671734381467
CS03095,0,0.0017007224960252643
CS03096,0,6.814871449023485e-05
CS03097,0,0.0004373344127088785
CS03098,0,0.00016865275392774493
CS03099,0,0.00017400544311385602
CS03100,1,0.9996199607849121
CS03101,1,0.9980121850967407
CS03102,0,7.484622619813308e-05
CS03103,0,0.6003054976463318
CS03104,1,0.002714985515922308
CS03105,0,0.00019716944370884448
CS03106,1,0.9998644590377808
CS03107,0,0.0005792917218059301
CS03108,1,0.9998601675033569
CS03109,0,0.00023782206699252129
CS03110,0,8.481104305246845e-05
CS03111,0,8.220189192797989e-05
CS03112,1,0.9999227523803711
CS03113,0,0.0004442183708306402
CS03114,1,0.9997507929801941
CS03115,0,0.0044683837331831455
CS03116,0,0.0006361912819556892
CS03117,0,0.00015356238873209804
CS03118,1,0.9999039173126221
CS03119,1,0.9997658133506775
CS03120,0,0.00013552079326473176
CS03121,0,0.998848557472229
CS03122,0,0.00010229986219201237
CS03123,0,0.00045831294846720994
CS03124,1,0.961243748664856
CS03125,0,0.0005274784634821117
CS03126,0,0.0002694791473913938
CS03127,0,0.00214894930832088
CS03128,0,0.00016346470511052758
CS03129,0,5.144221358932555e-05
CS03130,0,0.00020027377468068153
CS03131,1,0.0002611903182696551
CS03132,0,6.014151585986838e-05
CS03133,0,0.0006462032906711102
CS03134,0,0.00015843621804378927
CS03135,0,0.8860265612602234
CS03136,0,0.00020027377468068153
CS03137,0,0.0002492325147613883
CS03138,0,0.0002780309587251395
CS03140,0,0.00014425987319555134
CS03141,1,0.002800926798954606
CS03142,0,0.0004802972252946347
CS03143,0,0.0016484829830005765
CS03144,0,0.00011959858238697052
CS03145,0,7.967301644384861e-05
CS03146,0,0.18952107429504395
CS03147,0,0.00020342698553577065
CS03148,0,0.008315778337419033
CS03149,0,0.0023596605751663446
CS03150,1,0.999868631362915
CS03151,0,0.00010554686014074832
CS03152,1,0.0006361912819556892
CS03153,1,0.9991306662559509
CS03154,0,0.0002098830882459879
CS03155,0,0.00023782206699252129
CS03156,0,0.2609540820121765
CS03157,1,0.4350612163543701
CS03158,0,0.01001356914639473
CS03159,0,0.011158030480146408
CS03160,0,0.00019716944370884448
CS03161,0,0.0002492325147613883
CS03162,0,0.00016346470511052758
CS03163,0,0.0003859660937450826
CS03164,0,0.0002611903182696551
CS03165,0,0.00013135180051904172
CS03166,0,0.9822876453399658
CS03167,0,0.00017400544311385602
CS03168,0,0.0002234163403045386
CS03169,0,0.0001795279822545126
CS03170,0,0.00017674513219390064
CS03171,1,0.9998875856399536
CS03172,0,7.031184213701636e-05
CS03173,1,0.999868631362915
CS03174,1,0.0005112579092383385
CS03175,1,0.9999039173126221
CS03176,0,0.0004802972252946347
CS03177,0,0.00020662981842178851
CS03178,1,0.005469274241477251
CS03179,1,0.9998766183853149
CS03180,1,0.99991774559021
CS03181,0,0.0005193048273213208
CS03182,1,0.9999125003814697
CS03183,0,0.0006986756343394518
CS03184,0,0.5161686539649963
CS03185,0,0.0002531563804950565
CS03186,1,0.9996898174285889
CS03187,0,0.0012448432389646769
CS03188,0,0.0017546144081279635
CS03189,0,0.00040448151412419975
CS03190,1,0.9989350438117981
CS03191,0,0.00024536947603337467
CS03192,0,0.00017400544311385602
CS03193,0,0.012624948285520077
CS03194,0,0.9998511075973511
CS03195,1,0.4612594544887543
CS03196,0,0.0003920417802873999
CS03197,0,0.00036829791497439146
CS03198,0,0.00027372167096473277
CS03199,1,0.9998148083686829
CS03200,0,0.00023413580493070185
CS03201,1,0.0014779430348426104
CS03203,0,0.001304506789892912
CS03204,0,0.00012339458044152707
CS03205,0,0.0005112579092383385
CS03206,1,0.010169656947255135
CS03207,0,0.04603390023112297
CS03208,0,0.00011235327110625803
CS03209,1,0.9962345957756042
CS03210,0,0.00039821307291276753
CS03211,0,5.3075080359121785e-05
CS03212,1,0.99991774559021
CS03213,0,0.01652955822646618
CS03214,1,0.0032224843744188547
CS03215,0,6.605214002775028e-05
CS03216,0,0.0004373344127088785
CS03217,0,0.00014425987319555134
CS03218,1,0.9998365640640259
CS03219,0,0.9953904151916504
CS03220,0,0.0005792917218059301
CS03221,1,0.9960545301437378
CS03222,0,0.00010229986219201237
CS03223,1,0.9998726844787598
CS03224,0,0.0002234163403045386
CS03225,0,0.00024156630388461053
CS03226,0,0.010818448849022388
CS03227,1,0.0014550628839060664
CS03228,0,0.00019716944370884448
CS03229,0,0.005819960031658411
CS03230,0,0.00018522574100643396
CS03231,0,0.00047285447362810373
CS03232,0,0.005819960031658411
CS03233,0,7.722191367065534e-05
CS03234,0,0.00013135180051904172
CS03235,0,0.0002868540759664029
CS03236,0,0.00019716944370884448
CS03237,0,0.00012339458044152707
CS03238,0,0.00037409563083201647
CS03239,0,0.00015356238873209804
CS03240,0,0.0002868540759664029
CS03241,1,0.0029349515680223703
CS03242,0,0.004133968148380518
CS03243,0,0.0008830458391457796
CS03244,0,0.0002098830882459879
CS03245,0,9.915272676153108e-05
CS03246,0,0.001987774157896638
CS03247,0,0.00012339458044152707
CS03248,0,0.00024536947603337467
CS03249,0,0.00033535013790242374
CS03250,0,9.314593626186252e-05
CS03251,0,0.00010229986219201237
CS03252,1,0.0015487611526623368
CS03253,0,0.00010229986219201237
CS03254,0,0.00019411317771300673
CS03255,1,0.9998390674591064
CS03256,0,0.0001398220774717629
CS03257,0,0.00014883847325108945
CS03258,0,0.00970847625285387
CS03259,0,0.10158944875001907
CS03260,0,0.0004512106243055314
CS03261,0,0.0004373344127088785
CS03262,0,0.0003199982747901231
CS03263,0,0.0007793660624884069
CS03264,0,0.0009850081987679005
CS03265,0,0.0002098830882459879
CS03266,0,0.00042388474685139954
CS03267,0,0.00014883847325108945
CS03268,1,0.9928786158561707
CS03269,0,0.814643383026123
CS03270,1,0.9984512329101562
CS03271,0,0.0003301527467556298
CS03272,0,0.00036829791497439146
CS03273,1,0.9997933506965637
CS03274,0,0.00016865275392774493
CS03275,0,0.00036259001353755593
CS03276,1,0.9998910427093506
CS03277,0,0.0010322310263291001
CS03278,1,0.997065007686615
CS03279,0,6.402006692951545e-05
CS03280,0,0.006903837900608778
CS03281,0,0.00023413580493070185
CS03282,0,0.03704717010259628
CS03283,0,0.00016603847325313836
CS03284,1,0.9981897473335266
CS03285,0,0.0007096704212017357
CS03286,0,9.028038766700774e-05
CS03287,0,0.0008559006382711232
CS03288,1,0.9961155652999878
CS03289,0,0.00021654405281879008
CS03290,1,0.9997546076774597
CS03291,0,7.722191367065534e-05
CS03292,0,0.9988840222358704
CS03293,0,0.00022693387290928513
CS03294,0,0.001622966956347227
CS03295,1,0.999868631362915
CS03296,0,0.002800926798954606
CS03297,0,0.00031015597051009536
CS03298,0,0.00010229986219201237
CS03299,1,0.9998644590377808
CS03300,1,0.9998766183853149
CS03301,1,0.0009697519708424807
CS03302,0,0.00020027377468068153
CS03303,0,6.605214002775028e-05
CS03304,1,0.9989515542984009
CS03305,0,0.12294380366802216
CS03306,0,0.0004655269149225205
CS03307,0,0.1555909812450409
CS03308,1,0.01590639166533947
CS03309,0,0.0003406293399166316
CS03310,0,0.00023050671734381467
CS03311,1,0.002287227427586913
CS03312,1,0.6749081611633301
CS03313,0,0.0011160143185406923
CS03314,0,0.010489090345799923
CS03315,0,9.915272676153108e-05
CS03316,0,0.00013135180051904172
CS03317,0,0.0001795279822545126
CS03318,0,0.0004878571489825845
CS03319,0,0.00018522574100643396
CS03320,0,0.00011959858238697052
CS03321,0,0.00010554686014074832
CS03322,0,0.00010554686014074832
CS03323,1,0.00037409563083201647
CS03324,1,0.9996540546417236
CS03325,0,0.00037998449988663197
CS03326,0,0.9955315589904785
CS03327,0,0.00011235327110625803
CS03328,0,0.00019110433640889823
CS03329,0,0.00016346470511052758
CS03330,0,0.0002098830882459879
CS03331,0,0.23440663516521454
CS03332,0,0.00016346470511052758
CS03333,0,0.00031015597051009536
CS03334,0,0.9965165853500366
CS03335,0,0.0012065897462889552
CS03336,1,0.9998601675033569
CS03337,0,0.00020342698553577065
CS03338,1,0.9998089671134949
CS03339,0,0.0002492325147613883
CS03340,0,0.00020342698553577065
CS03341,0,0.0005976693355478346
CS03342,0,0.00014883847325108945
CS03343,1,0.9656413197517395
CS03344,0,9.028038766700774e-05
CS03345,0,6.605214002775028e-05
CS03346,0,0.0032224843744188547
CS03347,0,0.00018522574100643396
CS03348,0,0.0005274784634821117
CS03349,1,0.9998511075973511
CS03350,0,5.829126530443318e-05
CS03351,0,0.00016346470511052758
CS03352,0,0.0005703156348317862
CS03353,1,0.9999008178710938
CS03354,0,0.0002611903182696551
CS03355,0,0.0008969393675215542
CS03356,0,0.00024536947603337467
CS03357,1,0.9993833303451538
CS03358,0,0.9626730680465698
CS03359,0,0.0008295892039313912
CS03360,0,0.0002234163403045386
CS03361,0,0.00013135180051904172
CS03362,0,0.00035697061684913933
CS03363,0,0.00985985528677702
CS03364,0,6.014151585986838e-05
CS03365,1,0.999779999256134
CS03366,0,0.00020342698553577065
CS03367,0,0.0012843082658946514
CS03368,0,6.014151585986838e-05
CS03369,0,0.008577484637498856
CS03370,0,0.00020027377468068153
CS03371,0,0.00019110433640889823
CS03372,0,7.254361116793007e-05
CS03373,0,0.00019110433640889823
CS03374,1,0.9911527037620544
CS03375,0,0.00016865275392774493
CS03376,0,0.0005112579092383385
CS03377,0,0.9820137619972229
CS03378,1,0.9932025074958801
CS03379,0,0.0011879054363816977
CS03380,0,0.0003859660937450826
CS03381,0,0.00020342698553577065
CS03382,0,5.6497930927434936e-05
CS03383,0,0.00020342698553577065
CS03384,0,0.0004655269149225205
CS03385,1,0.9997965693473816
CS03386,1,0.9997765421867371
CS03387,1,0.9967268705368042
CS03388,1,0.9985895752906799
CS03389,1,0.9998726844787598
CS03390,0,0.0012448432389646769
CS03391,0,0.9975656270980835
CS03392,0,0.6645402908325195
CS03393,0,0.00013552079326473176
CS03394,0,0.00020342698553577065
CS03395,0,0.0007096704212017357
CS03396,0,9.314593626186252e-05
CS03397,1,0.9978172779083252
CS03398,1,0.07696083933115005
CS03399,1,0.9859364032745361
CS03400,0,0.0005193048273213208
CS03401,0,0.0001795279822545126
CS03402,0,0.00012731103925034404
CS03403,0,0.0005792917218059301
CS03404,0,0.9946150183677673
CS03405,0,0.0024343819823116064
CS03406,0,0.00029137005913071334
CS03407,0,9.915272676153108e-05
CS03408,0,8.750300185056403e-05
CS03409,0,0.00027372167096473277
CS03410,0,0.0004373344127088785
CS03411,0,0.00042388474685139954
CS03412,0,0.0002098830882459879
CS03413,0,0.00020662981842178851
CS03414,0,0.0008693674462847412
CS03415,0,0.0001795279822545126
CS03417,1,0.9992792010307312
CS03418,0,0.00020342698553577065
CS03419,1,0.2037075161933899
CS03420,0,0.0029810331761837006
CS03421,0,0.0003459916333667934
CS03422,1,0.13846179842948914
CS03423,1,0.9919379353523254
CS03424,0,0.004007288720458746
CS03425,0,0.0991208553314209
CS03426,0,0.00037409563083201647
CS03427,0,0.0010484692174941301
CS03428,1,0.9998028874397278
CS03429,0,0.01971912756562233
CS03430,0,0.0008040859247557819
CS03431,1,0.9932025074958801
CS03432,1,0.9998028874397278
CS03433,0,0.011869121342897415
CS03434,0,0.00011959858238697052
CS03435,0,0.00014425987319555134
CS03436,1,0.9971550703048706
CS03437,0,9.610241977497935e-05
CS03438,1,0.999595582485199
CS03439,0,0.9989995360374451
CS03440,1,0.999045193195343
CS03441,1,0.030444348230957985
CS03442,0,0.00024536947603337467
CS03443,0,0.00025714197545312345
CS03444,1,0.998498797416687
CS03445,0,0.00019716944370884448
CS03446,0,0.0006878511630930007
CS03447,0,0.00016346470511052758
CS03448,0,9.314593626186252e-05
CS03449,0,0.00019110433640889823
CS03450,0,0.0001795279822545126
CS03451,0,0.00020662981842178851
CS03452,0,0.00019110433640889823
CS03453,0,0.0001398220774717629
CS03454,0,7.967301644384861e-05
CS03455,0,0.003376612439751625
CS03456,0,0.0002868540759664029
CS03457,1,0.9999008178710938
CS03458,0,0.9986541271209717
CS03459,0,0.0006263342220336199
CS03460,0,0.000816738058347255
CS03461,0,0.0001795279822545126
CS03462,0,7.722191367065534e-05
CS03463,0,0.0002234163403045386
CS03464,0,7.031184213701636e-05
CS03465,1,9.915272676153108e-05
CS03466,0,0.0002098830882459879
CS03467,1,0.9995891451835632
CS03468,0,0.00011959858238697052
CS03469,0,0.00021654405281879008
CS03470,0,0.0007672925130464137
CS03471,0,7.967301644384861e-05
CS03472,0,7.254361116793007e-05
CS03473,0,0.00011959858238697052
CS03474,0,0.0002868540759664029
CS03475,0,0.0001795279822545126
CS03476,0,9.028038766700774e-05
CS03477,0,0.00012339458044152707
CS03478,0,0.00023782206699252129
CS03479,1,0.02161533571779728
CS03480,0,0.00036259001353755593
CS03481,1,0.026759283617138863
CS03482,1,0.9998601675033569
CS03483,0,0.00031503866193816066
CS03484,0,0.0004955359036102891
CS03485,1,0.9997965693473816
CS03486,1,0.9971103668212891
CS03487,0,0.00021995336282998323
CS03488,0,0.0001795279822545126
CS03489,0,0.00039821307291276753
CS03490,0,0.0003514382697176188
CS03491,0,0.0011160143185406923
CS03492,0,0.0002868540759664029
CS03493,0,0.00024536947603337467
CS03494,0,0.0004305570910219103
CS03495,0,0.00047285447362810373
CS03496,0,0.0003859660937450826
CS03497,0,0.00021654405281879008
CS03498,1,0.8987665772438049
CS03499,0,0.9879462122917175
CS03500,1,0.9998601675033569
CS03501,0,0.0037072529084980488
CS03502,1,0.9489172697067261
CS03503,0,0.002511463360860944
CS03504,0,6.205048703122884e-05
CS03505,0,0.00016093082376755774
CS03506,0,0.00012339458044152707
CS03507,1,0.9989995360374451
CS03508,0,0.0007096704212017357
CS03509,1,0.9999125003814697
CS03510,0,0.9522199034690857
CS03511,0,0.001987774157896638
CS03512,0,0.0010162439430132508
CS03513,0,0.0004878571489825845
CS03514,0,0.0002234163403045386
CS03515,0,0.00020342698553577065
CS03516,0,0.003273064736276865
CS03517,0,0.00011591933434829116
CS03518,1,0.9950946569442749
CS03519,0,0.00019716944370884448
CS03520,0,0.00010554686014074832
CS03521,1,0.10594828426837921
CS03522,1,0.998217761516571
CS03523,0,7.031184213701636e-05
CS03524,0,7.254361116793007e-05
CS03525,0,7.484622619813308e-05
CS03526,0,0.0002780309587251395
CS03527,1,0.9981613755226135
CS03528,0,0.00011591933434829116
CS03529,1,0.12984344363212585
CS03530,0,0.0002611903182696551
CS03531,0,8.220189192797989e-05
CS03532,0,4.985958366887644e-05
CS03533,0,0.00019716944370884448
CS03534,0,0.9102267622947693
CS03535,0,0.00017400544311385602
CS03536,0,0.00018814207578543574
CS03537,0,0.00019110433640889823
CS03538,0,0.0002098830882459879
CS03539,0,0.00015356238873209804
CS03540,0,0.00023782206699252129
CS03541,1,0.9998726844787598
CS03542,0,0.0003459916333667934
CS03543,0,0.00011959858238697052
CS03544,1,0.8936811685562134
CS03545,0,0.0018969199154525995
CS03546,0,0.00014425987319555134
CS03547,0,0.003649987280368805
CS03548,0,0.000656372809316963
CS03549,1,0.1041124165058136
CS03550,0,0.00031503866193816066
CS03551,0,0.0001795279822545126
CS03552,0,9.028038766700774e-05
CS03553,0,0.00025714197545312345
CS03554,0,0.0007321813027374446
CS03555,0,0.005819960031658411
CS03556,0,0.00015843621804378927
CS03557,1,0.00024536947603337467
CS03558,0,9.314593626186252e-05
CS03559,0,0.0004173157794866711
CS03560,0,0.00026530236937105656
CS03561,1,0.9923043847084045
CS03562,0,0.00010889690020121634
CS03563,0,0.00019110433640889823
CS03564,0,0.00015843621804378927
CS03565,1,0.9990890026092529
CS03566,0,0.0005976693355478346
CS03567,1,0.9728307723999023
CS03568,0,0.00015843621804378927
CS03569,1,0.6462369561195374
CS03570,0,0.00018522574100643396
CS03571,0,0.00037998449988663197
CS03572,0,0.0003859660937450826
CS03573,1,0.9997901320457458
CS03574,0,0.00031503866193816066
CS03575,1,0.024423088878393173
CS03576,0,0.0028449094388633966
CS03577,0,0.00023050671734381467
CS03578,0,8.220189192797989e-05
CS03579,0,0.0020507436711341143
CS03580,0,0.00020027377468068153
CS03581,0,0.00016346470511052758
CS03582,0,0.0001795279822545126
CS03583,1,0.0009547316585667431
CS03585,0,0.0004108485300093889
CS03586,0,0.010489090345799923
CS03587,0,0.00011235327110625803
CS03588,1,0.9994725584983826
CS03589,0,0.0003859660937450826
CS03590,1,0.9981897473335266
CS03591,0,0.0005884087877348065
CS03592,0,0.00014883847325108945
CS03593,0,0.0006462032906711102
CS03594,1,0.9998840093612671
CS03595,0,0.0002098830882459879
CS03596,1,0.010652510449290276
CS03597,0,0.0003250358859077096
CS03598,1,0.9996594190597534
CS03599,0,0.0011879054363816977
CS03600,0,0.1830088496208191
CS03601,0,0.0009547316585667431
CS03602,0,0.00017400544311385602
CS03603,0,0.00040448151412419975
CS03604,1,0.9998557567596436
CS03605,0,0.0010005044750869274
CS03606,0,0.00017400544311385602
CS03607,0,9.028038766700774e-05
CS03608,0,0.00015843621804378927
CS03609,0,0.00030061634606681764
CS03610,0,6.605214002775028e-05
CS03611,1,0.9998726844787598
CS03612,0,0.0004442183708306402
CS03613,0,0.00014883847325108945
CS03614,0,0.00013135180051904172
CS03615,1,0.998848557472229
CS03616,0,0.0010649625910446048
CS03617,0,0.5764525532722473
CS03618,0,0.00031015597051009536
CS03619,0,0.0004373344127088785
CS03620,0,0.00020342698553577065
CS03621,1,0.9993928670883179
CS03622,1,0.9999008178710938
CS03623,1,0.879974365234375
CS03624,1,0.9986955523490906
CS03625,1,0.8140527606010437
CS03626,0,0.000816738058347255
CS03627,0,0.010818448849022388
CS03628,0,0.0003920417802873999
CS03629,0,0.9956005811691284
CS03630,0,0.00013552079326473176
CS03631,0,0.00016346470511052758
CS03632,1,0.9999227523803711
CS03633,0,0.00023782206699252129
CS03634,0,0.00021654405281879008
CS03635,0,0.00030534894904121757
CS03636,0,0.0002234163403045386
CS03637,0,0.0002098830882459879
CS03638,0,0.0001795279822545126
CS03639,1,0.9979810118675232
CS03640,0,8.481104305246845e-05
CS03641,1,0.9999039173126221
CS03642,1,0.9984269142150879
CS03643,1,0.9998028874397278
CS03644,1,0.999868631362915
CS03645,1,0.01578456163406372
CS03646,0,0.00012731103925034404
CS03647,0,0.0060035958886146545
CS03648,0,0.0006263342220336199
CS03649,1,0.986151397228241
CS03650,1,0.99991774559021
CS03651,0,0.0002531563804950565
CS03652,1,0.999713122844696
CS03653,0,0.003376612439751625
CS03654,0,0.00011959858238697052
CS03655,1,0.9999039173126221
CS03656,1,0.9964063763618469
CS03657,0,0.9893474578857422
CS03658,0,8.750300185056403e-05
CS03659,0,0.00019110433640889823
CS03660,0,0.00023413580493070185
CS03661,0,0.00019716944370884448
CS03662,0,0.9991573095321655
CS03663,0,0.00010229986219201237
CS03664,0,0.15662017464637756
CS03665,0,0.0002868540759664029
CS03666,0,9.610241977497935e-05
CS03667,0,0.00010554686014074832
CS03668,0,8.220189192797989e-05
CS03669,0,0.0006166296661831439
CS03670,0,0.0004373344127088785
CS03672,0,0.0002780309587251395
CS03673,0,0.00023050671734381467
CS03674,0,0.0007793660624884069
CS03675,1,0.9964619278907776
CS03676,0,0.009268013760447502
CS03677,0,0.0003199982747901231
CS03678,0,0.0006361912819556892
CS03679,0,4.539786823443137e-05
CS03680,0,7.031184213701636e-05
CS03681,0,0.0002098830882459879
CS03682,1,0.00023050671734381467
CS03683,1,0.9935117363929749
CS03684,0,0.0002098830882459879
CS03685,0,0.00024156630388461053
CS03686,1,0.9998464584350586
CS03687,1,0.0005792917218059301
CS03688,1,0.0012448432389646769
CS03689,1,0.00019110433640889823
CS03690,0,0.00013552079326473176
CS03691,0,0.00014425987319555134
CS03692,1,0.9998875856399536
CS03693,0,0.0002098830882459879
CS03694,0,7.484622619813308e-05
CS03695,0,9.314593626186252e-05
CS03696,0,5.475977013702504e-05
CS03697,0,0.0008969393675215542
CS03698,0,0.9997305274009705
CS03699,0,0.9822876453399658
CS03700,0,0.00035697061684913933
CS03701,0,0.00015843621804378927
CS03702,0,0.0004802972252946347
CS03703,0,0.0003920417802873999
CS03704,1,0.9986329674720764
CS03705,0,0.00012339458044152707
CS03706,0,0.0005884087877348065
CS03707,1,0.999783456325531
CS03708,0,0.00018814207578543574
CS03709,0,0.0008426423300988972
CS03710,0,0.00024156630388461053
CS03711,0,0.00025714197545312345
CS03712,0,0.00010889690020121634
CS03713,0,0.00026530236937105656
CS03714,0,0.0005442132824100554
CS03715,0,0.00024156630388461053
CS03716,0,0.0005193048273213208
CS03717,0,0.0007793660624884069
CS03718,0,7.254361116793007e-05
CS03719,1,0.9998313188552856
CS03720,0,0.0006771942134946585
CS03721,1,0.0011695101857185364
CS03722,0,0.00016346470511052758
CS03723,0,0.00031015597051009536
CS03724,1,0.00020662981842178851
CS03725,0,0.0001823546044761315
CS03726,0,0.0004373344127088785
CS03727,0,9.314593626186252e-05
CS03728,1,0.9999151229858398
CS03729,0,0.0006667023408226669
CS03730,0,4.539786823443137e-05
CS03731,0,0.00012339458044152707
CS03732,0,0.0005033356137573719
CS03733,0,7.484622619813308e-05
CS03734,0,0.00018522574100643396
CS03735,0,0.00013552079326473176
CS03736,0,0.0003199982747901231
CS03737,0,0.26020145416259766
CS03738,0,9.314593626186252e-05
CS03739,1,0.9099069833755493
CS03740,0,8.220189192797989e-05
CS03741,0,0.00020027377468068153
CS03742,0,0.00021654405281879008
CS03743,0,8.220189192797989e-05
CS03744,0,0.0004442183708306402
CS03745,0,0.00018522574100643396
CS03746,1,0.021948253735899925
CS03747,0,8.481104305246845e-05
CS03748,0,0.9643214344978333
CS03749,1,0.8499711751937866
CS03750,0,0.00026530236937105656
CS03751,0,0.0006462032906711102
CS03752,1,0.9973269701004028
CS03753,0,8.481104305246845e-05
CS03754,1,0.00037409563083201647
CS03755,0,0.0002868540759664029
CS03756,1,0.9989515542984009
CS03757,0,0.00016346470511052758
CS03758,1,0.9950946569442749
CS03759,0,0.00014883847325108945
CS03760,0,0.9985221028327942
CS03761,0,0.00030061634606681764
CS03762,0,0.0006166296661831439
CS03763,1,0.5664982199668884
CS03764,0,0.005220125894993544
CS03765,0,0.0005792917218059301
CS03766,0,0.0002824080584105104
CS03767,0,0.2935057282447815
CS03768,0,0.0013458604225888848
CS03769,0,8.220189192797989e-05
CS03770,1,0.9994887113571167
CS03771,1,0.9970190525054932
CS03772,0,0.0002234163403045386
CS03773,0,0.9986329674720764
CS03774,0,0.0018386653391644359
CS03775,0,0.00014425987319555134
CS03776,0,0.0014550628839060664
CS03777,0,0.0010322310263291001
CS03778,0,0.30611202120780945
CS03779,0,7.484622619813308e-05
CS03780,1,0.999783456325531
CS03781,0,0.00014425987319555134
CS03782,0,0.00014883847325108945
CS03783,1,0.9994966983795166
CS03784,0,0.9992445707321167
CS03785,0,0.997368335723877
CS03786,0,0.0001398220774717629
CS03787,0,0.999045193195343
CS03788,0,0.5818971991539001
CS03789,0,9.028038766700774e-05
CS03790,0,0.00020027377468068153
CS03791,0,7.967301644384861e-05
CS03792,1,0.0008040859247557819
CS03793,0,0.0009697519708424807
CS03794,0,0.00021654405281879008
CS03795,0,7.967301644384861e-05
CS03796,0,0.0038244836032390594
CS03797,1,0.9998058676719666
CS03798,0,9.314593626186252e-05
CS03799,0,0.0005193048273213208
CS03800,0,0.0009697519708424807
CS03801,0,0.00026530236937105656
CS03802,0,0.005060331895947456
CS03803,0,7.722191367065534e-05
CS03804,0,0.00011959858238697052
CS03805,0,0.0005792917218059301
CS03806,0,0.00019411317771300673
CS03807,0,0.0014325365191325545
CS03808,0,7.967301644384861e-05
CS03809,0,0.0003301527467556298
CS03810,0,0.0022518474142998457
CS03811,0,0.00018522574100643396
CS03812,1,0.9980121850967407
CS03813,0,0.0005703156348317862
CS03814,0,0.00014883847325108945
CS03815,0,0.0005792917218059301
CS03816,0,0.013020489364862442
CS03817,0,0.00011235327110625803
CS03818,0,0.00012731103925034404
CS03819,0,0.00011235327110625803
CS03820,0,0.001081715221516788
CS03821,0,0.0002098830882459879
CS03822,0,0.0004373344127088785
CS03823,0,9.915272676153108e-05
CS03824,1,0.9994115829467773
CS03825,1,0.9998464584350586
CS03826,0,0.0008969393675215542
CS03827,0,0.00013552079326473176
CS03828,0,0.0002531563804950565
CS03829,1,0.002511463360860944
CS03830,0,0.00015843621804378927
CS03831,0,7.484622619813308e-05
CS03832,0,0.00021654405281879008
CS03833,0,5.144221358932555e-05
CS03834,0,0.00018522574100643396
CS03835,0,0.017576880753040314
CS03836,0,0.9972423315048218
CS03837,0,0.0012065897462889552
CS03838,0,0.0009697519708424807
CS03839,0,0.0009547316585667431
CS03840,0,4.683888619183563e-05
CS03841,0,0.0002780309587251395
CS03842,1,0.00307536986656487
CS03843,0,0.00019110433640889823
CS03844,0,0.00012339458044152707
CS03845,1,0.9999227523803711
CS03846,0,0.0009399439441040158
CS03847,0,0.00019716944370884448
CS03848,0,0.00019110433640889823
CS03849,0,0.00029595711384899914
CS03850,0,9.610241977497935e-05
CS03851,0,0.9937100410461426
CS03852,0,0.005911069456487894
CS03853,0,0.00019110433640889823
CS03854,0,0.00023413580493070185
CS03855,0,4.832564081880264e-05
CS03856,1,0.9998557567596436
CS03857,1,0.999438464641571
CS03858,0,0.00955939944833517
CS03859,1,0.999045193195343
CS03860,0,0.0015487611526623368
CS03861,0,0.0027576221618801355
CS03862,1,8.481104305246845e-05
CS03863,0,0.003429603762924671
CS03864,1,0.9996800422668457
CS03865,1,0.9998644590377808
CS03866,0,0.0002098830882459879
CS03867,0,0.000816738058347255
CS03868,1,0.9811668992042542
CS03869,0,0.999045193195343
CS03870,0,0.0005274784634821117
CS03871,0,0.0010162439430132508
CS03872,0,0.995866060256958
CS03873,0,0.00023413580493070185
CS03874,0,0.0008559006382711232
CS03875,1,0.9997262358665466
CS03876,0,0.0007916296599432826
CS03877,1,0.999464213848114
CS03878,0,0.0026316740550100803
CS03879,0,8.750300185056403e-05
CS03880,0,0.0002098830882459879
CS03881,1,0.9938070178031921
CS03882,0,0.00026530236937105656
CS03883,0,0.00024536947603337467
CS03884,0,7.031184213701636e-05
CS03885,1,0.0005274784634821117
CS03886,0,0.00013765462790615857
CS03887,1,0.999322772026062
CS03888,0,0.0006667023408226669
CS03889,0,0.7114308476448059
CS03890,1,0.8670357465744019
CS03891,0,0.2609540820121765
CS03892,0,0.00019110433640889823
CS03893,0,0.0003459916333667934
CS03894,0,0.9683812260627747
CS03895,0,0.00018522574100643396
CS03896,0,0.00016865275392774493
CS03897,0,0.00020027377468068153
CS03898,1,0.9979169964790344
CS03899,0,0.000656372809316963
CS03900,0,0.00247262348420918
CS03901,0,0.0014325365191325545
CS03902,0,0.0002868540759664029
CS03903,1,0.9965165853500366
CS03904,0,8.220189192797989e-05
CS03905,0,0.00016865275392774493
CS03906,1,0.9996646642684937
CS03907,0,0.007232763804495335
CS03908,0,0.00015356238873209804
CS03909,0,6.605214002775028e-05
CS03910,1,0.9918121099472046
CS03911,0,0.9989515542984009
CS03912,0,0.00021654405281879008
CS03913,0,0.07396337389945984
CS03914,0,0.002287227427586913
CS03915,0,0.0004442183708306402
CS03916,0,0.0022518474142998457
CS03918,0,0.0003199982747901231
CS03919,0,0.00019716944370884448
CS03920,0,0.00042388474685139954
CS03921,1,0.023509450256824493
CS03922,0,0.00011591933434829116
CS03923,0,0.0004878571489825845
CS03924,0,6.014151585986838e-05
CS03925,1,0.9998766183853149
CS03926,0,0.0008040859247557819
CS03927,0,0.0002492325147613883
CS03928,0,0.0002868540759664029
CS03929,0,0.00025714197545312345
CS03930,0,6.605214002775028e-05
CS03931,0,0.0002611903182696551
CS03932,0,0.0004512106243055314
CS03933,0,0.999555766582489
CS03934,0,0.9966756105422974
CS03935,0,0.0004108485300093889
CS03936,0,0.00013135180051904172
CS03937,0,0.00016865275392774493
CS03938,0,0.0009697519708424807
CS03939,0,0.006388320587575436
CS03940,1,0.052618954330682755
CS03941,1,0.0024343819823116064
CS03942,0,0.00015843621804378927
CS03943,0,8.481104305246845e-05
CS03944,0,0.00023413580493070185
CS03945,0,0.00015843621804378927
CS03946,1,0.5722447633743286
CS03947,0,0.008445627987384796
CS03948,0,0.00016346470511052758
CS03949,0,0.0008830458391457796
CS03950,0,0.9556514620780945
CS03951,1,0.0013458604225888848
CS03952,0,0.00010229986219201237
CS03953,0,0.00015356238873209804
CS03954,1,0.9992678761482239
CS03955,1,0.0541987270116806
CS03956,0,0.0003406293399166316
CS03957,0,0.0004878571489825845
CS03958,0,0.00031503866193816066
CS03959,0,0.0001713081874186173
CS03960,0,0.0006667023408226669
CS03961,0,0.00015356238873209804
CS03962,0,0.0015011822106316686
CS03963,0,0.0002492325147613883
CS03964,0,0.00033535013790242374
CS03965,0,0.04569203406572342
CS03966,0,0.00031015597051009536
CS03967,1,0.9997468590736389
CS03968,0,6.814871449023485e-05
CS03969,0,0.038178276270627975
CS03970,0,0.0007793660624884069
CS03971,0,0.0002234163403045386
CS03972,0,0.00037998449988663197
CS03973,0,0.9996373653411865
CS03974,0,0.06371499598026276
CS03975,0,0.00029595711384899914
CS03976,0,0.03185885772109032
CS03977,1,0.9978843331336975
CS03978,0,0.0002531563804950565
CS03979,0,0.0005703156348317862
CS03980,0,9.915272676153108e-05
CS03981,0,8.750300185056403e-05
CS03982,1,0.9987157583236694
CS03983,0,0.00047285447362810373
CS03984,0,0.00013552079326473176
CS03985,1,0.9982725381851196
CS03986,0,0.3094409108161926
CS03988,0,0.00023782206699252129
CS03989,0,0.00026530236937105656
CS03990,1,0.9997997879981995
CS03991,0,0.00023050671734381467
CS03992,0,0.007121428847312927
CS03993,0,0.0002780309587251395
CS03994,0,0.00035697061684913933
CS03995,0,0.00047285447362810373
CS03996,0,0.0002234163403045386
CS03997,1,0.0006462032906711102
CS03998,0,0.0001398220774717629
CS03999,0,0.0004305570910219103
CS04000,0,4.832564081880264e-05
CS04001,0,0.00023782206699252129
CS04002,0,0.0003406293399166316
CS04003,0,0.0002098830882459879
CS04004,1,0.9637799859046936
CS04005,0,0.0004955359036102891
CS04006,0,0.010818448849022388
CS04007,0,0.00014883847325108945
CS04008,0,0.0002234163403045386
CS04009,0,6.605214002775028e-05
CS04010,1,0.017045317217707634
CS04011,0,7.031184213701636e-05
CS04012,1,0.0011160143185406923
CS04013,0,0.00015356238873209804
CS04014,0,0.0015978454612195492
CS04015,0,0.0005274784634821117
CS04016,0,0.004331502132117748
CS04017,1,0.9997933506965637
CS04018,0,0.0006263342220336199
CS04019,0,7.031184213701636e-05
CS04020,0,0.00020342698553577065
CS04021,0,0.00024536947603337467
CS04022,1,0.3553273677825928
CS04023,0,0.0003250358859077096
CS04024,0,0.00017400544311385602
CS04025,1,0.9669140577316284
CS04026,0,5.829126530443318e-05
CS04027,1,0.999823272228241
CS04028,1,0.0002234163403045386
CS04029,0,0.00021654405281879008
CS04030,1,0.9998205304145813
CS04031,0,0.00013552079326473176
CS04032,0,0.00021654405281879008
CS04033,1,0.9999125003814697
CS04034,0,0.00016865275392774493
CS04035,0,0.0004878571489825845
CS04036,1,0.02822098694741726
CS04037,0,0.004331502132117748
CS04038,1,0.9998601675033569
CS04039,1,0.9998089671134949
CS04040,0,0.00010229986219201237
CS04041,0,0.03934250399470329
CS04042,0,0.0003920417802873999
CS04043,0,0.00023413580493070185
CS04044,0,0.09636510163545609
CS04045,0,6.014151585986838e-05
CS04046,1,0.9999251365661621
CS04047,0,0.00013552079326473176
CS04048,0,0.0010649625910446048
CS04049,0,0.0005614787223748863
CS04050,0,0.00015843621804378927
CS04051,0,0.00014425987319555134
CS04052,0,0.00031503866193816066
CS04053,0,0.00010889690020121634
CS04054,0,0.0009697519708424807
CS04055,0,0.9759464263916016
CS04056,0,0.00027372167096473277
CS04057,0,0.00036829791497439146
CS04058,0,0.00025714197545312345
CS04059,0,4.683888619183563e-05
CS04060,0,0.00015843621804378927
CS04061,1,0.0015978454612195492
CS04062,0,0.0009399439441040158
CS04063,1,0.9998804330825806
CS04064,0,7.254361116793007e-05
CS04065,0,0.942081868648529
CS04066,1,0.9997085928916931
CS04067,0,0.00013552079326473176
CS04068,0,0.06187598779797554
CS04069,0,0.0014103584690019488
CS04070,0,0.00030534894904121757
CS04071,0,0.0023596605751663446
CS04072,1,0.00042388474685139954
CS04073,0,0.00016346470511052758
CS04074,0,7.967301644384861e-05
CS04075,0,0.195901557803154
CS04076,0,0.0002131875662598759
CS04077,1,0.9996594190597534
CS04078,1,0.0020190139766782522
CS04079,1,0.9996429681777954
CS04080,0,0.0006166296661831439
CS04081,0,0.0002098830882459879
CS04082,0,0.00027372167096473277
CS04083,0,0.0012448432389646769
CS04084,0,0.00018814207578543574
CS04085,0,0.0013458604225888848
CS04086,1,0.9997428059577942
CS04087,0,0.00013552079326473176
CS04088,0,0.00016603847325313836
CS04089,0,0.00018522574100643396
CS04090,0,0.9437636137008667
CS04091,0,9.610241977497935e-05
CS04092,0,0.0001795279822545126
CS04093,0,0.00042388474685139954
CS04094,1,0.9999203681945801
CS04095,0,0.00020342698553577065
CS04096,0,9.915272676153108e-05
CS04097,0,0.00029595711384899914
CS04098,1,0.6025294065475464
CS04099,1,0.9997507929801941
CS04100,1,0.9957352876663208
CS04101,0,0.00016346470511052758
CS04102,1,0.013121270574629307
CS04103,0,0.0002780309587251395
CS04104,0,0.003429603762924671
CS04105,0,0.0002098830882459879
CS04106,0,0.00029595711384899914
CS04107,1,0.9990149736404419
CS04108,1,0.9997695088386536
CS04109,0,0.40180516242980957
CS04110,0,6.014151585986838e-05
CS04111,0,0.0003459916333667934
CS04112,1,0.9029524326324463
CS04113,0,0.00035697061684913933
CS04114,0,6.014151585986838e-05
CS04115,0,0.0004442183708306402
CS04116,0,0.0002824080584105104
CS04117,0,8.220189192797989e-05
CS04118,0,0.00024156630388461053
CS04119,0,0.0013670255430042744
CS04120,1,0.9998028874397278
CS04121,0,0.0003250358859077096
CS04122,0,8.220189192797989e-05
CS04123,0,0.00015356238873209804
CS04124,0,6.605214002775028e-05
CS04125,0,0.0014325365191325545
CS04126,0,0.0005033356137573719
CS04127,0,0.00012731103925034404
CS04128,0,0.00020342698553577065
CS04129,0,0.0009399439441040158
CS04130,0,0.0029810331761837006
CS04131,1,0.9997695088386536
CS04132,0,0.0015011822106316686
CS04133,0,0.9995417594909668
CS04134,0,9.915272676153108e-05
CS04135,1,0.999868631362915
CS04136,0,0.0001795279822545126
CS04137,0,0.0004655269149225205
CS04138,0,5.3075080359121785e-05
CS04139,0,6.814871449023485e-05
CS04140,0,0.0009253848693333566
CS04141,0,0.0003514382697176188
CS04142,0,0.9888418912887573
CS04143,1,0.3562226891517639
CS04144,0,0.0753123089671135
CS04145,0,0.00014425987319555134
CS04146,0,0.00023782206699252129
CS04147,0,0.0005884087877348065
CS04148,0,0.0014325365191325545
CS04149,1,0.9960545301437378
CS04150,0,0.9905874133110046
CS04151,0,0.0001398220774717629
CS04152,0,0.00016346470511052758
CS04153,0,0.9877586960792542
CS04154,0,0.001304506789892912
CS04155,0,0.00023782206699252129
CS04156,0,0.0009697519708424807
CS04157,0,0.09534946084022522
CS04158,0,0.0005614787223748863
CS04159,0,9.028038766700774e-05
CS04160,0,0.0003250358859077096
CS04161,0,0.00020342698553577065
CS04162,0,0.00023782206699252129
CS04163,0,0.0002611903182696551
CS04164,0,0.00013135180051904172
CS04165,0,0.00015356238873209804
CS04166,1,0.9957352876663208
CS04167,0,0.0006462032906711102
CS04168,0,0.00016865275392774493
CS04169,0,0.0003514382697176188
CS04170,0,0.00021654405281879008
CS04171,0,0.0012065897462889552
CS04172,1,0.00020662981842178851
CS04173,1,0.005139610730111599
CS04174,0,0.00010554686014074832
CS04175,0,0.00020342698553577065
CS04176,1,0.0010322310263291001
CS04177,1,0.0018102109897881746
CS04178,0,7.254361116793007e-05
CS04179,1,0.0008295892039313912
CS04180,1,0.999779999256134
CS04181,0,0.00010229986219201237
CS04182,1,0.0018675660248845816
CS04183,0,9.610241977497935e-05
CS04184,1,0.7728736996650696
CS04185,0,0.005911069456487894
CS04186,1,0.9998148083686829
CS04187,0,0.0010005044750869274
CS04188,0,0.00012731103925034404
CS04189,0,0.4577426612377167
CS04190,0,0.0022518474142998457
CS04191,0,0.0035936026833951473
CS04192,0,0.0003301527467556298
CS04193,0,0.0001398220774717629
CS04194,1,0.9997262358665466
CS04195,0,0.0004108485300093889
CS04196,0,0.0008559006382711232
CS04197,0,0.0005274784634821117
CS04198,0,0.00040448151412419975
CS04199,0,0.002800926798954606
CS04200,0,5.3075080359121785e-05
CS04201,0,0.000816738058347255
CS04202,0,0.00019110433640889823
CS04203,0,5.829126530443318e-05
CS04204,1,0.999779999256134
CS04205,0,0.9987157583236694
CS04206,0,0.0004373344127088785
CS04207,1,0.027376487851142883
CS04208,0,0.00015843621804378927
CS04209,0,0.0003199982747901231
CS04210,0,0.00014425987319555134
CS04211,0,0.0003406293399166316
CS04212,0,0.0024343819823116064
CS04213,0,0.0061929901130497456
CS04214,0,0.0005193048273213208
CS04215,0,0.0016743993619456887
CS04216,0,0.0064882696606218815
CS04217,0,0.001524786464869976
CS04218,0,0.9043130874633789
CS04219,1,0.9609517455101013
CS04220,0,0.00031015597051009536
CS04221,0,0.00011959858238697052
CS04222,0,9.028038766700774e-05
CS04223,0,0.00247262348420918
CS04224,0,0.0002611903182696551
CS04225,0,0.005060331895947456
CS04226,0,0.0005614787223748863
CS04227,1,0.9963500499725342
CS04228,0,8.481104305246845e-05
CS04229,0,0.0005112579092383385
CS04230,0,0.0007793660624884069
CS04231,1,0.9998028874397278
CS04232,0,0.00024156630388461053
CS04233,1,0.9795113801956177
CS04234,0,0.00015843621804378927
CS04235,0,0.00018522574100643396
CS04236,0,0.002889581024646759
CS04237,1,0.997285008430481
CS04238,0,0.00019110433640889823
CS04239,0,0.00019716944370884448
CS04240,1,0.9996429681777954
CS04241,1,0.986151397228241
CS04242,1,0.9998260140419006
CS04243,0,0.00019110433640889823
CS04244,0,0.0006462032906711102
CS04245,0,0.0007916296599432826
CS04246,0,0.0005357805639505386
CS04247,0,0.0001398220774717629
CS04248,1,0.8910549879074097
CS04249,0,0.00020342698553577065
CS04250,1,0.9866748452186584
CS04251,0,0.00017400544311385602
CS04252,0,0.00014883847325108945
CS04253,1,0.9998058676719666
CS04254,1,0.9981030225753784
CS04255,0,0.00019411317771300673
CS04256,0,0.00016346470511052758
CS04257,1,0.03514484688639641
CS04258,0,0.0010484692174941301
CS04259,0,0.0005703156348317862
CS04260,0,0.00019110433640889823
CS04261,1,0.0008559006382711232
CS04262,0,0.008315778337419033
CS04263,0,0.0002694791473913938
CS04264,0,0.00018522574100643396
CS04265,0,0.00037998449988663197
CS04266,0,0.00011959858238697052
CS04267,0,0.0001795279822545126
CS04268,0,0.00014425987319555134
CS04269,0,0.00011235327110625803
CS04270,0,0.00035697061684913933
CS04271,0,0.00021654405281879008
CS04272,0,0.9960545301437378
CS04273,0,0.00018522574100643396
CS04274,1,0.9998644590377808
CS04275,0,0.00015843621804378927
CS04276,0,0.0002098830882459879
CS04277,1,0.999868631362915
CS04278,0,0.0003406293399166316
CS04279,0,0.00042388474685139954
CS04280,0,0.001151399570517242
CS04281,0,0.00042388474685139954
CS04282,0,0.9949396848678589
CS04283,0,0.011158030480146408
CS04284,0,0.00020662981842178851
CS04285,1,0.9998644590377808
CS04286,0,0.0006462032906711102
CS04287,0,0.006289901677519083
CS04288,0,0.00019110433640889823
CS04289,0,7.031184213701636e-05
CS04290,0,0.1795305609703064
CS04291,1,0.869714617729187
CS04292,0,0.0006263342220336199
CS04293,0,0.00019716944370884448
CS04294,0,0.00019716944370884448
CS04295,0,0.00045831294846720994
CS04296,0,7.722191367065534e-05
CS04297,1,0.7934262752532959
CS04298,0,0.0009110512328334153
CS04299,0,0.0005884087877348065
CS04300,1,0.007937993854284286
CS04301,0,0.0007096704212017357
CS04302,1,0.9996750354766846
CS04303,1,0.9875683188438416
CS04304,0,0.9998766183853149
CS04305,0,0.00017400544311385602
CS04306,0,0.00023782206699252129
CS04307,1,0.0003859660937450826
CS04308,0,0.00010889690020121634
CS04309,0,0.0003406293399166316
CS04310,1,0.9997040629386902
CS04311,1,0.0010322310263291001
CS04312,1,0.9991030693054199
CS04313,0,0.0006070755189284682
CS04314,0,0.00013552079326473176
CS04315,0,0.12549345195293427
CS04316,0,0.00015598026220686734
CS04317,0,0.0011160143185406923
CS04318,0,0.0004442183708306402
CS04319,0,0.00011959858238697052
CS04320,0,0.00020342698553577065
CS04321,1,0.00037409563083201647
CS04322,1,0.9995344877243042
CS04323,0,0.00011235327110625803
CS04324,1,0.02909075655043125
CS04326,1,0.9998089671134949
CS04327,1,0.9998766183853149
CS04328,1,0.9999068975448608
CS04329,0,0.0004512106243055314
CS04330,1,0.9884918928146362
CS04331,0,0.00020342698553577065
CS04332,1,0.00047285447362810373
CS04333,1,0.8198933005332947
CS04334,1,0.00022693387290928513
CS04335,0,0.00035697061684913933
CS04336,1,0.08601587265729904
CS04337,0,0.00013552079326473176
CS04338,0,0.00023050671734381467
CS04339,0,0.0012255674228072166
CS04340,0,0.00010554686014074832
CS04341,0,0.00029595711384899914
CS04342,0,0.0001398220774717629
CS04343,0,0.00020662981842178851
CS04344,0,0.00013552079326473176
CS04345,1,0.9991030693054199
CS04346,0,0.00020342698553577065
CS04347,0,0.00013552079326473176
CS04348,0,0.00024156630388461053
CS04349,1,0.11516223102807999
CS04350,0,0.0009110512328334153
CS04351,0,0.00018522574100643396
CS04352,0,0.9515040516853333
CS04353,0,0.0004373344127088785
CS04354,1,0.001782196224667132
CS04355,0,0.0004442183708306402
CS04356,0,0.0007321813027374446
CS04357,0,0.0004512106243055314
CS04358,0,8.750300185056403e-05
CS04359,1,0.9998910427093506
CS04360,0,9.028038766700774e-05
CS04361,0,0.00030061634606681764
CS04362,0,0.00023413580493070185
CS04363,1,0.9999008178710938
CS04364,1,0.9999039173126221
CS04365,1,0.0044683837331831455
CS04366,0,0.00033535013790242374
CS04367,0,0.9867772459983826
CS04368,0,0.0006361912819556892
CS04369,0,0.00019110433640889823
CS04370,0,0.00010554686014074832
CS04371,0,0.00047285447362810373
CS04372,0,0.0014550628839060664
CS04373,0,0.005911069456487894
CS04374,0,0.004198795184493065
CS04375,0,8.481104305246845e-05
CS04376,0,0.00033535013790242374
CS04377,0,6.402006692951545e-05
CS04378,0,0.0009850081987679005
CS04379,0,5.6497930927434936e-05
CS04380,0,0.0008969393675215542
CS04381,0,0.0001795279822545126
CS04382,0,0.0002780309587251395
CS04383,0,0.00024536947603337467
CS04384,0,0.002511463360860944
CS04385,1,0.9999097585678101
CS04386,0,0.0001823546044761315
CS04387,0,0.00021995336282998323
CS04388,0,0.0005976693355478346
CS04389,0,0.9997546076774597
CS04390,1,0.9996199607849121
CS04391,0,0.003945406526327133
CS04392,1,0.9993638396263123
CS04393,0,0.9830850958824158
CS04394,0,0.0003459916333667934
CS04395,0,0.0006667023408226669
CS04396,0,0.0015011822106316686
CS04397,0,0.00011591933434829116
CS04398,1,0.1225232183933258
CS04399,1,0.9997219443321228
CS04400,1,0.999779999256134
CS04401,0,6.402006692951545e-05
CS04402,0,0.00010229986219201237
CS04403,0,0.001151399570517242
CS04404,0,0.0025909794494509697
CS04405,0,0.00018522574100643396
CS04406,0,0.0007554056355729699
CS04407,1,0.9998726844787598
CS04408,1,0.9998511075973511
CS04409,0,0.00018522574100643396
CS04410,1,0.22884513437747955
CS04411,1,0.9998804330825806
CS04412,0,0.0001795279822545126
CS04413,0,0.00035697061684913933
CS04414,0,0.00010554686014074832
CS04415,0,0.00014425987319555134
CS04416,0,6.205048703122884e-05
CS04417,0,7.967301644384861e-05
CS04418,1,0.9994725584983826
CS04419,0,0.0009697519708424807
CS04420,0,0.0003920417802873999
CS04421,0,0.00019411317771300673
CS04422,0,0.00017400544311385602
CS04423,0,0.00033535013790242374
CS04424,0,0.00031503866193816066
CS04425,1,0.010328153148293495
CS04426,0,0.0001795279822545126
CS04427,0,0.00010554686014074832
CS04428,0,0.0006878511630930007
CS04429,0,0.0004442183708306402
CS04430,0,0.0001398220774717629
CS04431,0,0.0002492325147613883
CS04432,0,0.00021654405281879008
CS04433,0,0.0005976693355478346
CS04434,0,9.915272676153108e-05
CS04435,0,6.402006692951545e-05
CS04436,0,0.0012448432389646769
CS04437,0,0.00013552079326473176
CS04438,0,0.8423450589179993
CS04439,1,0.9997997879981995
CS04440,1,0.999783456325531
CS04441,0,0.999373733997345
CS04442,0,0.999208390712738
CS04443,1,0.9998944997787476
CS04444,0,0.0013458604225888848
CS04445,0,0.0016743993619456887
CS04446,0,0.0120537793263793
CS04447,0,0.00035697061684913933
CS04448,0,0.0009399439441040158
CS04449,0,0.00045831294846720994
CS04450,0,0.00016346470511052758
CS04451,0,8.750300185056403e-05
CS04452,0,0.0001795279822545126
CS04453,0,0.00020342698553577065
CS04454,1,0.0010484692174941301
CS04455,0,0.0007321813027374446
CS04456,0,0.0002611903182696551
CS04457,1,0.999480664730072
CS04458,0,0.0004878571489825845
CS04459,1,0.9998028874397278
CS04460,0,0.001304506789892912
CS04461,0,5.3075080359121785e-05
CS04462,1,0.0015487611526623368
CS04463,0,0.00012339458044152707
CS04464,0,0.00018522574100643396
CS04465,0,0.0005112579092383385
CS04466,0,0.00037998449988663197
CS04467,0,0.0003920417802873999
CS04468,1,0.9998875856399536
CS04469,0,0.00010889690020121634
CS04470,0,0.0001795279822545126
CS04471,1,0.9881309270858765
CS04472,0,0.00023050671734381467
CS04473,0,0.00023782206699252129
CS04474,1,0.9996373653411865
CS04475,0,0.0006070755189284682
CS04476,0,7.254361116793007e-05
CS04477,0,0.0010322310263291001
CS04478,0,0.0002780309587251395
CS04479,0,0.00014425987319555134
CS04480,0,0.00016093082376755774
CS04481,0,0.00010229986219201237
CS04482,0,7.722191367065534e-05
CS04483,0,0.00016346470511052758
CS04484,1,7.031184213701636e-05
CS04485,0,0.0003199982747901231
CS04486,0,0.00019716944370884448
CS04487,0,0.00019716944370884448
CS04488,0,0.0035936026833951473
CS04489,0,0.0002234163403045386
CS04490,0,5.475977013702504e-05
CS04491,1,0.999783456325531
CS04492,1,0.9999203681945801
CS04493,0,0.0005033356137573719
CS04494,0,0.00036259001353755593
CS04495,1,0.9999227523803711
CS04496,0,0.9916841983795166
CS04497,0,0.0003250358859077096
CS04498,0,0.0006878511630930007
CS04499,1,0.9986541271209717
CS04500,1,0.36118200421333313
CS04501,0,0.00013552079326473176
CS04502,0,0.00013552079326473176
CS04503,0,8.481104305246845e-05
CS04504,0,0.0003199982747901231
CS04505,0,0.0009850081987679005
CS04506,0,0.11047115176916122
CS04507,0,0.0003920417802873999
CS04508,0,0.00045831294846720994
CS04509,0,6.014151585986838e-05
CS04510,0,0.0010322310263291001
CS04511,0,0.0005033356137573719
CS04512,1,0.0007096704212017357
CS04513,1,0.2351083904504776
CS04514,0,0.0005442132824100554
CS04515,1,0.9998644590377808
CS04516,0,0.00021995336282998323
CS04517,0,5.475977013702504e-05
CS04518,0,0.0008426423300988972
CS04519,1,0.929440438747406
CS04520,0,0.0009110512328334153
CS04521,1,0.00307536986656487
CS04522,0,0.00020662981842178851
CS04523,0,0.0002868540759664029
CS04524,0,0.00030061634606681764
CS04525,0,0.00016346470511052758
CS04526,0,0.00045831294846720994
CS04527,0,0.0001511819864390418
CS04528,0,0.00020342698553577065
CS04529,0,0.0006462032906711102
CS04530,0,0.00036259001353755593
CS04531,1,0.9997428059577942
CS04532,1,0.9998644590377808
CS04533,0,0.0014550628839060664
CS04534,1,0.9996316432952881
CS04535,0,0.00025714197545312345
CS04536,0,0.00021995336282998323
CS04537,0,0.00010554686014074832
CS04538,0,0.011687259189784527
CS04539,1,0.9971550703048706
CS04540,1,0.9986114501953125
CS04541,0,0.008315778337419033
CS04542,0,0.0003199982747901231
CS04543,0,0.0002531563804950565
CS04544,0,0.0002098830882459879
CS04545,1,0.9954615235328674
CS04546,0,0.0005442132824100554
CS04547,0,0.00016603847325313836
CS04548,0,8.750300185056403e-05
CS04549,1,0.9840936064720154
CS04550,0,0.003027835162356496
CS04551,0,0.020023442804813385
CS04552,0,0.00019716944370884448
CS04553,0,0.00014883847325108945
CS04554,0,0.005139610730111599
CS04555,0,7.967301644384861e-05
CS04556,0,6.014151585986838e-05
CS04557,1,0.9925393462181091
CS04558,0,0.001151399570517242
CS04559,0,0.00021654405281879008
CS04560,0,0.005730246659368277
CS04561,0,0.00020662981842178851
CS04562,0,0.00035697061684913933
CS04563,1,0.9992903470993042
CS04564,1,0.9999359846115112
CS04565,1,0.9999203681945801
CS04566,0,0.9996947050094604
CS04567,0,0.0005112579092383385
CS04568,0,0.007345826830714941
CS04569,0,0.00020662981842178851
CS04570,0,0.00012731103925034404
CS04571,0,0.00021654405281879008
CS04572,0,0.00017400544311385602
CS04573,0,0.00016865275392774493
CS04574,0,0.0001398220774717629
CS04575,1,0.9998601675033569
CS04576,0,0.001098731067031622
CS04577,1,0.0014103584690019488
CS04578,1,0.9987157583236694
CS04579,0,0.00010229986219201237
CS04580,0,0.0007554056355729699
CS04581,0,0.00012731103925034404
CS04582,0,0.0002098830882459879
CS04583,1,0.9999227523803711
CS04584,0,0.007345826830714941
CS04585,0,5.6497930927434936e-05
CS04586,0,0.00026530236937105656
CS04587,0,0.00010229986219201237
CS04588,0,0.0002780309587251395
CS04589,0,0.9998644590377808
CS04590,0,0.0002824080584105104
CS04591,0,9.314593626186252e-05
CS04592,0,0.00025714197545312345
CS04593,0,0.36931511759757996
CS04594,0,0.00036829791497439146
CS04595,0,0.0002824080584105104
CS04596,0,0.0005033356137573719
CS04597,0,0.0003301527467556298
CS04598,0,6.014151585986838e-05
CS04599,1,0.05665242299437523
CS04600,0,0.00020662981842178851
CS04601,1,0.9975274205207825
CS04602,0,0.00023782206699252129
CS04603,0,0.00027372167096473277
CS04604,0,0.0005357805639505386
CS04605,1,0.9936116337776184
CS04606,0,0.0001795279822545126
CS04607,1,0.9998944997787476
CS04608,1,0.9871788024902344
CS04609,0,8.220189192797989e-05
CS04610,0,0.0003301527467556298
CS04611,0,0.1294027417898178
CS04612,1,0.9976403713226318
CS04613,1,0.9998511075973511
CS04614,0,0.0008969393675215542
CS04615,0,0.00016346470511052758
CS04616,1,0.7631309032440186
CS04617,0,0.0005703156348317862
CS04618,0,4.400118632474914e-05
CS04619,0,0.003649987280368805
CS04620,0,0.0003250358859077096
CS04621,0,0.0010162439430132508
CS04622,1,0.9991573095321655
CS04623,0,0.07263670861721039
CS04624,0,0.000552778597921133
CS04625,1,0.9998910427093506
CS04626,0,0.0009110512328334153
CS04627,1,0.9998766183853149
CS04628,1,0.9997867941856384
CS04629,0,0.00020662981842178851
CS04630,1,0.9989995360374451
CS04631,0,5.6497930927434936e-05
CS04632,0,0.00020342698553577065
CS04633,1,0.9989012479782104
CS04634,0,0.01590639166533947
CS04635,0,0.0001398220774717629
CS04636,0,0.0003459916333667934
CS04637,0,0.006388320587575436
CS04638,0,0.00019110433640889823
CS04639,1,0.9994966983795166
CS04640,0,0.00036259001353755593
CS04641,0,0.00018522574100643396
CS04642,0,9.028038766700774e-05
CS04643,0,0.00016603847325313836
CS04644,1,0.9996898174285889
CS04645,0,0.00016346470511052758
CS04646,0,0.0014550628839060664
CS04647,0,0.0001795279822545126
CS04648,0,0.0010322310263291001
CS04649,1,0.9008791446685791
CS04650,0,0.00012339458044152707
CS04651,0,0.00011959858238697052
CS04652,0,0.00020342698553577065
CS04653,0,0.0001398220774717629
CS04654,0,0.00011591933434829116
CS04655,0,9.915272676153108e-05
CS04656,1,0.0015978454612195492
CS04657,1,0.9999203681945801
CS04658,0,0.00011235327110625803
CS04659,0,0.00015843621804378927
CS04660,0,0.00021654405281879008
CS04661,1,0.9998601675033569
CS04662,0,4.133539550821297e-05
CS04663,0,0.003376612439751625
CS04664,0,0.9990890026092529
CS04665,0,0.027169231325387955
CS04666,0,0.0004373344127088785
CS04667,0,0.0019267345778644085
CS04668,0,0.0006986756343394518
CS04669,0,0.00011591933434829116
CS04670,0,0.0008693674462847412
CS04671,0,0.9901401400566101
CS04672,0,8.220189192797989e-05
CS04673,0,0.0060035958886146545
CS04674,1,0.9998644590377808
CS04675,0,0.0027576221618801355
CS04676,0,0.0011160143185406923
CS04677,0,0.0002492325147613883
CS04678,0,0.0018675660248845816
CS04679,0,0.00045831294846720994
CS04680,0,0.0002531563804950565
CS04681,0,0.00019411317771300673
CS04682,0,0.0006166296661831439
CS04683,1,0.9999203681945801
CS04684,0,0.00014425987319555134
CS04685,0,0.0001795279822545126
CS04686,0,0.00016865275392774493
CS04687,0,0.0006166296661831439
CS04688,0,0.00014425987319555134
CS04689,0,8.750300185056403e-05
CS04690,0,0.00020342698553577065
CS04691,0,0.0005193048273213208
CS04692,0,0.01678548939526081
CS04693,0,0.00021654405281879008
CS04694,1,0.6749081611633301
CS04695,1,0.03594832122325897
CS04696,1,0.999868631362915
CS04697,0,0.002182716503739357
CS04698,1,0.11008787900209427
CS04699,0,9.610241977497935e-05
CS04700,0,0.0001795279822545126
CS04701,0,0.0003859660937450826
CS04702,1,0.0004512106243055314
CS04703,0,0.00014425987319555134
CS04704,1,0.0006667023408226669
CS04705,0,7.484622619813308e-05
CS04706,0,0.0013885231455788016
CS04707,1,0.9956005811691284
CS04708,0,0.014728613197803497
CS04709,1,0.9998286962509155
CS04710,0,0.00012339458044152707
CS04711,0,0.00014425987319555134
CS04712,1,0.013636834919452667
CS04713,0,0.9998058676719666
CS04714,1,0.0005792917218059301
CS04715,0,0.9724147915840149
CS04716,1,0.999762237071991
CS04717,0,0.0019267345778644085
CS04718,0,0.00018814207578543574
CS04719,0,0.0005614787223748863
CS04720,0,0.00033535013790242374
CS04721,1,0.002217013156041503
CS04722,1,0.2062537968158722
CS04723,1,0.9998977184295654
CS04724,0,0.0007096704212017357
CS04725,0,0.00016865275392774493
CS04726,0,0.00016865275392774493
CS04727,0,0.00015843621804378927
CS04728,1,0.9998944997787476
CS04729,0,0.00018522574100643396
CS04730,0,0.0012255674228072166
CS04731,0,0.0002694791473913938
CS04732,0,9.610241977497935e-05
CS04733,1,0.9992792010307312
CS04734,0,0.18535661697387695
CS04735,0,0.0002492325147613883
CS04736,0,0.0004512106243055314
CS04737,1,0.9991169571876526
CS04738,0,0.0002531563804950565
CS04739,0,0.0010649625910446048
CS04740,0,9.610241977497935e-05
CS04741,0,0.0002694791473913938
CS04742,0,8.750300185056403e-05
CS04743,0,0.0006771942134946585
CS04744,0,0.0005703156348317862
CS04745,0,9.028038766700774e-05
CS04746,0,0.998217761516571
CS04747,0,0.0003459916333667934
CS04748,1,0.9996316432952881
CS04749,0,0.00012731103925034404
CS04750,1,0.04401864856481552
CS04751,0,0.005730246659368277
CS04752,0,9.915272676153108e-05
CS04753,0,0.009196552447974682
CS04754,0,0.004609571769833565
CS04755,0,0.002217013156041503
CS04756,0,9.915272676153108e-05
CS04757,0,0.0001823546044761315
CS04758,1,0.9998977184295654
CS04759,0,0.7371581792831421
CS04760,1,0.9998766183853149
CS04761,0,0.9991832375526428
CS04762,0,0.0002694791473913938
CS04763,0,0.00010889690020121634
CS04764,1,0.9997346997261047
CS04765,0,0.00031503866193816066
CS04766,1,0.18594717979431152
CS04767,0,0.031143832951784134
CS04768,0,0.0012843082658946514
CS04769,1,0.9987157583236694
CS04770,0,0.0002531563804950565
CS04771,0,0.020332353189587593
CS04772,0,0.0015011822106316686
CS04773,0,0.0018386653391644359
CS04774,0,5.6497930927434936e-05
CS04775,0,0.0007321813027374446
CS04776,0,0.0002234163403045386
CS04777,0,0.957277774810791
CS04778,0,0.0001823546044761315
CS04779,1,0.9412234425544739
CS04780,0,0.0002234163403045386
CS04781,0,0.00015356238873209804
CS04782,0,0.00011591933434829116
CS04783,1,0.06754668802022934
CS04784,0,7.484622619813308e-05
CS04785,0,0.00017400544311385602
CS04786,0,9.915272676153108e-05
CS04787,0,5.144221358932555e-05
CS04788,0,0.00014425987319555134
CS04789,0,0.00010229986219201237
CS04790,0,0.00025714197545312345
CS04791,1,0.9997997879981995
CS04792,0,7.254361116793007e-05
CS04793,1,0.8984106183052063
CS04794,0,0.9968763589859009
CS04795,1,0.020332353189587593
CS04796,0,0.003376612439751625
CS04797,0,0.0005703156348317862
CS04798,0,0.002396730938926339
CS04799,0,0.9458011984825134
CS04800,0,0.001081715221516788
CS04801,0,0.00047285447362810373
CS04802,0,0.00013552079326473176
CS04803,0,0.0002868540759664029
CS04804,0,0.00023050671734381467
CS04805,0,0.000656372809316963
CS04806,0,0.00017400544311385602
CS04807,1,0.5801141858100891
CS04808,0,0.0006771942134946585
CS04809,0,0.0009697519708424807
CS04810,0,0.004609571769833565
CS04811,1,0.9993333220481873
CS04812,0,0.00015356238873209804
CS04813,0,0.9996800422668457
CS04814,1,0.9998766183853149
CS04816,0,0.00015843621804378927
CS04817,0,0.00010889690020121634
CS04818,0,0.00023782206699252129
CS04819,0,0.5794004201889038
CS04821,0,0.003649987280368805
CS04822,0,0.0002492325147613883
CS04823,0,9.314593626186252e-05
CS04824,0,0.0002780309587251395
CS04825,0,0.00030534894904121757
CS04826,0,0.004399413242936134
CS04827,1,0.9998365640640259
CS04828,0,0.0010322310263291001
CS04829,0,0.00010889690020121634
CS04830,0,0.00015843621804378927
CS04831,0,0.00030534894904121757
CS04832,0,0.0006986756343394518
CS04833,1,0.01652955822646618
CS04834,0,0.00247262348420918
CS04835,0,0.48377031087875366
CS04836,0,0.00013135180051904172
CS04837,0,0.0002611903182696551
CS04838,0,0.00024156630388461053
CS04839,1,0.9997933506965637
CS04840,0,0.00013135180051904172
CS04841,0,0.0018675660248845816
CS04842,0,0.00015356238873209804
CS04843,1,0.9989350438117981
CS04844,0,0.0007321813027374446
CS04845,0,0.00022693387290928513
CS04846,0,0.00011235327110625803
CS04847,0,6.205048703122884e-05
CS04848,0,0.0007554056355729699
CS04849,0,4.832564081880264e-05
CS04850,0,0.010818448849022388
CS04851,0,0.00023782206699252129
CS04852,1,0.9853842854499817
CS04853,0,0.0018969199154525995
CS04854,0,0.0002780309587251395
CS04855,1,0.02931223064661026
CS04856,1,0.9971990585327148
CS04857,0,0.00012339458044152707
CS04858,1,0.9999125003814697
CS04859,0,0.0002694791473913938
CS04860,0,0.00025714197545312345
CS04861,0,0.00010889690020121634
CS04862,0,0.0003199982747901231
CS04863,0,6.205048703122884e-05
CS04864,0,0.00042388474685139954
CS04865,0,0.0002098830882459879
CS04866,1,0.9998089671134949
CS04867,0,0.00031503866193816066
CS04868,1,0.9998089671134949
CS04869,0,0.00012731103925034404
CS04870,0,0.00010229986219201237
CS04871,0,0.0007793660624884069
CS04872,0,0.00020342698553577065
CS04873,0,0.00012731103925034404
CS04874,0,0.00013552079326473176
CS04875,0,0.00036829791497439146
CS04876,0,0.007695647422224283
CS04877,0,0.00010554686014074832
CS04878,1,0.9994887113571167
CS04879,0,0.0060975621454417706
CS04880,0,0.0006263342220336199
CS04881,0,0.000552778597921133
CS04882,0,0.00010229986219201237
CS04883,0,0.0012644219677895308
CS04884,0,0.0008040859247557819
CS04886,0,0.00024536947603337467
CS04887,0,0.0005884087877348065
CS04888,0,0.02822098694741726
CS04889,0,0.0006771942134946585
CS04890,0,0.00016865275392774493
CS04891,1,0.003429603762924671
CS04892,0,0.00031015597051009536
CS04893,0,9.028038766700774e-05
CS04894,0,0.9997428059577942
CS04895,1,0.9998766183853149
CS04896,0,0.00013552079326473176
CS04897,1,0.9998726844787598
CS04898,0,0.003945406526327133
CS04899,0,0.00019716944370884448
CS04900,0,0.00014425987319555134
CS04901,0,0.00018522574100643396
CS04902,0,0.0008426423300988972
CS04903,1,0.999208390712738
CS04904,0,4.400118632474914e-05
CS04905,0,0.00011959858238697052
CS04906,0,0.0002611903182696551
CS04907,0,9.610241977497935e-05
CS04908,1,0.411583811044693
CS04909,1,0.9998766183853149
CS04910,0,0.005819960031658411
CS04911,1,0.9998058676719666
CS04912,0,0.00015356238873209804
CS04913,1,0.9998910427093506
CS04914,0,0.0007096704212017357
CS04915,1,0.9998644590377808
CS04918,0,0.0008040859247557819
CS04919,1,0.0004173157794866711
CS04920,1,0.999931812286377
CS04921,0,0.00020342698553577065
CS04922,1,0.999595582485199
CS04923,0,0.0007437028689309955
CS04924,0,0.00019716944370884448
CS04925,0,0.0009253848693333566
CS04926,0,0.00026530236937105656
CS04927,1,0.9996199607849121
CS04928,0,0.0007321813027374446
CS04929,1,0.9857181310653687
CS04930,0,0.0384661890566349
CS04931,0,9.610241977497935e-05
CS04932,1,0.9998977184295654
CS04933,0,0.9986749291419983
CS04934,1,0.017045317217707634
CS04935,0,0.00030061634606681764
CS04936,0,0.00014883847325108945
CS04937,0,0.0002098830882459879
CS04938,1,0.9993435740470886
CS04939,1,0.9984512329101562
CS04940,0,9.915272676153108e-05
CS04941,0,0.0002611903182696551
CS04942,0,0.0003406293399166316
CS04943,0,0.9965165853500366
CS04944,0,0.0006361912819556892
CS04945,0,0.00019110433640889823
CS04946,0,0.0004512106243055314
CS04947,0,0.00030534894904121757
CS04948,1,0.0035936026833951473
CS04949,0,0.0026730059180408716
CS04950,0,0.00014425987319555134
CS04951,0,0.0002780309587251395
CS04952,0,0.00017400544311385602
CS04953,0,0.0011160143185406923
CS04954,0,0.0003406293399166316
CS04955,0,0.00013135180051904172
CS04956,0,7.484622619813308e-05
CS04957,0,0.00011235327110625803
CS04958,0,0.00015356238873209804
CS04959,1,0.9477691650390625
CS04960,0,0.0007916296599432826
CS04961,1,0.9942697286605835
CS04962,0,0.0037654137704521418
CS04963,0,0.00016346470511052758
CS04964,0,0.00033535013790242374
CS04965,0,0.00027372167096473277
CS04966,0,0.00013552079326473176
CS04967,1,0.9998601675033569
CS04968,0,0.0004955359036102891
CS04969,0,0.00045831294846720994
CS04970,0,0.0002611903182696551
CS04971,0,0.00016346470511052758
CS04972,0,0.00011959858238697052
CS04973,0,0.00010554686014074832
CS04974,0,0.00019716944370884448
CS04975,0,0.00029137005913071334
CS04976,0,8.220189192797989e-05
CS04977,1,0.003273064736276865
CS04978,0,0.0002531563804950565
CS04979,0,0.0010162439430132508
CS04980,0,0.00012731103925034404
CS04981,0,0.0004878571489825845
CS04982,0,9.610241977497935e-05
CS04983,0,0.0006361912819556892
CS04984,0,0.0005193048273213208
CS04985,0,0.0009399439441040158
CS04986,0,8.481104305246845e-05
CS04987,1,0.996570348739624
CS04988,0,9.028038766700774e-05
CS04989,1,0.9999097585678101
CS04990,0,0.0005033356137573719
CS04991,0,0.00045831294846720994
CS04992,1,0.9985449314117432
CS04993,0,0.021287353709340096
CS04994,0,0.0003301527467556298
CS04995,0,0.00019716944370884448
CS04996,1,0.9998601675033569
CS04997,1,0.9944451451301575
CS04998,0,0.001098731067031622
CS04999,0,0.00037409563083201647
CS05001,0,0.0004305570910219103
CS05002,1,0.9998313188552856
CS05003,0,0.0005112579092383385
CS05004,0,0.0002098830882459879
CS05005,0,0.0006462032906711102
CS05006,0,0.00019716944370884448
CS05008,0,0.07477004826068878
CS05009,0,0.9944451451301575
CS05010,0,0.00019716944370884448
CS05011,1,0.9998644590377808
CS05012,0,6.605214002775028e-05
CS05014,0,0.007937993854284286
CS05015,1,0.9995761513710022
CS05016,0,0.00023050671734381467
CS05017,1,0.9998944997787476
CS05018,0,8.481104305246845e-05
CS05019,0,0.00019716944370884448
CS05020,1,0.0005112579092383385
CS05021,0,0.00023050671734381467
CS05022,0,7.031184213701636e-05
CS05023,1,0.008847354911267757
CS05024,1,0.999220609664917
CS05025,1,0.0007437028689309955
CS05026,0,0.00017400544311385602
CS05027,1,0.0005703156348317862
CS05028,0,0.00033535013790242374
CS05029,1,0.9994207620620728
CS05030,0,7.967301644384861e-05
CS05031,0,0.104843370616436
CS05032,0,0.11201596260070801
CS05033,0,0.0002531563804950565
CS05034,1,0.9994022846221924
CS05035,0,0.03488088771700859
CS05036,0,0.00012339458044152707
CS05037,0,0.00017400544311385602
CS05038,0,0.0023231625091284513
CS05039,0,0.00023050671734381467
CS05040,1,0.9997175335884094
CS05041,0,0.00018522574100643396
CS05042,1,0.999595582485199
CS05043,0,0.0009850081987679005
CS05044,0,0.0006667023408226669
CS05045,0,0.00011959858238697052
CS05046,1,0.9926542043685913
CS05047,0,0.9676556587219238
CS05048,0,0.0006263342220336199
CS05049,0,0.00013552079326473176
CS05050,0,0.00022693387290928513
CS05051,0,0.047074176371097565
CS05052,0,0.0008830458391457796
CS05053,1,0.007345826830714941
CS05054,0,0.0003250358859077096
CS05055,0,0.0009399439441040158
CS05056,0,0.0008295892039313912
CS05057,0,0.00037409563083201647
CS05058,1,0.001573112327605486
CS05059,0,0.00030061634606681764
CS05060,0,0.0002868540759664029
CS05061,0,0.00018522574100643396
CS05062,0,8.750300185056403e-05
CS05063,0,4.400118632474914e-05
CS05064,0,0.00021654405281879008
CS05065,0,0.004007288720458746
CS05066,0,0.0001795279822545126
CS05067,0,0.0015011822106316686
CS05068,0,0.00012731103925034404
CS05069,0,0.0006166296661831439
CS05070,1,0.00307536986656487
CS05071,0,0.0004108485300093889
CS05072,0,0.00016346470511052758
CS05073,0,0.0003859660937450826
CS05074,0,0.0006361912819556892
CS05075,0,0.0044683837331831455
CS05076,0,6.814871449023485e-05
CS05077,1,0.9977830052375793
CS05078,0,6.814871449023485e-05
CS05079,0,0.0006070755189284682
CS05080,0,0.00011235327110625803
CS05081,0,0.0017546144081279635
CS05082,0,0.00011959858238697052
CS05083,0,0.0008426423300988972
CS05084,0,0.985496461391449
CS05085,0,0.0004512106243055314
CS05086,0,0.0001334200205747038
CS05087,0,7.484622619813308e-05
CS05088,0,0.00010229986219201237
CS05089,0,0.0037654137704521418
CS05090,1,0.9997901320457458
CS05091,0,0.00016346470511052758
CS05092,1,0.9814534187316895
CS05093,1,0.9997997879981995
CS05094,0,0.00017674513219390064
CS05095,1,0.9997658133506775
CS05096,0,0.0006070755189284682
CS05097,0,0.00016093082376755774
CS05098,0,0.0007208380266092718
CS05099,0,0.0004512106243055314
CS05100,0,0.9744347929954529
CS05101,0,0.000656372809316963
CS05102,0,0.0005274784634821117
CS05103,1,0.9149009585380554
CS05104,0,0.18010665476322174
CS05105,1,0.9998058676719666
CS05106,0,0.0013458604225888848
CS05107,1,0.9998028874397278
CS05108,0,0.000816738058347255
CS05109,0,0.0007554056355729699
CS05110,0,7.254361116793007e-05
CS05111,1,0.995866060256958
CS05112,0,0.00021654405281879008
CS05113,1,0.9969245791435242
CS05114,0,0.00013552079326473176
CS05115,0,0.01542455144226551
CS05116,0,0.0002234163403045386
CS05117,0,0.9986114501953125
CS05118,0,0.0006263342220336199
CS05119,0,0.0010162439430132508
CS05120,0,0.0001398220774717629
CS05121,0,0.00016865275392774493
CS05122,0,0.00026530236937105656
CS05123,0,8.750300185056403e-05
CS05124,0,0.00040448151412419975
CS05125,1,0.007815888151526451
CS05126,1,0.0004955359036102891
CS05127,1,0.012821214273571968
CS05128,0,0.40333181619644165
CS05129,0,0.00037998449988663197
CS05130,0,0.00045831294846720994
CS05131,1,0.38769033551216125
CS05132,1,0.9998666048049927
CS05133,1,0.26913344860076904
CS05134,0,0.00021654405281879008
CS05135,0,0.0013885231455788016
CS05136,0,0.00024536947603337467
CS05137,0,0.00018522574100643396
CS05138,0,0.00033535013790242374
CS05139,0,0.0002098830882459879
CS05140,0,0.001782196224667132
CS05141,0,0.005139610730111599
CS05142,0,0.0003301527467556298
CS05143,0,0.0008830458391457796
CS05144,1,0.9997085928916931
CS05145,0,0.0028449094388633966
CS05146,0,0.0002868540759664029
CS05147,0,0.00024536947603337467
CS05148,0,0.0003514382697176188
CS05149,0,0.0006667023408226669
CS05150,1,0.9998910427093506
CS05151,0,7.967301644384861e-05
CS05152,1,0.999929666519165
CS05153,0,0.00013135180051904172
CS05154,1,0.00027372167096473277
CS05155,0,0.00018522574100643396
CS05156,0,0.00011591933434829116
CS05157,0,0.00014883847325108945
CS05158,0,0.0002234163403045386
CS05159,0,0.0001795279822545126
CS05160,0,0.9908744096755981
CS05161,0,0.00036259001353755593
CS05162,1,0.9993638396263123
CS05163,1,0.9996079802513123
CS05164,0,0.0005884087877348065
CS05165,0,0.0005033356137573719
CS05166,1,0.9999125003814697
CS05167,0,0.0005274784634821117
CS05168,1,0.9840936064720154
CS05169,0,0.0001795279822545126
CS05170,0,0.004755199886858463
CS05171,1,0.0017007224960252643
CS05172,1,0.9405717849731445
CS05173,0,0.0005792917218059301
CS05174,1,0.0031236486975103617
CS05175,0,0.00037409563083201647
CS05176,0,0.0019570167642086744
CS05177,0,0.00010229986219201237
CS05178,1,0.9996079802513123
CS05179,0,6.205048703122884e-05
CS05180,0,0.00016865275392774493
CS05181,0,0.00010554686014074832
CS05182,0,0.00022693387290928513
CS05183,0,0.9975656270980835
CS05184,0,0.0024343819823116064
CS05185,0,0.0001795279822545126
CS05186,0,0.0002131875662598759
CS05187,1,0.9993928670883179
CS05188,0,0.00024536947603337467
CS05189,0,0.0004173157794866711
CS05190,0,0.007695647422224283
CS05192,0,0.07949569821357727
CS05193,0,0.00045831294846720994
CS05194,0,0.00010889690020121634
CS05195,1,0.9996947050094604
CS05196,0,0.0015978454612195492
CS05197,0,0.0006166296661831439
CS05198,1,0.9998148083686829
CS05199,0,0.9988664388656616
CS05200,1,0.9656413197517395
CS05201,0,0.00016346470511052758
CS05202,0,0.00019716944370884448
CS05203,0,0.00018522574100643396
CS05204,0,0.0005112579092383385
CS05205,0,0.0031726828310638666
CS05206,0,0.002115703420713544
CS05207,1,0.013222821988165379
CS05208,0,0.0002492325147613883
CS05209,1,0.9992903470993042
CS05210,0,0.00010554686014074832
CS05211,0,0.00023413580493070185
CS05212,0,0.00036829791497439146
CS05213,0,0.00029137005913071334
CS05214,0,0.0008559006382711232
CS05215,0,0.00011591933434829116
CS05216,1,0.9997085928916931
CS05217,0,0.0001795279822545126
CS05218,0,0.0004442183708306402
CS05219,0,0.00036829791497439146
CS05220,0,0.00045831294846720994
CS05221,0,0.0001823546044761315
CS05222,0,0.0003406293399166316
CS05223,0,0.0005884087877348065
CS05224,0,0.0011695101857185364
CS05225,1,0.00017400544311385602
CS05226,0,0.09807932376861572
CS05227,0,0.0004173157794866711
CS05228,1,0.9998977184295654
CS05229,0,0.0010649625910446048
CS05230,0,0.00019110433640889823
CS05231,0,0.0005884087877348065
CS05232,0,0.00016346470511052758
CS05233,1,0.999868631362915
CS05234,0,0.0002234163403045386
CS05235,1,0.9998726844787598
CS05236,0,0.00021654405281879008
CS05237,0,0.0004305570910219103
CS05238,0,6.814871449023485e-05
CS05239,0,0.0010649625910446048
CS05240,1,0.00018814207578543574
CS05241,0,0.9606574773788452
CS05242,1,0.9977481961250305
CS05243,0,8.220189192797989e-05
CS05244,0,7.254361116793007e-05
CS05245,0,0.00016346470511052758
CS05246,0,0.00021654405281879008
CS05247,0,8.750300185056403e-05
CS05248,0,0.00014425987319555134
CS05249,1,0.9985449314117432
CS05250,0,8.481104305246845e-05
CS05251,0,0.00026530236937105656
CS05252,0,0.0027576221618801355
CS05253,0,0.00019110433640889823
CS05254,1,0.9886682629585266
CS05255,0,0.0003920417802873999
CS05256,0,0.18126322329044342
CS05257,0,0.00019110433640889823
CS05258,0,0.00016865275392774493
CS05259,0,0.0006070755189284682
CS05260,0,0.00029595711384899914
CS05261,0,9.028038766700774e-05
CS05262,1,0.010986942797899246
CS05263,0,7.722191367065534e-05
CS05264,1,0.06754668802022934
CS05265,0,0.00035697061684913933
CS05266,0,0.9118099808692932
CS05267,0,0.0001795279822545126
CS05268,0,0.00011959858238697052
CS05269,0,0.0001398220774717629
CS05270,0,6.605214002775028e-05
CS05271,0,0.0018386653391644359
CS05272,0,0.0012448432389646769
CS05273,0,0.0005112579092383385
CS05274,0,0.0005112579092383385
CS05275,0,0.00017400544311385602
CS05276,1,0.6477982401847839
CS05277,0,0.00019411317771300673
CS05278,1,0.0002098830882459879
CS05279,0,0.0002780309587251395
CS05280,0,0.00021654405281879008
CS05281,0,0.0004108485300093889
CS05282,0,0.00045831294846720994
CS05283,1,0.9994471669197083
CS05284,1,0.046378206461668015
CS05285,0,0.0006462032906711102
CS05286,0,7.722191367065534e-05
CS05287,1,0.9963500499725342
CS05288,0,0.0002234163403045386
CS05289,0,7.967301644384861e-05
CS05290,0,0.0011335690505802631
CS05291,0,0.0005442132824100554
CS05292,1,0.0020507436711341143
CS05293,0,0.00024536947603337467
CS05294,1,0.9969245791435242
CS05295,0,0.0002531563804950565
CS05296,1,0.015189048834145069
CS05297,0,5.6497930927434936e-05
CS05298,0,0.00012339458044152707
CS05299,0,0.00017400544311385602
CS05300,0,0.00018522574100643396
CS05301,0,9.314593626186252e-05
CS05302,0,0.00014425987319555134
CS05303,1,0.9998910427093506
CS05304,0,0.0034834241960197687
CS05305,0,0.0018102109897881746
CS05306,0,0.00016865275392774493
CS05307,0,0.001098731067031622
CS05308,0,0.004755199886858463
CS05309,0,9.028038766700774e-05
CS05310,0,6.402006692951545e-05
CS05311,0,6.205048703122884e-05
CS05312,0,0.00015843621804378927
CS05313,0,0.07751765847206116
CS05314,0,0.00012731103925034404
CS05315,0,0.00011959858238697052
CS05316,0,0.8037906289100647
CS05317,0,0.00010554686014074832
CS05318,0,0.14511536061763763
CS05319,1,0.9999274015426636
CS05320,0,0.0004512106243055314
CS05321,1,0.7446563243865967
CS05322,0,0.0004442183708306402
CS05323,0,0.00039821307291276753
CS05324,1,0.9998511075973511
CS05325,0,0.00036259001353755593
CS05326,0,0.00011959858238697052
CS05327,1,0.007695647422224283
CS05328,0,0.00011959858238697052
CS05329,1,0.9996540546417236
CS05330,0,0.00021654405281879008
CS05331,0,0.7914988994598389
CS05332,1,0.9998875856399536
CS05333,0,0.0002780309587251395
CS05334,0,0.0005703156348317862
CS05335,0,0.9609517455101013
CS05336,0,0.00012731103925034404
CS05337,0,0.9985895752906799
CS05338,0,0.027585284784436226
CS05339,0,7.967301644384861e-05
CS05340,0,0.9462003111839294
CS05341,1,0.9990890026092529
CS05342,0,0.0446808747947216
CS05343,0,0.0003250358859077096
CS05344,0,0.0002492325147613883
CS05345,0,0.0006166296661831439
CS05346,0,0.00014883847325108945
CS05347,0,0.0004305570910219103
CS05348,1,0.9998058676719666
CS05349,1,0.9996017813682556
CS05350,1,0.8638516664505005
CS05351,0,0.00029595711384899914
CS05352,0,0.00023050671734381467
CS05353,0,9.314593626186252e-05
CS05354,0,0.002287227427586913
CS05355,0,0.0012255674228072166
CS05356,0,0.0007096704212017357
CS05357,0,0.0002234163403045386
CS05358,0,0.00023413580493070185
CS05359,1,0.9998205304145813
CS05360,1,0.9940890073776245
CS05361,0,0.00012339458044152707
CS05362,0,7.967301644384861e-05
CS05363,0,0.00014883847325108945
CS05364,0,0.00019716944370884448
CS05365,1,0.9995272159576416
CS05366,0,0.0004878571489825845
CS05367,0,0.0006361912819556892
CS05368,0,0.9964063763618469
CS05369,1,0.9998511075973511
CS05370,0,0.0006166296661831439
CS05371,1,0.9998089671134949
CS05372,0,0.3549918830394745
CS05373,1,0.9995344877243042
CS05374,0,0.00033535013790242374
CS05375,0,0.0018675660248845816
CS05376,0,0.0001795279822545126
CS05377,0,0.00036829791497439146
CS05378,0,0.0004655269149225205
CS05379,0,0.0006771942134946585
CS05380,0,7.254361116793007e-05
CS05381,0,9.610241977497935e-05
CS05382,1,0.022457053884863853
CS05383,1,0.9840936064720154
CS05384,1,0.9999359846115112
CS05385,0,0.9995197057723999
CS05386,0,0.00011591933434829116
CS05387,0,0.00012339458044152707
CS05388,0,5.6497930927434936e-05
CS05389,1,0.40589019656181335
CS05390,0,0.0003250358859077096
CS05391,0,0.007460643537342548
CS05392,0,0.0005033356137573719
CS05393,1,0.027585284784436226
CS05394,0,0.00018522574100643396
CS05395,1,0.9759464263916016
CS05396,0,0.2818007469177246
CS05397,0,0.00011235327110625803
CS05398,0,0.00021654405281879008
CS05399,1,0.9702399373054504
CS05400,0,0.0005442132824100554
CS05401,0,0.01798621006309986
CS05402,0,0.00011591933434829116
CS05403,0,9.610241977497935e-05
CS05404,0,0.0003250358859077096
CS05405,1,0.99935382604599
CS05406,0,0.00036829791497439146
CS05407,0,0.00010554686014074832
CS05408,1,0.9990600943565369
CS05409,1,0.462473064661026
CS05410,1,0.999868631362915
CS05411,0,0.00011959858238697052
CS05412,0,0.00015843621804378927
CS05413,0,0.00020662981842178851
CS05414,0,0.00019716944370884448
CS05415,0,5.829126530443318e-05
CS05417,0,0.00018814207578543574
CS05418,0,0.00017400544311385602
CS05419,0,0.001098731067031622
CS05420,0,0.0007208380266092718
CS05421,0,6.605214002775028e-05
CS05422,0,0.00019411317771300673
CS05423,0,9.610241977497935e-05
CS05424,0,0.00010889690020121634
CS05425,0,0.0012255674228072166
CS05426,1,0.9999125003814697
CS05427,0,0.0004173157794866711
CS05428,1,0.818156361579895
CS05429,1,0.9998313188552856
CS05430,1,0.0009253848693333566
CS05431,1,0.19559408724308014
CS05432,0,0.00023050671734381467
CS05433,0,0.0004802972252946347
CS05434,1,0.9996079802513123
CS05435,0,0.0005274784634821117
CS05436,0,0.0012255674228072166
CS05437,0,6.205048703122884e-05
CS05438,0,0.00031015597051009536
CS05439,0,0.00013552079326473176
CS05440,0,0.004070138093084097
CS05441,0,0.0002234163403045386
CS05442,0,0.00010889690020121634
CS05443,0,8.481104305246845e-05
CS05444,0,9.915272676153108e-05
CS05445,0,0.0060975621454417706
CS05446,0,0.00016346470511052758
CS05447,0,0.0001795279822545126
CS05448,1,0.6167050004005432
CS05449,1,0.0010484692174941301
CS05450,0,0.00011959858238697052
CS05451,0,0.00014425987319555134
CS05452,0,0.00030534894904121757
CS05453,1,0.9912885427474976
CS05454,0,0.0003250358859077096
CS05455,1,0.007695647422224283
CS05456,0,0.00024156630388461053
CS05457,0,0.0008040859247557819
CS05458,1,0.9999434947967529
CS05459,1,0.09982066601514816
CS05460,0,0.0008295892039313912
CS05461,0,7.967301644384861e-05
CS05462,0,0.7029380202293396
CS05463,0,0.00018522574100643396
CS05464,0,0.0002234163403045386
CS05465,0,0.0006986756343394518
CS05466,0,0.007011794950813055
CS05467,1,0.9966233968734741
CS05468,0,0.00016865275392774493
CS05469,0,0.00015843621804378927
CS05470,0,0.007345826830714941
CS05471,0,0.9995272159576416
CS05472,0,4.539786823443137e-05
CS05473,0,0.0002234163403045386
CS05474,1,7.254361116793007e-05
CS05475,0,0.0005703156348317862
CS05476,0,4.683888619183563e-05
CS05477,0,0.00011591933434829116
CS05478,0,0.00018522574100643396
CS05479,0,0.00012731103925034404
CS05480,0,0.00031015597051009536
CS05481,0,0.0019570167642086744
CS05482,1,0.7803278565406799
CS05483,1,0.24490436911582947
CS05484,0,0.005469274241477251
CS05485,0,0.00042388474685139954
CS05486,0,0.00037409563083201647
CS05487,0,0.0008040859247557819
CS05488,0,0.0003406293399166316
CS05489,0,0.0003406293399166316
CS05490,0,0.0006070755189284682
CS05491,1,0.00013765462790615857
CS05492,0,0.0006263342220336199
CS05493,1,0.999762237071991
CS05494,0,0.00011591933434829116
CS05495,1,0.9946980476379395
CS05496,0,8.220189192797989e-05
CS05497,0,0.001573112327605486
CS05498,1,0.9948603510856628
CS05499,0,0.0006070755189284682
CS05500,0,7.254361116793007e-05
CS05501,0,0.00013552079326473176
CS05502,0,0.00018522574100643396
CS05503,0,0.00036259001353755593
CS05504,0,6.402006692951545e-05
CS05505,0,0.009412589482963085
CS05506,0,0.00011591933434829116
CS05507,0,0.0011160143185406923
CS05508,0,0.0005033356137573719
CS05509,1,0.999868631362915
CS05510,0,0.0007096704212017357
CS05511,0,0.05146276578307152
CS05512,1,0.9700134992599487
CS05513,0,0.0023596605751663446
CS05514,0,0.000656372809316963
CS05515,0,0.9178933501243591
CS05516,0,6.814871449023485e-05
CS05517,0,0.04603390023112297
CS05518,1,0.9999227523803711
CS05519,0,0.0004955359036102891
CS05520,1,0.9998766183853149
CS05521,0,0.00018522574100643396
CS05522,0,0.0016484829830005765
CS05523,0,0.00014425987319555134
CS05524,0,0.0003920417802873999
CS05525,0,0.00020027377468068153
CS05526,0,0.00016865275392774493
CS05527,1,0.0023596605751663446
CS05528,0,0.0007916296599432826
CS05529,0,6.814871449023485e-05
CS05530,0,0.0002492325147613883
CS05531,0,0.2140335738658905
CS05532,0,0.0008830458391457796
CS05533,0,0.00020342698553577065
CS05534,0,0.001573112327605486
CS05535,0,0.00020342698553577065
CS05536,0,0.0005884087877348065
CS05537,0,0.00014425987319555134
CS05538,0,0.0005193048273213208
CS05539,0,0.0002131875662598759
CS05540,0,0.0004655269149225205
CS05541,0,0.0002531563804950565
CS05542,1,0.6955448985099792
CS05543,0,7.722191367065534e-05
CS05544,0,0.0002868540759664029
CS05545,0,0.0006070755189284682
CS05546,1,0.00978387612849474
CS05547,0,0.0001398220774717629
CS05548,1,0.9999227523803711
CS05549,0,0.0005357805639505386
CS05550,0,0.0003199982747901231
CS05551,0,0.00021654405281879008
CS05552,0,0.00016865275392774493
CS05553,0,0.00017674513219390064
CS05554,0,0.00019716944370884448
CS05555,0,0.00024156630388461053
CS05557,1,0.9976769089698792
CS05558,1,0.9993013143539429
CS05559,0,0.9991958737373352
CS05560,0,0.00012731103925034404
CS05561,1,0.9951702952384949
CS05562,0,0.00016346470511052758
CS05563,0,0.00023782206699252129
CS05564,0,0.00011959858238697052
CS05565,0,0.00017400544311385602
CS05566,0,0.0005193048273213208
CS05567,0,0.00012339458044152707
CS05568,0,8.750300185056403e-05
CS05569,0,0.00015843621804378927
CS05570,0,9.028038766700774e-05
CS05571,1,0.9994966983795166
CS05572,0,0.00011235327110625803
CS05573,0,0.006289901677519083
CS05574,1,0.3289604187011719
CS05575,0,0.0002531563804950565
CS05576,0,0.00031503866193816066
CS05577,0,0.00023413580493070185
CS05578,0,0.00019716944370884448
CS05579,0,0.00015843621804378927
CS05580,0,0.0019267345778644085
CS05581,1,0.019271135330200195
CS05582,0,0.001782196224667132
CS05583,0,0.00010554686014074832
CS05584,1,0.9998766183853149
CS05585,0,0.00019716944370884448
CS05586,0,0.00023413580493070185
CS05587,0,7.967301644384861e-05
CS05588,1,0.9999039173126221
CS05589,0,0.00029595711384899914
CS05590,0,0.9991573095321655
CS05591,0,0.00031503866193816066
CS05592,0,0.0002611903182696551
CS05593,1,0.9870794415473938
CS05594,0,6.814871449023485e-05
CS05595,0,0.00019716944370884448
CS05596,1,0.9996017813682556
CS05597,0,0.00010229986219201237
CS05598,1,0.9998601675033569
CS05599,0,0.0002611903182696551
CS05600,0,0.0008559006382711232
CS05601,0,0.00030061634606681764
CS05602,1,0.9998644590377808
CS05603,0,0.9987356066703796
CS05604,0,0.999464213848114
CS05605,1,0.9985221028327942
CS05606,0,0.00010554686014074832
CS05607,1,0.0007554056355729699
CS05608,0,0.0003250358859077096
CS05609,0,7.031184213701636e-05
CS05610,0,8.481104305246845e-05
CS05611,1,0.9958011507987976
CS05612,0,0.0005112579092383385
CS05613,0,0.00027372167096473277
CS05614,1,0.9998766183853149
CS05615,0,0.00020027377468068153
CS05616,0,0.00016346470511052758
CS05617,0,0.00012731103925034404
CS05618,0,0.0009547316585667431
CS05619,0,0.1555909812450409
CS05620,0,0.0003514382697176188
CS05621,1,0.999762237071991
CS05622,1,0.9997468590736389
CS05623,0,0.004982269834727049
CS05624,0,0.1250653862953186
CS05625,0,0.0026316740550100803
CS05626,0,0.002287227427586913
CS05627,0,0.0006462032906711102
CS05628,1,0.0010649625910446048
CS05629,0,0.017712296918034554
CS05630,0,0.0004878571489825845
CS05631,0,0.00037998449988663197
CS05632,0,0.0008969393675215542
CS05633,0,0.0005193048273213208
CS05634,0,0.005384937860071659
CS05635,1,0.30985841155052185
CS05636,0,0.00012731103925034404
CS05637,0,0.002217013156041503
CS05638,0,0.00019110433640889823
CS05639,0,0.0005614787223748863
CS05640,0,0.0005792917218059301
CS05641,1,0.9993013143539429
CS05642,0,0.00033535013790242374
CS05643,1,0.9999008178710938
CS05644,0,0.0002611903182696551
CS05645,0,0.0002234163403045386
CS05646,0,0.00017400544311385602
CS05647,0,0.9621075391769409
CS05648,0,0.0020190139766782522
CS05649,0,0.0031726828310638666
CS05650,0,0.00016865275392774493
CS05651,1,0.9998464584350586
CS05652,0,0.0002868540759664029
CS05653,0,0.00017400544311385602
CS05654,0,6.814871449023485e-05
CS05655,0,0.00039821307291276753
CS05656,0,0.0012255674228072166
CS05657,0,0.0004173157794866711
CS05658,0,0.0004512106243055314
CS05659,1,0.9976403713226318
CS05660,0,0.0002098830882459879
CS05661,0,0.004755199886858463
CS05662,0,0.00031015597051009536
CS05663,0,0.00013552079326473176
CS05664,0,0.0006361912819556892
CS05665,0,0.0001713081874186173
CS05666,0,0.0012843082658946514
CS05667,1,0.022116590291261673
CS05668,0,0.0006166296661831439
CS05669,0,0.00019716944370884448
CS05670,0,0.00016346470511052758
CS05671,0,0.0004373344127088785
CS05672,0,7.484622619813308e-05
CS05673,1,0.9976032376289368
CS05674,1,0.00023413580493070185
CS05675,0,0.00017400544311385602
CS05676,0,7.484622619813308e-05
CS05677,0,6.014151585986838e-05
CS05678,1,0.00021995336282998323
CS05679,0,0.00030534894904121757
CS05680,0,0.00036829791497439146
CS05681,1,0.5917232036590576
CS05682,0,0.00011235327110625803
CS05683,0,0.00017400544311385602
CS05684,1,0.00019110433640889823
CS05685,0,0.006388320587575436
CS05686,0,0.9740425944328308
CS05687,0,0.00014883847325108945
CS05688,0,0.00011235327110625803
CS05689,1,0.999868631362915
CS05690,0,0.0004305570910219103
CS05691,0,0.00026530236937105656
CS05692,0,0.00013135180051904172
CS05693,0,0.0011160143185406923
CS05694,0,0.0004305570910219103
CS05695,0,0.002217013156041503
CS05696,0,0.00011591933434829116
CS05697,1,0.9983769655227661
CS05698,0,0.00016346470511052758
CS05699,1,0.0006986756343394518
CS05700,1,0.9929881691932678
CS05701,0,0.00017400544311385602
CS05702,0,0.00020027377468068153
CS05703,0,5.475977013702504e-05
CS05705,0,0.028870906680822372
CS05706,0,0.00024536947603337467
CS05707,0,0.00014425987319555134
CS05708,0,0.0003406293399166316
CS05709,0,0.00020342698553577065
CS05710,1,0.04401864856481552
CS05711,0,0.0005884087877348065
CS05712,0,0.002396730938926339
CS05713,0,0.0008426423300988972
CS05714,0,9.314593626186252e-05
CS05715,0,0.0014103584690019488
CS05717,0,5.144221358932555e-05
CS05718,0,0.0006986756343394518
CS05719,0,0.00029137005913071334
CS05720,1,0.9997387528419495
CS05721,0,0.00012731103925034404
CS05722,0,0.0009399439441040158
CS05723,0,0.0002234163403045386
CS05724,0,0.0004802972252946347
CS05725,1,0.9998511075973511
CS05726,0,0.002082970691844821
CS05727,1,0.9875683188438416
CS05728,0,0.00020662981842178851
CS05730,0,0.0026730059180408716
CS05731,0,0.0005033356137573719
CS05732,0,0.0001795279822545126
CS05733,1,0.8349459171295166
CS05734,0,0.0005703156348317862
CS05735,0,0.0002611903182696551
CS05736,0,0.0005614787223748863
CS05737,1,0.9969722032546997
CS05738,0,0.00020342698553577065
CS05739,0,0.00030061634606681764
CS05740,0,0.0002780309587251395
CS05741,0,0.0002868540759664029
CS05742,0,0.0029349515680223703
CS05743,0,0.00040448151412419975
CS05744,0,0.9979169964790344
CS05745,0,0.00015843621804378927
CS05746,0,0.00023050671734381467
CS05747,0,0.00014883847325108945
CS05748,1,0.0018969199154525995
CS05749,0,0.00016346470511052758
CS05750,0,7.967301644384861e-05
CS05751,1,0.9998644590377808
CS05752,0,0.0009399439441040158
CS05753,0,0.0002131875662598759
CS05754,1,0.0003859660937450826
CS05755,0,0.0007437028689309955
CS05756,0,0.0002234163403045386
CS05757,0,0.0013250223128125072
CS05758,0,8.220189192797989e-05
CS05759,0,5.144221358932555e-05
CS05760,1,0.9949396848678589
CS05761,0,0.004070138093084097
CS05762,0,0.9837225079536438
CS05763,0,0.00035697061684913933
CS05764,1,0.9991306662559509
CS05765,0,0.0004655269149225205
CS05766,0,0.007121428847312927
CS05767,0,8.220189192797989e-05
CS05768,0,0.0001398220774717629
CS05769,1,0.9284088015556335
CS05770,0,0.0011695101857185364
CS05771,0,0.00024536947603337467
CS05772,0,0.00021654405281879008
CS05773,0,0.00030534894904121757
CS05774,0,0.00010889690020121634
CS05775,1,0.9958011507987976
CS05776,0,0.00011591933434829116
CS05777,0,0.0001795279822545126
CS05778,1,0.9999068975448608
CS05779,0,0.0011879054363816977
CS05780,1,0.9987356066703796
CS05781,1,0.997368335723877
CS05782,0,0.0002098830882459879
CS05783,1,0.9953181147575378
CS05784,0,0.00020342698553577065
CS05785,0,0.0020507436711341143
CS05786,1,0.2260993868112564
CS05787,0,0.0009850081987679005
CS05788,0,0.0017546144081279635
CS05789,0,0.008061991073191166
CS05790,0,0.00019716944370884448
CS05791,1,0.9997262358665466
CS05792,1,0.9994471669197083
CS05793,0,0.0001795279822545126
CS05794,0,0.0002098830882459879
CS05795,1,0.999762237071991
CS05796,0,0.00023413580493070185
CS05797,0,0.002217013156041503
CS05798,0,0.09807932376861572
CS05799,1,0.9990600943565369
CS05800,0,9.314593626186252e-05
CS05801,0,0.00029595711384899914
CS05802,0,0.005384937860071659
CS05803,0,9.314593626186252e-05
CS05804,0,0.00033535013790242374
CS05805,0,0.003027835162356496
CS05806,0,0.00017674513219390064
CS05807,0,0.05707139894366264
CS05808,0,8.220189192797989e-05
CS05809,0,0.9942697286605835
CS05810,0,0.00039821307291276753
CS05811,0,0.00013552079326473176
CS05812,0,8.220189192797989e-05
CS05813,0,0.009268013760447502
CS05814,0,0.0004655269149225205
CS05815,1,0.9983769655227661
CS05816,0,0.00015356238873209804
CS05817,0,0.00017400544311385602
CS05818,0,0.0014103584690019488
CS05819,1,0.0016743993619456887
CS05820,0,0.0018969199154525995
CS05821,1,0.010328153148293495
CS05822,0,9.028038766700774e-05
CS05823,0,9.028038766700774e-05
CS05824,1,0.9946980476379395
CS05825,0,0.0008426423300988972
CS05826,0,0.00018522574100643396
CS05827,0,0.00040448151412419975
CS05828,0,0.0004655269149225205
CS05829,1,0.9970190525054932
CS05830,0,0.007695647422224283
CS05831,0,0.00027372167096473277
CS05832,0,0.0001398220774717629
CS05833,0,0.00010889690020121634
CS05834,0,7.031184213701636e-05
CS05835,0,6.605214002775028e-05
CS05836,0,0.010818448849022388
CS05837,0,7.031184213701636e-05
CS05838,0,0.00019110433640889823
CS05839,0,0.00016093082376755774
CS05840,0,0.0008040859247557819
CS05841,1,0.5900707244873047
CS05842,0,0.0003199982747901231
CS05843,0,0.0009697519708424807
CS05844,0,0.0064882696606218815
CS05845,0,8.220189192797989e-05
CS05846,1,0.010489090345799923
CS05847,0,0.00016865275392774493
CS05848,1,0.004982269834727049
CS05849,0,0.0011879054363816977
CS05850,0,0.00013552079326473176
CS05851,0,0.0005614787223748863
CS05852,0,7.031184213701636e-05
CS05853,0,0.00011591933434829116
CS05854,0,0.00010229986219201237
CS05855,0,0.00019110433640889823
CS05856,1,0.002800926798954606
CS05857,0,0.00014425987319555134
CS05858,1,0.9968763589859009
CS05859,0,0.00011235327110625803
CS05860,0,0.00035697061684913933
CS05861,0,0.00029137005913071334
CS05862,1,0.9998148083686829
CS05863,0,0.0003301527467556298
CS05864,0,0.00029595711384899914
CS05865,0,0.0616496242582798
CS05866,1,0.999929666519165
CS05867,0,0.00016865275392774493
CS05868,0,0.00014883847325108945
CS05869,0,0.0005614787223748863
CS05870,0,0.008847354911267757
CS05871,0,0.0002780309587251395
CS05872,0,9.610241977497935e-05
CS05873,0,0.002511463360860944
CS05874,0,8.220189192797989e-05
CS05875,0,0.00013135180051904172
CS05876,0,0.0003199982747901231
CS05877,0,0.00023413580493070185
CS05878,0,7.031184213701636e-05
CS05879,0,0.9782188534736633
CS05880,0,0.00023050671734381467
CS05881,1,0.9995417594909668
CS05882,0,0.00012339458044152707
CS05883,0,0.0002234163403045386
CS05884,1,0.9998804330825806
CS05885,0,0.00012339458044152707
CS05886,0,7.031184213701636e-05
CS05887,0,0.0012065897462889552
CS05888,0,0.00014425987319555134
CS05889,0,0.00019110433640889823
CS05890,0,9.314593626186252e-05
CS05891,1,0.04922211170196533
CS05892,1,0.9998313188552856
CS05893,0,0.00019411317771300673
CS05894,0,0.0007208380266092718
CS05895,0,0.0002098830882459879
CS05896,0,0.0001398220774717629
CS05898,0,0.0003459916333667934
CS05899,0,0.0002234163403045386
CS05900,0,0.0002098830882459879
CS05901,1,0.0015978454612195492
CS05902,0,0.00025714197545312345
CS05903,1,0.9999008178710938
CS05904,0,0.00015356238873209804
CS05905,1,0.9997901320457458
CS05906,0,0.00017400544311385602
CS05907,0,0.00017400544311385602
CS05908,1,0.9184802770614624
CS05909,0,0.0002611903182696551
CS05910,0,0.00013135180051904172
CS05911,1,0.9998804330825806
CS05912,0,0.0012644219677895308
CS05913,0,5.829126530443318e-05
CS05914,0,0.00011591933434829116
CS05915,0,9.314593626186252e-05
CS05916,0,0.004133968148380518
CS05917,0,0.0007437028689309955
CS05918,0,0.9726234674453735
CS05919,0,0.0753123089671135
CS05920,0,0.00025714197545312345
CS05921,0,0.0002234163403045386
CS05922,0,0.9993013143539429
CS05923,0,0.00015356238873209804
CS05924,0,0.00012731103925034404
CS05925,0,0.0004878571489825845
CS05926,0,0.0002611903182696551
CS05927,0,0.0007096704212017357
CS05928,0,0.0002531563804950565
CS05929,1,0.9995827078819275
CS05930,0,0.0014550628839060664
CS05931,0,7.254361116793007e-05
CS05932,0,0.0020190139766782522
CS05933,0,9.915272676153108e-05
CS05934,0,0.00017400544311385602
CS05935,0,0.0003301527467556298
CS05936,1,0.9990302324295044
CS05937,0,0.0005033356137573719
CS05938,0,0.0004955359036102891
CS05939,0,0.0032224843744188547
CS05940,0,0.0007208380266092718
CS05941,0,0.00015843621804378927
CS05942,0,0.0009850081987679005
CS05943,0,0.00020662981842178851
CS05944,0,0.00020342698553577065
CS05945,0,0.00019411317771300673
CS05946,0,0.0007554056355729699
CS05947,0,0.00039821307291276753
CS05948,1,0.0033244371879845858
CS05949,0,0.00010229986219201237
CS05950,1,0.9998726844787598
CS05951,0,7.031184213701636e-05
CS05952,0,8.220189192797989e-05
CS05953,0,0.00016346470511052758
CS05954,0,0.00015843621804378927
CS05955,0,0.00023782206699252129
CS05956,0,0.00020342698553577065
CS05957,0,0.0002234163403045386
CS05958,1,0.9995344877243042
CS05959,0,0.0005112579092383385
CS05960,0,0.00011591933434829116
CS05961,0,0.002396730938926339
CS05962,0,0.001524786464869976
CS05963,0,5.475977013702504e-05
CS05964,1,0.05070536211133003
CS05965,0,0.0001795279822545126
CS05966,0,0.0002234163403045386
CS05967,0,0.00017400544311385602
CS05968,0,5.829126530443318e-05
CS05969,0,0.00019716944370884448
CS05970,0,0.001151399570517242
CS05971,0,5.3075080359121785e-05
CS05972,1,0.9996373653411865
CS05973,0,0.0006771942134946585
CS05974,0,0.0002531563804950565
CS05975,0,0.00014883847325108945
CS05976,0,0.00016865275392774493
CS05977,1,0.9984512329101562
CS05978,1,0.9981324076652527
CS05979,0,0.00011959858238697052
CS05980,0,0.0002234163403045386
CS05981,0,0.00010229986219201237
CS05982,1,0.9979810118675232
CS05983,1,0.9991573095321655
CS05984,0,0.00037409563083201647
CS05985,0,0.9693241715431213
CS05986,0,0.0022518474142998457
CS05987,0,0.001987774157896638
CS05988,0,0.0003920417802873999
CS05989,0,0.00018522574100643396
CS05990,0,0.00020342698553577065
CS05991,0,0.00018522574100643396
CS05992,0,0.0009253848693333566
CS05993,1,0.9974090456962585
CS05994,0,0.00013135180051904172
CS05995,0,0.0002531563804950565
CS05996,1,0.3925696611404419
CS05997,1,0.00011959858238697052
CS05998,0,0.0005703156348317862
CS05999,0,0.00013135180051904172
CS06000,0,0.001987774157896638
CS06001,0,0.14270912110805511
CS06003,1,0.05623634159564972
CS06004,0,0.00031015597051009536
CS06005,0,0.00029595711384899914
CS06006,0,0.0001795279822545126
CS06007,0,4.683888619183563e-05
CS06008,1,0.9997468590736389
CS06010,0,0.999562680721283
CS06011,0,0.0003250358859077096
CS06012,0,0.00011959858238697052
CS06013,1,0.66888028383255
CS06014,0,0.04569203406572342
CS06015,0,0.9992903470993042
CS06016,0,9.610241977497935e-05
CS06017,0,0.0009253848693333566
CS06018,0,9.610241977497935e-05
CS06019,0,0.00012339458044152707
CS06020,0,0.0014103584690019488
CS06021,1,0.9996646642684937
CS06022,0,0.000656372809316963
CS06023,1,0.9997040629386902
CS06024,0,0.00029137005913071334
CS06025,0,0.0018102109897881746
CS06026,1,0.917302668094635
CS06027,1,0.9998840093612671
CS06028,1,0.9996594190597534
CS06029,0,7.967301644384861e-05
CS06030,1,0.0012644219677895308
CS06031,0,0.00047285447362810373
CS06032,1,0.9980429410934448
CS06033,1,0.9773707389831543
CS06034,0,0.00011235327110625803
CS06035,0,0.00013135180051904172
CS06036,0,0.00020342698553577065
CS06037,0,0.00018522574100643396
CS06038,0,7.031184213701636e-05
CS06039,0,9.915272676153108e-05
CS06040,1,0.9893474578857422
CS06041,0,5.475977013702504e-05
CS06042,0,0.00040448151412419975
CS06043,0,9.915272676153108e-05
CS06044,0,7.967301644384861e-05
CS06045,1,0.9252300262451172
CS06046,0,0.0008295892039313912
CS06047,1,0.999762237071991
CS06048,0,4.832564081880264e-05
CS06049,0,0.00024536947603337467
CS06050,1,0.17384852468967438
CS06051,1,0.9985674619674683
CS06052,0,0.00019110433640889823
CS06053,0,0.2620856761932373
CS06054,1,0.9918121099472046
CS06055,0,0.9983515739440918
CS06056,0,0.0001398220774717629
CS06057,0,0.00010554686014074832
CS06058,0,6.402006692951545e-05
CS06059,1,0.00025714197545312345
CS06060,0,7.254361116793007e-05
CS06061,1,0.05541279539465904
CS06062,0,0.0002531563804950565
CS06063,0,0.00019110433640889823
CS06064,1,0.999779999256134
CS06065,0,0.004070138093084097
CS06066,0,0.0001795279822545126
CS06067,0,0.012821214273571968
CS06068,0,0.0005792917218059301
CS06069,0,0.00036829791497439146
CS06070,0,9.915272676153108e-05
CS06071,0,0.0002098830882459879
CS06072,0,0.0002234163403045386
CS06073,0,0.9582260847091675
CS06074,0,0.0001398220774717629
CS06075,0,0.00014425987319555134
CS06076,1,0.9996373653411865
CS06077,0,0.0007208380266092718
CS06078,0,0.0006878511630930007
CS06079,0,5.3075080359121785e-05
CS06080,0,0.00023782206699252129
CS06081,1,0.9997507929801941
CS06082,0,0.00017400544311385602
CS06083,0,0.00017674513219390064
CS06084,0,0.00011591933434829116
CS06085,0,0.0020507436711341143
CS06086,0,6.814871449023485e-05
CS06087,1,0.9987157583236694
CS06089,0,0.0002694791473913938
CS06090,0,0.0001795279822545126
CS06091,0,0.00035697061684913933
CS06092,0,0.00247262348420918
CS06093,0,0.00030061634606681764
CS06094,0,0.013636834919452667
CS06095,0,0.9829546809196472
CS06096,0,0.0005033356137573719
CS06097,0,0.00014883847325108945
CS06098,0,8.481104305246845e-05
CS06099,0,0.011687259189784527
CS06100,0,0.0005792917218059301
CS06101,0,0.0004512106243055314
CS06102,1,0.9998766183853149
CS06103,1,0.014503580518066883
CS06104,0,0.0003514382697176188
CS06105,0,6.814871449023485e-05
CS06106,0,0.00031503866193816066
CS06107,0,0.002396730938926339
CS06108,1,0.9997305274009705
CS06109,0,0.002182716503739357
CS06110,0,0.0007321813027374446
CS06111,1,0.029760094359517097
CS06112,0,0.00021995336282998323
CS06113,0,0.00029137005913071334
CS06114,1,0.9981030225753784
CS06115,0,0.00013552079326473176
CS06116,0,8.220189192797989e-05
CS06117,0,0.00214894930832088
CS06118,0,0.00017400544311385602
CS06119,1,0.5316957235336304
CS06120,0,0.00036829791497439146
CS06121,0,0.0002611903182696551
CS06122,0,0.00012339458044152707
CS06123,0,0.00014653131074737757
CS06124,0,0.00012339458044152707
CS06125,0,0.00012339458044152707
CS06126,0,0.00010229986219201237
CS06127,0,0.00013552079326473176
CS06128,0,0.00012339458044152707
CS06129,0,0.00023050671734381467
CS06130,0,5.6497930927434936e-05
CS06131,0,0.002217013156041503
CS06132,0,6.402006692951545e-05
CS06133,0,0.027585284784436226
CS06134,0,0.0003301527467556298
CS06135,1,0.002396730938926339
CS06136,0,0.004681821912527084
CS06137,1,0.9995121955871582
CS06138,0,7.967301644384861e-05
CS06139,0,0.00019110433640889823
CS06140,0,0.0004878571489825845
CS06141,0,8.750300185056403e-05
CS06142,0,0.00015356238873209804
CS06143,0,0.9940890073776245
CS06144,0,0.0001398220774717629
CS06145,0,6.402006692951545e-05
CS06146,0,0.00019716944370884448
CS06147,0,8.481104305246845e-05
CS06148,0,0.0002234163403045386
CS06149,0,0.00021654405281879008
CS06150,1,0.999208390712738
CS06151,0,0.00012731103925034404
CS06152,1,0.0042646341025829315
CS06153,0,0.6846858263015747
CS06154,0,0.00017400544311385602
CS06155,0,0.0006263342220336199
CS06156,1,0.002889581024646759
CS06157,0,0.00021654405281879008
CS06158,0,0.000816738058347255
CS06159,0,0.00045831294846720994
CS06160,0,9.314593626186252e-05
CS06161,0,0.00012731103925034404
CS06162,0,0.0015978454612195492
CS06163,0,0.00013552079326473176
CS06164,0,0.0002611903182696551
CS06165,0,0.002287227427586913
CS06166,0,0.002115703420713544
CS06167,0,0.0007096704212017357
CS06168,1,0.023870835080742836
CS06169,1,0.9998804330825806
CS06170,0,0.000656372809316963
CS06171,0,0.0010649625910446048
CS06172,0,0.0002098830882459879
CS06173,0,0.00013135180051904172
CS06174,0,0.0008830458391457796
CS06175,0,0.00017400544311385602
CS06176,0,0.0004373344127088785
CS06177,0,0.0003199982747901231
CS06178,0,0.0015487611526623368
CS06179,0,0.0008693674462847412
CS06180,1,0.999045193195343
CS06181,1,0.7648916244506836
CS06182,0,0.00035697061684913933
CS06183,0,0.0060035958886146545
CS06184,0,0.8233283758163452
CS06185,1,0.9978172779083252
CS06186,0,6.014151585986838e-05
CS06187,0,0.0002098830882459879
CS06188,0,6.605214002775028e-05
CS06189,0,0.9883127808570862
CS06190,0,0.00014425987319555134
CS06191,0,0.001098731067031622
CS06192,1,0.9997965693473816
CS06193,0,8.220189192797989e-05
CS06194,0,0.0002234163403045386
CS06195,0,0.00025714197545312345
CS06196,0,7.031184213701636e-05
CS06197,0,0.0005357805639505386
CS06198,0,0.00016346470511052758
CS06199,0,0.0005614787223748863
CS06200,0,0.0018102109897881746
CS06201,0,9.915272676153108e-05
CS06202,0,0.00014883847325108945
CS06203,0,0.0007672925130464137
CS06204,1,0.04054073989391327
CS06205,0,0.0012065897462889552
CS06206,0,0.8553685545921326
CS06207,0,0.0015011822106316686
CS06208,0,0.005139610730111599
CS06209,0,0.0003514382697176188
CS06210,0,0.00012339458044152707
CS06211,0,0.0001795279822545126
CS06212,0,0.0006361912819556892
CS06213,0,0.00019716944370884448
CS06214,0,4.985958366887644e-05
CS06215,1,0.6451199054718018
CS06216,0,0.00024156630388461053
CS06217,0,0.00214894930832088
CS06218,0,0.0009850081987679005
CS06219,1,0.9998089671134949
CS06220,0,0.0064882696606218815
CS06221,0,6.205048703122884e-05
CS06222,0,0.00023050671734381467
CS06223,0,0.00047285447362810373
CS06224,0,0.00025714197545312345
CS06225,0,0.003027835162356496
CS06226,0,0.0033244371879845858
CS06227,0,0.0001398220774717629
CS06228,0,0.0005193048273213208
CS06229,0,0.0010162439430132508
CS06230,0,0.002800926798954606
CS06231,0,0.6630147099494934
CS06232,0,0.00017400544311385602
CS06233,0,0.00016865275392774493
CS06234,0,0.00037409563083201647
CS06235,1,0.9995827078819275
CS06236,0,6.814871449023485e-05
CS06237,0,8.220189192797989e-05
CS06238,0,0.002182716503739357
CS06239,0,0.00019716944370884448
CS06240,0,0.0015978454612195492
CS06241,0,8.481104305246845e-05
CS06242,0,0.00020342698553577065
CS06243,1,0.9977481961250305
CS06244,1,0.9437636137008667
CS06245,0,0.00010889690020121634
CS06246,0,0.00016865275392774493
CS06247,0,0.00045831294846720994
CS06248,0,0.00019411317771300673
CS06249,0,0.0007916296599432826
CS06250,0,0.0002868540759664029
CS06251,0,0.0023596605751663446
CS06252,0,7.484622619813308e-05
CS06253,1,0.999783456325531
CS06254,0,0.00035697061684913933
CS06255,1,0.9998910427093506
CS06256,0,4.985958366887644e-05
CS06257,1,0.9996373653411865
CS06258,0,0.00016865275392774493
CS06259,0,0.00023413580493070185
CS06260,0,0.0015011822106316686
CS06261,1,0.01912403665482998
CS06262,0,0.007345826830714941
CS06263,0,0.0003301527467556298
CS06264,1,0.9995761513710022
CS06265,0,9.028038766700774e-05
CS06266,0,0.0001795279822545126
CS06267,1,0.9994887113571167
CS06268,0,9.314593626186252e-05
CS06269,1,0.0003199982747901231
CS06270,0,8.220189192797989e-05
CS06271,0,0.00021654405281879008
CS06272,0,0.00019716944370884448
CS06273,0,0.001987774157896638
CS06274,0,0.00031503866193816066
CS06275,0,0.00016346470511052758
CS06276,1,0.9999203681945801
CS06277,0,0.005730246659368277
CS06278,0,0.0001398220774717629
CS06279,0,0.00021654405281879008
CS06280,0,0.0003301527467556298
CS06281,1,0.9997730851173401
CS06282,0,0.0004108485300093889
CS06283,0,0.0012065897462889552
CS06284,1,0.9998726844787598
CS06285,0,0.00021995336282998323
CS06286,0,0.0002234163403045386
CS06287,0,0.7325918078422546
CS06288,0,0.0008559006382711232
CS06289,0,7.722191367065534e-05
CS06290,0,0.0003250358859077096
CS06291,0,0.00016865275392774493
CS06292,0,0.0002234163403045386
CS06293,0,0.011869121342897415
CS06294,0,0.00035697061684913933
CS06295,1,0.9998644590377808
CS06296,0,0.00010554686014074832
CS06297,0,8.220189192797989e-05
CS06298,0,0.00019110433640889823
CS06299,0,0.9704646468162537
CS06300,0,0.0006166296661831439
CS06301,1,0.9998601675033569
CS06302,1,0.0024343819823116064
CS06303,0,0.0005274784634821117
CS06304,1,0.002396730938926339
CS06305,0,0.0001795279822545126
CS06306,0,0.00019716944370884448
CS06307,0,0.00036259001353755593
CS06308,0,8.481104305246845e-05
CS06309,0,8.750300185056403e-05
CS06310,0,0.005730246659368277
CS06311,1,0.9998148083686829
CS06312,0,0.0005614787223748863
CS06313,0,0.0012843082658946514
CS06314,0,0.001524786464869976
CS06315,0,0.0001795279822545126
CS06316,0,7.722191367065534e-05
CS06317,0,0.00011235327110625803
CS06318,0,0.007937993854284286
CS06319,0,0.004198795184493065
CS06320,0,0.00023050671734381467
CS06321,0,0.0005033356137573719
CS06322,0,0.00011235327110625803
CS06323,0,0.00023413580493070185
CS06324,0,0.0018675660248845816
CS06325,0,0.00014425987319555134
CS06326,1,0.9985674619674683
CS06327,1,0.9995272159576416
CS06328,1,0.9997546076774597
CS06329,0,0.0001795279822545126
CS06330,0,0.00011959858238697052
CS06331,0,0.001524786464869976
CS06332,1,0.00036259001353755593
CS06333,0,0.00018522574100643396
CS06334,0,0.0001398220774717629
CS06335,0,0.0001398220774717629
CS06336,0,0.00012339458044152707
CS06337,0,0.00010889690020121634
CS06338,1,0.9946150183677673
CS06339,0,0.00019716944370884448
CS06340,1,0.9998511075973511
CS06341,0,0.0006070755189284682
CS06342,0,0.0017007224960252643
CS06343,1,0.0004108485300093889
CS06344,0,0.00017400544311385602
CS06345,0,0.0004305570910219103
CS06346,0,0.0004512106243055314
CS06347,1,0.9998089671134949
CS06348,0,0.00010554686014074832
CS06349,0,0.00018522574100643396
CS06350,0,0.00025714197545312345
CS06351,0,0.0001398220774717629
CS06352,0,0.00047285447362810373
CS06353,0,9.610241977497935e-05
CS06354,1,0.9995761513710022
CS06355,0,0.00040448151412419975
CS06356,0,0.00012731103925034404
CS06357,0,0.0002868540759664029
CS06358,1,0.9998804330825806
CS06359,1,0.9230391979217529
CS06360,1,0.9998365640640259
CS06361,0,0.0010322310263291001
CS06362,0,0.023330766707658768
CS06363,0,0.17838266491889954
CS06364,0,0.0002531563804950565
CS06365,0,0.1294027417898178
CS06366,0,0.00019716944370884448
CS06367,0,0.00037998449988663197
CS06368,0,0.00047285447362810373
CS06369,0,0.0006986756343394518
CS06370,1,0.9993333220481873
CS06371,0,0.9676556587219238
CS06372,0,0.00017400544311385602
CS06373,0,5.829126530443318e-05
CS06374,0,0.0005792917218059301
CS06375,1,0.9964619278907776
CS06376,0,0.0009253848693333566
CS06377,0,0.0009253848693333566
CS06378,0,6.402006692951545e-05
CS06379,1,0.791176438331604
CS06380,0,0.02779562398791313
CS06381,1,0.6938879489898682
CS06382,1,0.9996646642684937
CS06383,0,0.00017400544311385602
CS06384,0,9.314593626186252e-05
CS06385,0,8.481104305246845e-05
CS06386,0,0.00014425987319555134
CS06387,1,0.999868631362915
CS06388,0,9.028038766700774e-05
CS06389,0,9.314593626186252e-05
CS06390,0,0.005301894620060921
CS06391,0,0.00013552079326473176
CS06392,0,0.0005614787223748863
CS06393,1,0.9998840093612671
CS06394,0,0.00026530236937105656
CS06395,0,0.026556571945548058
CS06396,0,0.0011879054363816977
CS06397,0,0.0002531563804950565
CS06398,1,0.9775429368019104
CS06399,0,0.00021654405281879008
CS06400,0,0.9367494583129883
CS06401,0,0.0002234163403045386
CS06402,0,0.0033244371879845858
CS06403,0,0.00013552079326473176
CS06404,0,0.00021654405281879008
CS06405,0,0.00016346470511052758
CS06406,0,6.402006692951545e-05
CS06407,0,0.00014425987319555134
CS06408,0,0.0020507436711341143
CS06409,0,6.402006692951545e-05
CS06410,0,5.829126530443318e-05
CS06411,0,0.00023782206699252129
CS06412,1,0.9997040629386902
CS06413,0,7.254361116793007e-05
CS06414,0,0.0002492325147613883
CS06415,1,0.00029595711384899914
CS06416,0,0.012624948285520077
CS06417,0,0.00019716944370884448
CS06418,1,0.9990600943565369
CS06419,0,7.967301644384861e-05
CS06420,1,0.003273064736276865
CS06421,1,0.0005357805639505386
CS06422,0,0.0006667023408226669
CS06423,0,6.605214002775028e-05
CS06424,0,0.00016865275392774493
CS06425,0,0.00014425987319555134
CS06426,1,0.9993928670883179
CS06427,1,0.9983515739440918
CS06428,0,0.0007437028689309955
CS06429,0,0.001151399570517242
CS06430,0,0.004399413242936134
CS06431,0,0.005469274241477251
CS06432,1,0.9998766183853149
CS06433,0,0.00014883847325108945
CS06434,1,0.9998726844787598
CS06435,0,0.00018814207578543574
CS06436,1,0.03138042986392975
CS06437,0,0.018264278769493103
CS06438,1,0.999868631362915
CS06439,1,0.9962345957756042
CS06440,1,0.9998260140419006
CS06441,0,0.00018522574100643396
CS06442,0,0.0004512106243055314
CS06443,1,0.9999397993087769
CS06444,0,0.0002694791473913938
CS06445,0,7.254361116793007e-05
CS06446,0,0.007121428847312927
CS06447,0,0.0002824080584105104
CS06448,0,0.325949490070343
CS06449,0,0.00019110433640889823
CS06450,0,0.05108273774385452
CS06451,0,0.00010229986219201237
CS06452,0,0.0007096704212017357
CS06453,0,0.0012065897462889552
CS06454,0,5.829126530443318e-05
CS06455,1,0.9984021782875061
CS06456,0,0.0001398220774717629
CS06457,1,0.015543648041784763
CS06458,1,0.0010162439430132508
CS06459,1,0.999480664730072
CS06460,0,0.9991306662559509
CS06461,0,0.0002611903182696551
CS06462,1,0.9998766183853149
CS06463,0,0.00025714197545312345
CS06464,1,0.9998944997787476
CS06465,0,0.00029137005913071334
CS06466,0,0.0006263342220336199
CS06467,0,0.0004512106243055314
CS06468,0,0.9994471669197083
CS06469,0,0.0007437028689309955
CS06470,0,7.254361116793007e-05
CS06471,0,7.254361116793007e-05
CS06472,0,0.0002531563804950565
CS06474,0,0.0010649625910446048
CS06475,0,9.610241977497935e-05
CS06476,1,0.9998910427093506
CS06477,1,0.0006166296661831439
CS06478,0,9.314593626186252e-05
CS06479,0,6.605214002775028e-05
CS06480,1,0.9999203681945801
CS06481,1,0.9974884986877441
CS06482,1,0.999868631362915
CS06483,0,7.722191367065534e-05
CS06484,1,0.999555766582489
CS06485,0,8.220189192797989e-05
CS06486,0,7.254361116793007e-05
CS06487,1,0.0009697519708424807
CS06488,0,0.0013885231455788016
CS06489,0,0.00012339458044152707
CS06490,0,0.000656372809316963
CS06491,0,0.00045831294846720994
CS06492,1,0.9996429681777954
CS06493,0,0.00024536947603337467
CS06494,0,0.0007916296599432826
CS06495,1,0.9999125003814697
CS06496,1,0.0006070755189284682
CS06497,1,0.9997933506965637
CS06498,1,0.9998464584350586
CS06499,0,0.00015356238873209804
CS06500,0,9.314593626186252e-05
CS06501,0,0.00021654405281879008
CS06502,1,0.00019110433640889823
CS06503,0,0.00042388474685139954
CS06504,0,0.00013135180051904172
CS06505,0,0.00020342698553577065
CS06507,1,0.16026602685451508
CS06508,0,0.9898303151130676
CS06509,0,0.7723590135574341
CS06510,0,0.9987356066703796
CS06511,0,0.0002694791473913938
CS06512,0,0.00015843621804378927
CS06513,0,0.00024536947603337467
CS06514,0,0.00015843621804378927
CS06515,1,0.053403329104185104
CS06516,0,0.00020027377468068153
CS06517,0,9.028038766700774e-05
CS06518,0,0.00030061634606681764
CS06519,0,6.814871449023485e-05
CS06520,1,0.9997305274009705
CS06521,0,4.539786823443137e-05
CS06522,1,0.0006667023408226669
CS06523,0,0.00025714197545312345
CS06524,0,6.814871449023485e-05
CS06525,1,0.0007672925130464137
CS06526,0,7.967301644384861e-05
CS06527,1,0.9978843331336975
CS06528,0,0.0001795279822545126
CS06529,1,0.00035697061684913933
CS06530,1,0.9940890073776245
CS06531,0,0.01542455144226551
CS06532,1,0.9911527037620544
CS06533,0,0.0019267345778644085
CS06534,0,0.00019716944370884448
CS06535,0,0.00014883847325108945
CS06536,0,5.144221358932555e-05
CS06537,0,0.9904406070709229
CS06538,0,0.0002492325147613883
CS06539,0,0.0002492325147613883
CS06540,1,0.9998339414596558
CS06541,0,0.0042646341025829315
CS06542,0,0.0005792917218059301
CS06543,0,0.9986114501953125
CS06544,0,0.0012843082658946514
CS06545,0,0.0003859660937450826
CS06546,1,0.999868631362915
CS06547,0,8.220189192797989e-05
CS06548,0,0.0007916296599432826
CS06549,0,0.00033535013790242374
CS06550,0,0.999373733997345
CS06551,0,0.00047285447362810373
CS06552,0,0.00024536947603337467
CS06553,1,0.9603611826896667
CS06554,0,8.220189192797989e-05
CS06555,0,0.00031503866193816066
CS06556,0,0.007695647422224283
CS06557,0,0.9996140599250793
CS06558,0,0.06632687896490097
CS06559,0,0.0002098830882459879
CS06560,1,0.9998557567596436
CS06561,0,0.00214894930832088
CS06562,0,0.0061929901130497456
CS06563,0,0.00019716944370884448
CS06564,0,4.832564081880264e-05
CS06565,0,0.00010554686014074832
CS06566,0,0.004133968148380518
CS06567,0,8.750300185056403e-05
CS06568,0,7.031184213701636e-05
CS06569,0,0.008577484637498856
CS06570,0,0.0002531563804950565
CS06571,0,0.00012731103925034404
CS06572,0,0.00039821307291276753
CS06573,0,0.017045317217707634
CS06574,0,0.0011160143185406923
CS06575,0,0.001573112327605486
CS06576,0,0.0005792917218059301
CS06577,0,0.00024536947603337467
CS06578,0,0.0002824080584105104
CS06579,0,0.0007321813027374446
CS06580,0,0.0002611903182696551
CS06581,0,0.0001398220774717629
CS06582,0,0.00017400544311385602
CS06583,1,0.9998644590377808
CS06584,0,0.0008559006382711232
CS06585,0,0.0002531563804950565
CS06586,0,0.00016865275392774493
CS06587,0,0.00017400544311385602
CS06588,0,0.986151397228241
CS06589,0,0.00037409563083201647
CS06590,1,0.10970577597618103
CS06591,0,0.00017400544311385602
CS06592,0,0.9504110217094421
CS06593,0,0.00020662981842178851
CS06594,0,0.00015356238873209804
CS06595,0,7.722191367065534e-05
CS06596,0,7.484622619813308e-05
CS06597,1,0.9998977184295654
CS06598,0,6.605214002775028e-05
CS06599,1,0.8344069123268127
CS06600,1,0.9437636137008667
CS06601,1,0.41828104853630066
CS06602,0,5.144221358932555e-05
CS06603,0,0.00025714197545312345
CS06604,0,6.205048703122884e-05
CS06605,0,0.024609927088022232
CS06606,0,0.00011591933434829116
CS06607,0,0.0005792917218059301
CS06608,0,0.9828232526779175
CS06609,0,0.1250653862953186
CS06610,0,0.00019716944370884448
CS06611,0,0.00014425987319555134
CS06612,0,0.9992563128471375
CS06613,1,0.9999068975448608
CS06615,0,0.00018522574100643396
CS06616,0,0.00016865275392774493
CS06617,0,0.0001795279822545126
CS06618,0,0.0003406293399166316
CS06619,0,0.00031503866193816066
CS06620,0,0.013428254052996635
CS06621,0,0.0002098830882459879
CS06622,0,0.0028449094388633966
CS06623,0,0.00010889690020121634
CS06624,0,0.00033535013790242374
CS06625,0,0.00013135180051904172
CS06626,1,0.9999097585678101
CS06627,0,0.0037072529084980488
CS06628,0,0.00037409563083201647
CS06629,0,0.0004512106243055314
CS06630,1,0.9989350438117981
CS06631,0,8.750300185056403e-05
CS06632,0,0.00017400544311385602
CS06633,0,0.00017400544311385602
CS06634,0,0.00011591933434829116
CS06635,1,0.9999097585678101
CS06636,0,0.00020342698553577065
CS06637,1,0.9998644590377808
CS06638,0,0.0006986756343394518
CS06639,0,0.00015843621804378927
CS06640,1,0.9998028874397278
CS06641,0,0.00010889690020121634
CS06642,0,0.9977127313613892
CS06643,1,0.9993833303451538
CS06644,1,0.9039745330810547
CS06645,1,0.998793363571167
CS06646,0,7.722191367065534e-05
CS06647,0,0.9978510141372681
CS06648,0,0.0005792917218059301
CS06649,0,0.0008426423300988972
CS06650,0,0.0002098830882459879
CS06651,0,0.9985674619674683
CS06652,0,0.0005112579092383385
CS06653,1,0.9477691650390625
CS06654,1,0.05379964038729668
CS06655,0,0.002182716503739357
CS06656,0,0.0005442132824100554
CS06657,0,9.915272676153108e-05
CS06658,1,0.9728307723999023
CS06659,0,0.0006263342220336199
CS06660,0,0.00018522574100643396
CS06661,0,0.2538609802722931
CS06662,0,0.0005112579092383385
CS06663,0,0.00019110433640889823
CS06664,0,0.9998875856399536
CS06665,0,4.683888619183563e-05
CS06666,0,0.00016865275392774493
CS06667,1,0.9998601675033569
CS06668,0,0.0006263342220336199
CS06669,0,0.00036259001353755593
CS06670,0,0.002082970691844821
CS06671,0,0.00012731103925034404
CS06672,0,0.0001398220774717629
CS06673,0,7.967301644384861e-05
CS06674,0,0.0009547316585667431
CS06675,1,0.9991306662559509
CS06676,0,0.0008693674462847412
CS06677,1,0.9988120794296265
CS06678,1,0.9996800422668457
CS06679,0,0.9815951585769653
CS06680,0,0.0010005044750869274
CS06681,0,0.006692850962281227
CS06682,1,0.9991573095321655
CS06683,0,0.0009850081987679005
CS06684,0,0.0005976693355478346
CS06685,0,0.00014883847325108945
CS06686,0,0.0004108485300093889
CS06687,0,9.610241977497935e-05
CS06688,0,0.0005193048273213208
CS06689,0,0.986151397228241
CS06690,1,0.9997867941856384
CS06691,0,0.00013135180051904172
CS06692,0,0.00010229986219201237
CS06693,1,0.999868631362915
CS06694,0,0.0038244836032390594
CS06695,1,0.005469274241477251
CS06696,0,0.0004442183708306402
CS06697,0,0.0002098830882459879
CS06698,0,0.00024156630388461053
CS06699,0,7.967301644384861e-05
CS06700,0,0.9693241715431213
CS06701,0,0.00036259001353755593
CS06702,0,0.9059898257255554
CS06703,0,0.0002780309587251395
CS06704,0,0.0018675660248845816
CS06705,0,8.481104305246845e-05
CS06706,0,0.9896718263626099
CS06707,0,0.00027372167096473277
CS06708,0,0.0008969393675215542
CS06709,0,0.0006166296661831439
CS06710,0,0.0005442132824100554
CS06711,0,0.00023050671734381467
CS06712,0,0.0012448432389646769
CS06713,0,0.00023413580493070185
CS06714,0,0.00010554686014074832
CS06715,1,0.9916841983795166
CS06716,0,0.0004442183708306402
CS06717,1,0.9999227523803711
CS06718,0,0.0004305570910219103
CS06719,0,0.00021654405281879008
CS06720,0,0.00014883847325108945
CS06721,1,0.0016484829830005765
CS06722,0,0.00014883847325108945
CS06723,0,0.00036829791497439146
CS06724,1,0.0003920417802873999
CS06725,0,0.00029137005913071334
CS06726,1,0.9991958737373352
CS06727,0,9.314593626186252e-05
CS06728,0,0.0006166296661831439
CS06729,0,8.750300185056403e-05
CS06730,1,0.9998644590377808
CS06731,0,0.00030061634606681764
CS06732,0,0.00012731103925034404
CS06733,0,0.00012731103925034404
CS06734,0,0.00023050671734381467
CS06735,1,0.00011591933434829116
CS06736,0,5.475977013702504e-05
CS06737,0,0.0038844768423587084
CS06738,0,0.0004655269149225205
CS06739,1,0.04401864856481552
CS06740,0,0.00013552079326473176
CS06741,0,0.009196552447974682
CS06742,0,0.0004373344127088785
CS06743,1,0.3132096230983734
CS06744,1,0.99991774559021
CS06745,0,0.00039821307291276753
CS06746,0,0.000656372809316963
CS06747,0,0.00019110433640889823
CS06748,0,6.402006692951545e-05
CS06749,1,0.0020190139766782522
CS06750,0,0.0008830458391457796
CS06751,0,0.9979810118675232
CS06752,0,0.00016865275392774493
CS06753,0,0.00020342698553577065
CS06754,1,0.017309093847870827
CS06755,1,0.0007321813027374446
CS06756,0,0.0004512106243055314
CS06757,0,0.00015356238873209804
CS06758,0,9.915272676153108e-05
CS06759,1,9.028038766700774e-05
CS06760,1,0.2247353047132492
CS06761,0,7.484622619813308e-05
CS06762,0,0.0005357805639505386
CS06763,0,0.00026530236937105656
CS06764,0,4.539786823443137e-05
CS06765,0,6.402006692951545e-05
CS06766,0,0.0003199982747901231
CS06767,0,0.0014103584690019488
CS06768,1,0.03676946461200714
CS06769,0,0.00017400544311385602
CS06770,0,0.0002531563804950565
CS06771,1,0.8423450589179993
CS06772,1,0.028870906680822372
CS06773,0,0.0014325365191325545
CS06774,0,0.00011959858238697052
CS06775,0,0.00033535013790242374
CS06776,1,0.9998313188552856
CS06777,0,0.00030534894904121757
CS06778,0,0.9995121955871582
CS06779,0,0.00023050671734381467
CS06780,1,0.030675802379846573
CS06781,1,0.00012731103925034404
CS06782,1,0.033589500933885574
CS06783,1,0.9995827078819275
CS06784,1,0.9202179908752441
CS06785,0,0.00023050671734381467
CS06786,1,0.021287353709340096
CS06787,0,0.028007522225379944
CS06788,1,0.0010162439430132508
CS06789,0,0.001098731067031622
CS06790,0,6.402006692951545e-05
CS06791,1,0.9997901320457458
CS06792,0,0.9968763589859009
CS06793,0,0.0003301527467556298
CS06794,0,0.0007793660624884069
CS06795,0,9.610241977497935e-05
CS06796,1,0.999868631362915
CS06797,0,8.220189192797989e-05
CS06798,0,0.0006361912819556892
CS06799,0,0.014503580518066883
CS06800,0,0.00015356238873209804
CS06801,0,0.00020342698553577065
CS06802,1,0.27904197573661804
CS06803,0,9.028038766700774e-05
CS06804,0,0.9929881691932678
CS06805,0,0.04742587357759476
CS06806,0,0.00016346470511052758
CS06807,0,0.0003199982747901231
CS06808,1,0.9893474578857422
CS06809,1,0.0005614787223748863
CS06810,1,0.9929881691932678
CS06811,0,0.0012255674228072166
CS06812,0,0.0010649625910446048
CS06813,0,0.00029595711384899914
CS06814,1,0.9738444089889526
CS06815,0,0.0010484692174941301
CS06816,0,0.0008969393675215542
CS06817,0,0.00023050671734381467
CS06818,0,0.00018522574100643396
CS06819,1,0.970687747001648
CS06820,0,0.0015011822106316686
CS06821,0,6.814871449023485e-05
CS06822,0,6.014151585986838e-05
CS06823,0,0.00011235327110625803
CS06824,0,8.750300185056403e-05
CS06825,0,0.0029810331761837006
CS06826,1,0.00985985528677702
CS06827,0,0.00016865275392774493
CS06828,0,0.0019570167642086744
CS06829,1,0.9991573095321655
CS06830,0,9.610241977497935e-05
CS06831,1,0.9998766183853149
CS06832,1,0.9999151229858398
CS06833,0,0.002217013156041503
CS06834,0,0.34842339158058167
CS06835,1,0.9977481961250305
CS06836,1,0.9830850958824158
CS06837,1,0.9999151229858398
CS06838,0,0.38792216777801514
CS06839,0,0.0005442132824100554
CS06840,0,0.00015843621804378927
CS06841,1,0.0011335690505802631
CS06842,0,0.0003301527467556298
CS06843,1,0.0004373344127088785
CS06844,0,0.0008426423300988972
CS06845,1,0.02822098694741726
CS06846,0,0.0009697519708424807
CS06847,1,0.9987356066703796
CS06848,1,0.6067315340042114
CS06849,1,0.9118099808692932
CS06850,0,0.677047073841095
CS06851,0,0.00020342698553577065
CS06852,0,0.00010554686014074832
CS06853,0,0.9992678761482239
CS06854,0,0.0008040859247557819
CS06855,0,0.9820137619972229
CS06856,0,6.402006692951545e-05
CS06857,1,0.9997965693473816
CS06858,0,0.0002131875662598759
CS06859,0,0.00023413580493070185
CS06860,0,0.00985985528677702
CS06861,0,0.0005112579092383385
CS06862,0,0.00035697061684913933
CS06863,0,0.00019716944370884448
CS06864,1,0.9998910427093506
CS06865,0,0.00017400544311385602
CS06866,0,0.00016865275392774493
CS06867,0,0.9947799444198608
CS06868,0,0.00013135180051904172
CS06869,0,0.00030534894904121757
CS06870,0,0.00011235327110625803
CS06871,0,0.0004802972252946347
CS06872,1,0.9997428059577942
CS06873,0,0.0001795279822545126
CS06874,0,0.00024536947603337467
CS06875,0,7.722191367065534e-05
CS06876,0,0.00030061634606681764
CS06877,1,0.8558511734008789
CS06878,1,0.9989677667617798
CS06879,0,0.00016865275392774493
CS06880,0,0.0002234163403045386
CS06881,0,0.0007321813027374446
CS06882,0,0.008061991073191166
CS06883,0,9.915272676153108e-05
CS06884,0,0.0011695101857185364
CS06885,0,7.722191367065534e-05
CS06886,0,0.16132023930549622
CS06887,0,0.00033535013790242374
CS06888,1,0.9991440773010254
CS06889,0,0.00040448151412419975
CS06890,0,0.00019110433640889823
CS06891,0,0.0008426423300988972
CS06892,0,8.481104305246845e-05
CS06893,0,0.00031503866193816066
CS06894,0,0.0003514382697176188
CS06895,0,0.00023050671734381467
CS06896,0,0.007460643537342548
CS06897,0,0.9987744688987732
CS06898,0,0.0033244371879845858
CS06899,1,0.05964694544672966
CS06900,1,0.9953181147575378
CS06901,1,0.9965165853500366
CS06902,0,0.9997387528419495
CS06903,0,0.02262919954955578
CS06904,1,0.8674854636192322
CS06907,0,0.09739039838314056
CS06908,0,0.00010229986219201237
CS06909,0,7.031184213701636e-05
CS06910,0,0.0002780309587251395
CS06911,0,0.3102762699127197
CS06912,0,8.481104305246845e-05
CS06913,0,0.00039821307291276753
CS06914,0,0.0009399439441040158
CS06915,0,0.0003406293399166316
CS06916,0,0.9996594190597534
CS06917,0,0.0001795279822545126
CS06918,0,8.481104305246845e-05
CS06919,0,0.0037072529084980488
CS06920,0,0.00013552079326473176
CS06921,0,0.0002492325147613883
CS06922,1,0.9999008178710938
CS06923,0,6.205048703122884e-05
CS06924,0,0.0003199982747901231
CS06925,0,0.0003301527467556298
CS06926,0,0.00011235327110625803
CS06927,1,0.9988304972648621
CS06928,0,0.002714985515922308
CS06929,0,0.10781263560056686
CS06930,0,0.0001398220774717629
CS06931,0,0.00019716944370884448
CS06932,0,0.0002531563804950565
CS06933,0,0.0002234163403045386
CS06934,0,0.06853749603033066
CS06935,0,0.011508149094879627
CS06936,1,0.0005112579092383385
CS06937,1,0.999713122844696
CS06938,1,0.999045193195343
CS06939,0,0.0005033356137573719
CS06940,0,0.9895108342170715
CS06941,0,0.0014550628839060664
CS06942,0,0.00015356238873209804
CS06943,0,0.0002611903182696551
CS06944,0,0.00019716944370884448
CS06945,0,9.314593626186252e-05
CS06946,0,0.0006771942134946585
CS06947,0,7.484622619813308e-05
CS06948,0,9.610241977497935e-05
CS06949,0,0.00017400544311385602
CS06950,0,0.00012731103925034404
CS06951,0,0.0004173157794866711
CS06952,0,0.0002098830882459879
CS06953,0,7.967301644384861e-05
CS06954,0,0.0120537793263793
CS06955,0,0.0002098830882459879
CS06956,0,0.0018386653391644359
CS06957,1,0.0060035958886146545
CS06958,0,0.00011959858238697052
CS06959,1,0.9998511075973511
CS06960,1,0.9908744096755981
CS06961,0,0.0061929901130497456
CS06962,0,0.0031726828310638666
CS06963,0,0.00033535013790242374
CS06964,0,0.01912403665482998
CS06965,0,0.00014425987319555134
CS06966,0,0.00014425987319555134
CS06967,0,0.004070138093084097
CS06968,0,5.3075080359121785e-05
CS06969,1,0.9184802770614624
CS06970,0,0.0002234163403045386
CS06971,0,0.0001795279822545126
CS06972,1,0.9998840093612671
CS06973,0,0.0002531563804950565
CS06974,0,0.00023782206699252129
CS06975,0,0.007345826830714941
CS06976,1,0.9986114501953125
CS06977,0,0.0034834241960197687
CS06978,0,0.0004373344127088785
CS06979,0,0.0002868540759664029
CS06980,0,0.0002780309587251395
CS06981,1,0.8749346137046814
CS06982,0,9.028038766700774e-05
CS06983,0,0.002714985515922308
CS06984,0,0.0008969393675215542
CS06985,0,0.0002694791473913938
CS06986,1,0.498291015625
CS06987,0,0.9671630263328552
CS06988,0,0.00017400544311385602
CS06989,0,0.005730246659368277
CS06990,0,0.00010229986219201237
CS06991,0,0.00011959858238697052
CS06992,0,0.0010649625910446048
CS06993,1,0.9998557567596436
CS06994,0,6.014151585986838e-05
CS06995,0,0.0004173157794866711
CS06996,1,0.9976769089698792
CS06997,0,0.002511463360860944
CS06998,0,0.0025909794494509697
CS06999,1,0.9997730851173401
CS07000,0,0.0018675660248845816
CS07001,1,0.9998464584350586
CS07002,1,0.9986541271209717
CS07003,0,0.0001795279822545126
CS07004,0,0.00011959858238697052
CS07005,0,0.00010229986219201237
CS07006,1,0.9941800832748413
CS07007,1,0.8856314420700073
CS07008,1,0.0005703156348317862
CS07009,1,0.0009547316585667431
CS07010,0,7.722191367065534e-05
CS07011,0,0.00037409563083201647
CS07012,0,0.00019110433640889823
CS07013,0,0.00042388474685139954
CS07014,0,0.0006070755189284682
CS07015,0,0.0012448432389646769
CS07016,1,0.999562680721283
CS07017,1,0.9996993541717529
CS07018,0,0.00016346470511052758
CS07019,0,0.00010554686014074832
CS07020,0,7.722191367065534e-05
CS07021,0,0.00024536947603337467
CS07022,1,0.9896718263626099
CS07023,0,0.0002868540759664029
CS07024,0,0.0006462032906711102
CS07025,1,0.9998557567596436
CS07026,1,0.9888418912887573
CS07027,0,0.004982269834727049
CS07028,0,0.0009110512328334153
CS07029,0,0.00024156630388461053
CS07030,0,0.00018522574100643396
CS07031,0,0.00016865275392774493
CS07032,0,0.0005033356137573719
CS07033,1,0.9994557499885559
CS07034,0,0.00024536947603337467
CS07035,1,0.00307536986656487
CS07036,1,0.9676556587219238
CS07037,1,0.9979810118675232
CS07038,0,0.00010889690020121634
CS07039,0,0.00019716944370884448
CS07040,1,0.9985895752906799
CS07041,1,0.999373733997345
CS07042,0,0.0003406293399166316
CS07043,0,8.481104305246845e-05
CS07044,0,0.00019110433640889823
CS07045,0,0.0005614787223748863
CS07046,0,7.484622619813308e-05
CS07047,0,0.00016865275392774493
CS07048,1,0.9986955523490906
CS07049,0,0.00021654405281879008
CS07050,0,0.0002868540759664029
CS07051,0,0.00015843621804378927
CS07052,0,5.6497930927434936e-05
CS07053,0,0.00018522574100643396
CS07054,0,0.00012339458044152707
CS07055,0,0.00010229986219201237
CS07056,0,0.00021995336282998323
CS07057,1,0.9997867941856384
CS07058,1,0.9997901320457458
CS07059,0,0.00027372167096473277
CS07060,0,8.220189192797989e-05
CS07061,0,0.00016346470511052758
CS07062,1,0.9993013143539429
CS07063,0,0.9979169964790344
CS07064,0,6.014151585986838e-05
CS07065,0,0.00020342698553577065
CS07066,0,0.003273064736276865
CS07067,0,0.0006263342220336199
CS07068,0,0.00013135180051904172
CS07069,0,0.0004512106243055314
CS07070,1,0.9998977184295654
CS07071,0,0.0007672925130464137
CS07072,0,0.0001795279822545126
CS07073,0,4.539786823443137e-05
CS07074,0,8.481104305246845e-05
CS07075,0,0.0007437028689309955
CS07076,1,0.9996849298477173
CS07077,0,7.031184213701636e-05
CS07078,0,0.00042388474685139954
CS07079,0,6.014151585986838e-05
CS07080,0,0.0008426423300988972
CS07081,0,0.00013135180051904172
CS07082,0,0.00027372167096473277
CS07083,0,0.00015356238873209804
CS07084,0,0.00016346470511052758
CS07085,0,0.00035697061684913933
CS07086,0,0.0011335690505802631
CS07087,0,0.00015843621804378927
CS07088,1,0.0003514382697176188
CS07089,0,0.0003859660937450826
CS07090,0,0.00036259001353755593
CS07091,0,0.0003250358859077096
CS07092,0,0.21601153910160065
CS07093,0,0.00023782206699252129
CS07094,0,0.0001795279822545126
CS07095,0,0.0018675660248845816
CS07096,0,0.0006263342220336199
CS07097,0,0.009412589482963085
CS07098,0,0.0006263342220336199
CS07099,1,0.9997933506965637
CS07100,0,0.00012339458044152707
CS07101,1,0.9977830052375793
CS07102,0,0.0001398220774717629
CS07103,0,0.0010484692174941301
CS07104,0,0.0015487611526623368
CS07105,1,0.9998557567596436
CS07106,1,0.9990745782852173
CS07107,0,0.00016346470511052758
CS07108,0,0.00018522574100643396
CS07109,0,0.0006462032906711102
CS07110,1,0.9995121955871582
CS07111,1,0.9998464584350586
CS07112,0,0.000656372809316963
CS07113,0,0.29665425419807434
CS07114,0,0.0002611903182696551
CS07115,0,0.001987774157896638
CS07116,0,0.00014425987319555134
CS07117,1,0.9998176693916321
CS07118,0,0.0005193048273213208
CS07119,1,0.9998089671134949
CS07120,0,0.0004373344127088785
CS07122,0,0.0032224843744188547
CS07123,0,6.605214002775028e-05
CS07124,0,0.00023782206699252129
CS07125,1,0.9998644590377808
CS07126,0,0.0008295892039313912
CS07127,0,0.00015843621804378927
CS07129,0,0.0009697519708424807
CS07130,1,0.9998875856399536
CS07132,0,7.967301644384861e-05
CS07133,0,0.00022693387290928513
CS07134,1,0.9828232526779175
CS07135,0,0.9932025074958801
CS07136,0,0.21535073220729828
CS07137,1,0.5237248539924622
CS07138,0,0.0013250223128125072
CS07139,1,0.9951702952384949
CS07140,0,0.0010649625910446048
CS07141,1,9.028038766700774e-05
CS07142,1,0.9995487332344055
CS07143,0,0.0002098830882459879
CS07144,0,5.475977013702504e-05
CS07145,0,0.0001795279822545126
CS07146,0,0.00026530236937105656
CS07147,0,0.0031236486975103617
CS07148,0,0.0004305570910219103
CS07149,0,0.00026530236937105656
CS07150,0,0.00018522574100643396
CS07151,0,5.144221358932555e-05
CS07152,0,0.0002531563804950565
CS07153,0,0.00018522574100643396
CS07154,1,0.2762998342514038
CS07155,0,0.6496619582176208
CS07156,0,9.610241977497935e-05
CS07157,1,0.003273064736276865
CS07158,0,0.00040448151412419975
CS07159,0,0.0002234163403045386
CS07160,0,9.610241977497935e-05
CS07161,0,6.814871449023485e-05
CS07162,1,0.004198795184493065
CS07163,1,0.9999125003814697
CS07164,0,0.008315778337419033
CS07165,0,0.005139610730111599
CS07166,0,0.00030534894904121757
CS07167,0,5.475977013702504e-05
CS07168,0,0.00018522574100643396
CS07169,0,0.0003250358859077096
CS07170,0,7.484622619813308e-05
CS07171,0,0.00019110433640889823
CS07172,1,0.0001795279822545126
CS07173,0,0.00011235327110625803
CS07174,1,0.0007437028689309955
CS07175,1,0.011777842417359352
CS07176,0,0.00025714197545312345
CS07177,0,0.00018814207578543574
CS07178,0,0.00020027377468068153
CS07179,0,0.006289901677519083
CS07180,1,0.9998557567596436
CS07181,0,0.00013552079326473176
CS07182,0,0.007695647422224283
CS07183,0,0.0002868540759664029
CS07184,0,0.00011235327110625803
CS07185,0,0.996292769908905
CS07186,0,5.475977013702504e-05
CS07188,0,0.21011725068092346
CS07189,0,0.00011959858238697052
CS07190,1,0.999438464641571
CS07191,1,0.9998644590377808
CS07192,0,0.001151399570517242
CS07193,0,0.00015356238873209804
CS07194,0,0.001304506789892912
CS07195,0,0.00023050671734381467
CS07196,0,0.00019716944370884448
CS07197,0,0.0006986756343394518
CS07198,0,9.028038766700774e-05
CS07199,0,0.0010005044750869274
CS07200,1,0.9993928670883179
CS07201,0,0.00019411317771300673
CS07202,0,0.00019110433640889823
CS07203,0,0.005469274241477251
CS07204,0,0.0002098830882459879
CS07205,0,0.00016865275392774493
CS07206,0,0.00029595711384899914
CS07207,1,0.01374232117086649
CS07208,1,0.9998028874397278
CS07209,0,0.00011591933434829116
CS07210,0,0.0003250358859077096
CS07211,0,0.00020342698553577065
CS07212,0,0.0004173157794866711
CS07213,0,5.3075080359121785e-05
CS07214,0,0.0002098830882459879
CS07215,1,0.9950946569442749
CS07216,0,0.00029595711384899914
CS07217,0,6.014151585986838e-05
CS07218,0,0.00037409563083201647
CS07219,0,0.0005442132824100554
CS07220,0,0.00036829791497439146
CS07221,0,0.00023413580493070185
CS07222,0,0.0002234163403045386
CS07223,0,0.00011959858238697052
CS07224,0,0.0024343819823116064
CS07225,1,0.00029595711384899914
CS07226,1,0.9998260140419006
CS07227,0,0.00024156630388461053
CS07228,0,0.00013552079326473176
CS07229,1,0.9941800832748413
CS07230,0,0.0002694791473913938
CS07231,1,0.9588471055030823
CS07232,1,0.9998644590377808
CS07233,0,0.00030061634606681764
CS07234,0,0.00018522574100643396
CS07235,0,0.00037998449988663197
CS07236,1,0.9998977184295654
CS07237,0,0.00016865275392774493
CS07238,0,0.00020342698553577065
CS07239,0,0.6808785796165466
CS07240,0,7.484622619813308e-05
CS07241,0,9.314593626186252e-05
CS07242,0,0.00039821307291276753
CS07243,0,7.031184213701636e-05
CS07244,0,6.605214002775028e-05
CS07245,0,0.0002868540759664029
CS07246,0,0.00010889690020121634
CS07247,0,0.00015356238873209804
CS07248,1,0.9998464584350586
CS07249,0,0.00045831294846720994
CS07250,1,0.998848557472229
CS07251,0,0.0002234163403045386
CS07252,0,0.00027372167096473277
CS07253,0,0.0005614787223748863
CS07254,0,0.0001795279822545126
CS07255,1,0.0004955359036102891
CS07256,0,0.0006878511630930007
CS07257,0,6.014151585986838e-05
CS07258,0,0.1294027417898178
CS07259,1,0.999868631362915
CS07260,0,7.722191367065534e-05
CS07261,0,0.00019716944370884448
CS07262,1,0.9102267622947693
CS07263,0,0.0004955359036102891
CS07264,1,0.9994725584983826
CS07265,0,0.0003459916333667934
CS07266,0,0.00016346470511052758
CS07267,0,0.0009399439441040158
CS07268,0,0.00026530236937105656
CS07269,0,6.814871449023485e-05
CS07270,1,0.9992445707321167
CS07271,0,0.03934250399470329
CS07272,1,0.0011160143185406923
CS07273,0,5.829126530443318e-05
CS07274,1,0.985496461391449
CS07275,1,0.9995694756507874
CS07276,0,0.023330766707658768
CS07277,0,6.205048703122884e-05
CS07278,0,0.00017400544311385602
CS07279,1,0.00020342698553577065
CS07280,0,0.0007208380266092718
CS07281,1,0.9999203681945801
CS07282,0,7.722191367065534e-05
CS07283,0,0.0003920417802873999
CS07284,0,0.00029137005913071334
CS07285,0,0.9989515542984009
CS07286,0,0.00012339458044152707
CS07287,0,0.00012339458044152707
CS07288,1,0.9998644590377808
CS07289,0,0.0446808747947216
CS07290,0,0.003027835162356496
CS07291,0,0.00016865275392774493
CS07292,0,0.001987774157896638
CS07293,0,0.0002780309587251395
CS07294,0,0.00214894930832088
CS07295,0,0.0037072529084980488
CS07296,0,0.00024156630388461053
CS07297,0,0.03934250399470329
CS07298,0,0.7037531137466431
CS07299,0,0.00019716944370884448
CS07300,0,0.0003301527467556298
CS07301,1,0.00017400544311385602
CS07302,0,8.750300185056403e-05
CS07303,0,9.028038766700774e-05
CS07304,1,0.9997695088386536
CS07305,1,0.9998511075973511
CS07306,0,0.0010322310263291001
CS07307,0,0.00010229986219201237
CS07308,0,0.00023050671734381467
CS07309,0,0.00011591933434829116
CS07310,0,7.722191367065534e-05
CS07311,0,0.0008559006382711232
CS07312,0,0.0002611903182696551
CS07313,1,0.99935382604599
CS07314,0,0.000816738058347255
CS07315,0,0.00015843621804378927
CS07316,1,0.00013552079326473176
CS07317,0,0.9869794845581055
CS07318,0,0.00025714197545312345
CS07319,0,0.0060975621454417706
CS07320,0,0.00011591933434829116
CS07321,0,0.00013552079326473176
CS07322,1,0.9998365640640259
CS07323,0,0.000656372809316963
CS07324,0,0.0006361912819556892
CS07325,0,0.00013552079326473176
CS07326,1,0.00023782206699252129
CS07327,1,0.9998601675033569
CS07328,1,0.9908744096755981
CS07329,0,0.00015843621804378927
CS07330,0,0.0004878571489825845
CS07331,0,0.00031503866193816066
CS07332,0,0.00014883847325108945
CS07333,0,4.985958366887644e-05
CS07334,0,0.00020342698553577065
CS07335,0,0.00029595711384899914
CS07336,0,0.0004373344127088785
CS07337,0,0.00015843621804378927
CS07338,0,0.00018522574100643396
CS07339,1,0.9996898174285889
CS07340,0,0.014728613197803497
CS07341,0,0.0004955359036102891
CS07342,0,0.0002098830882459879
CS07343,0,0.3250918686389923
CS07344,0,7.484622619813308e-05
CS07345,0,0.00017400544311385602
CS07346,1,0.9196425676345825
CS07347,0,0.00020662981842178851
CS07348,0,0.0017546144081279635
CS07350,0,0.00019716944370884448
CS07351,0,0.0007208380266092718
CS07352,0,0.0003199982747901231
CS07353,0,0.00010889690020121634
CS07354,1,0.00011591933434829116
CS07355,0,0.00016865275392774493
CS07356,0,0.00017400544311385602
CS07357,0,0.001098731067031622
CS07358,0,0.0018675660248845816
CS07359,0,0.00017400544311385602
CS07360,1,0.9997468590736389
CS07361,1,7.254361116793007e-05
CS07362,0,0.0003250358859077096
CS07363,0,9.314593626186252e-05
CS07364,0,0.00035697061684913933
CS07365,0,0.00047285447362810373
CS07366,0,0.00014883847325108945
CS07367,0,0.001782196224667132
CS07368,1,0.9989995360374451
CS07369,0,0.21337716281414032
CS07370,0,5.829126530443318e-05
CS07371,0,0.6048657894134521
CS07372,0,0.0002131875662598759
CS07373,0,0.00022693387290928513
CS07374,0,6.605214002775028e-05
CS07375,0,0.00020662981842178851
CS07376,0,0.00040448151412419975
CS07377,0,0.31615808606147766
CS07378,0,0.00023782206699252129
CS07379,0,7.967301644384861e-05
CS07380,1,0.9999251365661621
CS07381,0,0.0002531563804950565
CS07382,0,5.144221358932555e-05
CS07383,1,0.9928786158561707
CS07384,1,0.7520126104354858
CS07385,1,0.999868631362915
CS07386,0,0.00016603847325313836
CS07387,0,0.00014425987319555134
CS07388,0,0.08269734680652618
CS07389,0,0.0004108485300093889
CS07390,0,0.0007208380266092718
CS07391,0,0.03875619173049927
CS07392,0,7.722191367065534e-05
CS07393,1,0.001304506789892912
CS07394,0,0.0017007224960252643
CS07395,0,0.00017400544311385602
CS07396,0,0.00033535013790242374
CS07397,1,0.9998804330825806
CS07398,0,0.0002694791473913938
CS07399,0,0.000552778597921133
CS07400,1,0.9998875856399536
CS07401,0,0.00020342698553577065
CS07402,0,0.0002492325147613883
CS07403,0,7.031184213701636e-05
CS07404,0,0.00020342698553577065
CS07405,0,0.7318258881568909
CS07406,1,0.9726234674453735
CS07407,0,0.0003199982747901231
CS07408,0,0.010818448849022388
CS07409,0,0.0007793660624884069
CS07410,0,0.0007096704212017357
CS07411,0,0.00023782206699252129
CS07412,0,0.5750511288642883
CS07413,0,0.00019411317771300673
CS07414,1,0.9899863600730896
CS07415,0,5.6497930927434936e-05
CS07416,0,0.00010229986219201237
CS07417,0,0.00019716944370884448
CS07418,0,0.0002131875662598759
CS07419,0,0.00021654405281879008
CS07420,0,0.00019716944370884448
CS07421,0,0.00021654405281879008
CS07422,1,0.9998804330825806
CS07423,0,0.00030061634606681764
CS07424,0,0.0026730059180408716
CS07425,1,0.9930961728096008
CS07426,0,0.00036259001353755593
CS07427,0,0.0003459916333667934
CS07428,0,0.00021654405281879008
CS07429,0,0.00035697061684913933
CS07430,0,0.00025714197545312345
CS07431,0,0.0003250358859077096
CS07432,0,9.915272676153108e-05
CS07433,0,0.00018522574100643396
CS07434,0,0.0018386653391644359
CS07435,1,0.9820137619972229
CS07436,0,0.002800926798954606
CS07437,0,0.00020342698553577065
CS07438,1,0.005301894620060921
CS07439,0,0.00017400544311385602
CS07440,1,0.9983256459236145
CS07441,1,0.0037072529084980488
CS07442,0,0.0013670255430042744
CS07443,1,0.999438464641571
CS07444,0,0.0042646341025829315
CS07445,1,0.0008693674462847412
CS07446,0,7.967301644384861e-05
CS07447,0,0.0013885231455788016
CS07448,0,0.0008040859247557819
CS07449,0,0.00013552079326473176
CS07450,1,0.0009253848693333566
CS07451,1,0.9991704225540161
CS07452,0,0.03488088771700859
CS07453,0,0.0005274784634821117
CS07454,0,0.022116590291261673
CS07455,0,0.00012339458044152707
CS07456,0,0.00020342698553577065
CS07457,1,0.4082767367362976
CS07458,0,0.5247448086738586
CS07459,1,0.00014883847325108945
CS07460,0,0.0006070755189284682
CS07461,0,0.11436852067708969
CS07462,0,0.0005193048273213208
CS07463,1,0.9998205304145813
CS07465,0,0.00011959858238697052
CS07466,0,0.002714985515922308
CS07467,0,0.00010889690020121634
CS07468,0,0.00018522574100643396
CS07469,0,0.00039821307291276753
CS07470,0,0.0003301527467556298
CS07471,0,0.15456734597682953
CS07472,1,0.9998977184295654
CS07473,0,0.00013135180051904172
CS07474,0,0.00012339458044152707
CS07475,0,9.610241977497935e-05
CS07476,0,9.915272676153108e-05
CS07477,0,0.00031015597051009536
CS07478,0,0.00042388474685139954
CS07479,0,0.00020342698553577065
CS07480,0,5.829126530443318e-05
CS07481,0,7.484622619813308e-05
CS07482,1,0.9997765421867371
CS07483,0,0.0009547316585667431
CS07484,0,0.0005976693355478346
CS07485,0,0.0004955359036102891
CS07486,1,0.8524448275566101
CS07487,0,0.00010229986219201237
CS07488,0,0.0003459916333667934
CS07489,0,0.00019110433640889823
CS07490,0,0.0002824080584105104
CS07491,0,0.00016865275392774493
CS07492,0,0.00011959858238697052
CS07493,0,0.0011160143185406923
CS07494,0,0.00019716944370884448
CS07495,0,8.750300185056403e-05
CS07496,0,0.0002234163403045386
CS07497,0,8.750300185056403e-05
CS07498,0,0.00011591933434829116
CS07499,1,0.9999068975448608
CS07500,0,0.015072629787027836
CS07501,0,0.0002234163403045386
CS07502,0,0.0028449094388633966
CS07503,1,0.9998840093612671
CS07505,0,0.00016865275392774493
CS07506,1,0.00024536947603337467
CS07507,0,6.402006692951545e-05
CS07508,0,0.0006361912819556892
CS07509,0,7.484622619813308e-05
CS07510,0,0.00036259001353755593
CS07511,0,0.00018522574100643396
CS07512,1,0.9997933506965637
CS07513,1,0.9999203681945801
CS07514,0,0.001622966956347227
CS07515,0,0.0002780309587251395
CS07516,0,0.0033244371879845858
CS07517,0,7.484622619813308e-05
CS07518,0,0.00024536947603337467
CS07519,0,0.0010484692174941301
CS07520,0,0.0009110512328334153
CS07521,0,0.00021654405281879008
CS07522,0,0.00011591933434829116
CS07523,0,9.915272676153108e-05
CS07524,0,7.967301644384861e-05
CS07525,0,0.001987774157896638
CS07526,0,0.0002780309587251395
CS07527,0,0.0008693674462847412
CS07528,0,0.0003199982747901231
CS07529,0,0.0005357805639505386
CS07530,0,0.00030534894904121757
CS07531,0,0.0005884087877348065
CS07532,1,0.05623634159564972
CS07533,0,0.00023782206699252129
CS07534,0,0.00025714197545312345
CS07535,1,0.9998875856399536
CS07536,1,0.09334687888622284
CS07537,0,0.00018522574100643396
CS07538,1,0.0010649625910446048
CS07539,1,0.9998804330825806
CS07540,0,0.0002531563804950565
CS07541,0,8.481104305246845e-05
CS07542,0,0.00016346470511052758
CS07543,0,0.00023050671734381467
CS07544,0,0.00016346470511052758
CS07545,0,0.00018522574100643396
CS07546,0,0.0027576221618801355
CS07547,0,0.0004373344127088785
CS07548,0,0.00031015597051009536
CS07549,1,0.001304506789892912
CS07550,0,0.00036829791497439146
CS07551,0,0.000816738058347255
CS07552,0,0.8238958716392517
CS07553,0,0.007232763804495335
CS07554,1,0.9991832375526428
CS07555,0,0.00011959858238697052
CS07556,1,0.0015978454612195492
CS07557,1,0.0120537793263793
CS07558,1,0.9851576089859009
CS07559,0,0.00013552079326473176
CS07560,1,0.9998557567596436
CS07561,0,0.00018522574100643396
CS07562,0,0.0010649625910446048
CS07563,0,0.00017400544311385602
CS07564,0,0.017309093847870827
CS07565,0,0.00024156630388461053
CS07566,0,0.00019110433640889823
CS07567,0,0.0008559006382711232
CS07568,0,8.750300185056403e-05
CS07569,1,0.9999251365661621
CS07570,0,0.001622966956347227
CS07571,0,0.9919379353523254
CS07572,0,0.0001795279822545126
CS07573,0,0.00010229986219201237
CS07574,0,0.0001795279822545126
CS07575,0,0.00023782206699252129
CS07576,0,0.007815888151526451
CS07577,0,0.00030061634606681764
CS07578,0,5.144221358932555e-05
CS07579,0,0.0002234163403045386
CS07580,0,0.013955710455775261
CS07581,0,0.00014883847325108945
CS07582,0,0.00016865275392774493
CS07583,0,0.0001795279822545126
CS07584,1,0.996292769908905
CS07585,0,0.0004442183708306402
CS07586,0,0.00010889690020121634
CS07587,1,0.0008426423300988972
CS07588,0,0.0011695101857185364
CS07589,1,0.999823272228241
CS07590,0,0.0001795279822545126
CS07591,1,0.9989012479782104
CS07592,0,0.0014325365191325545
CS07593,0,0.00307536986656487
CS07594,0,0.0003250358859077096
CS07595,0,0.001782196224667132
CS07596,0,0.00010554686014074832
CS07597,0,0.00011235327110625803
CS07598,1,0.9974884986877441
CS07599,0,0.0008693674462847412
CS07600,1,0.693784236907959
CS07601,0,0.0005976693355478346
CS07602,0,7.722191367065534e-05
CS07603,1,0.9997933506965637
CS07604,0,0.00016346470511052758
CS07605,1,0.9995272159576416
CS07606,1,0.9993013143539429
CS07607,0,0.00020662981842178851
CS07608,0,0.005220125894993544
CS07609,0,0.00014883847325108945
CS07610,0,0.00029595711384899914
CS07611,0,0.00019716944370884448
CS07612,0,0.0003301527467556298
CS07613,0,8.220189192797989e-05
CS07614,0,0.00045831294846720994
CS07615,0,0.00011591933434829116
CS07616,0,0.00010554686014074832
CS07617,1,0.9904406070709229
CS07618,1,0.9995694756507874
CS07619,1,0.019419347867369652
CS07620,0,0.0003514382697176188
CS07621,0,0.0001511819864390418
CS07622,0,0.001304506789892912
CS07623,0,0.00018522574100643396
CS07624,1,0.999783456325531
CS07625,1,0.006589771248400211
CS07626,0,0.0017007224960252643
CS07627,0,0.00020342698553577065
CS07628,1,0.9998286962509155
CS07629,0,8.750300185056403e-05
CS07630,0,9.314593626186252e-05
CS07631,0,0.007121428847312927
CS07632,0,0.0004878571489825845
CS07633,0,0.0002531563804950565
CS07634,1,0.006289901677519083
CS07635,0,0.0004655269149225205
CS07636,1,0.999823272228241
CS07637,0,0.00012339458044152707
CS07638,1,0.0031236486975103617
CS07639,1,0.09334687888622284
CS07640,1,0.9986749291419983
CS07641,0,0.09842541813850403
CS07643,0,0.00014425987319555134
CS07644,0,0.00307536986656487
CS07645,0,0.0006986756343394518
CS07646,0,0.0008830458391457796
CS07647,0,0.002115703420713544
CS07648,0,0.00021654405281879008
CS07649,0,8.220189192797989e-05
CS07650,0,0.09138211607933044
CS07651,0,0.11838509142398834
CS07652,0,0.00021654405281879008
CS07653,0,0.0009399439441040158
CS07654,0,0.0002531563804950565
CS07655,0,0.0004108485300093889
CS07656,0,0.00019716944370884448
CS07657,0,0.0015011822106316686
CS07658,0,0.00020342698553577065
CS07659,0,0.0023596605751663446
CS07660,0,0.00014883847325108945
CS07661,1,0.9998028874397278
CS07662,1,0.00014425987319555134
CS07663,1,0.31647488474845886
CS07664,0,0.00021654405281879008
CS07665,0,6.014151585986838e-05
CS07666,1,0.9998804330825806
CS07667,0,0.00012339458044152707
CS07668,0,0.00012731103925034404
CS07669,1,0.9998804330825806
CS07670,0,0.0010484692174941301
CS07671,0,0.00010889690020121634
CS07672,0,0.0004878571489825845
CS07673,0,0.0001398220774717629
CS07674,1,0.808672308921814
CS07675,0,0.00021654405281879008
CS07676,0,0.00019110433640889823
CS07677,0,0.0007437028689309955
CS07678,0,0.0018969199154525995
CS07679,1,0.0010649625910446048
CS07680,0,0.0005614787223748863
CS07681,0,0.0012448432389646769
CS07682,0,0.0002492325147613883
CS07683,0,0.00172745855525136
CS07684,0,0.0005274784634821117
CS07685,0,0.00010889690020121634
CS07686,0,0.0002824080584105104
CS07687,0,0.00019110433640889823
CS07688,0,0.0001511819864390418
CS07689,0,0.00040448151412419975
CS07690,0,0.00016346470511052758
CS07691,0,0.00018522574100643396
CS07692,0,0.00010229986219201237
CS07693,0,0.00017400544311385602
CS07694,0,0.9768466353416443
CS07695,0,0.0003199982747901231
CS07696,0,0.0003859660937450826
CS07697,0,0.00031503866193816066
CS07698,0,0.9996594190597534
CS07699,0,0.0001398220774717629
CS07700,0,0.0002234163403045386
CS07701,0,0.11124120652675629
CS07702,1,0.9995344877243042
CS07703,0,0.004198795184493065
CS07704,0,0.0001795279822545126
CS07705,0,0.006797531619668007
CS07706,0,0.00030534894904121757
CS07707,0,0.00018522574100643396
CS07708,0,0.00024536947603337467
CS07709,0,0.00023782206699252129
CS07710,0,0.9594592452049255
CS07711,0,0.00015843621804378927
CS07712,1,0.07864237576723099
CS07713,0,0.0006070755189284682
CS07714,0,0.00017400544311385602
CS07715,1,0.999713122844696
CS07716,0,0.0001795279822545126
CS07717,0,0.00035697061684913933
CS07718,0,0.00035697061684913933
CS07719,0,4.2647468944778666e-05
CS07720,0,0.00019716944370884448
CS07721,1,0.004982269834727049
CS07722,0,0.00021654405281879008
CS07723,0,0.0003859660937450826
CS07724,0,0.00010889690020121634
CS07725,0,0.00020342698553577065
CS07726,1,0.9761291742324829
CS07727,1,0.9998601675033569
CS07728,1,0.999220609664917
CS07729,0,0.00036829791497439146
CS07730,0,5.829126530443318e-05
CS07731,0,0.00024156630388461053
CS07732,0,0.00024156630388461053
CS07733,0,0.0011695101857185364
CS07734,0,0.00011591933434829116
CS07735,0,0.00016346470511052758
CS07736,0,0.0001795279822545126
CS07737,0,0.00015356238873209804
CS07738,0,0.00013552079326473176
CS07739,0,0.0002234163403045386
CS07740,0,0.00016346470511052758
CS07741,0,0.0037072529084980488
CS07742,0,0.00014425987319555134
CS07743,0,0.0008426423300988972
CS07744,0,0.017176708206534386
CS07745,0,0.8638516664505005
CS07746,0,8.750300185056403e-05
CS07747,0,0.0035380860790610313
CS07748,0,0.00010554686014074832
CS07749,0,0.0004802972252946347
CS07750,0,0.00014883847325108945
CS07751,0,0.030675802379846573
CS07752,0,7.031184213701636e-05
CS07753,0,0.10087861865758896
CS07754,0,5.829126530443318e-05
CS07755,0,0.00013135180051904172
CS07756,0,9.028038766700774e-05
CS07757,0,0.00021654405281879008
CS07758,0,8.481104305246845e-05
CS07759,0,0.00030534894904121757
CS07760,0,0.0003514382697176188
CS07761,1,0.9998118281364441
CS07762,0,0.0003514382697176188
CS07763,0,0.00011959858238697052
CS07764,1,0.9992792010307312
CS07765,0,0.9549844264984131
CS07766,0,0.0005976693355478346
CS07767,0,0.0007793660624884069
CS07768,0,0.0008693674462847412
CS07769,0,7.967301644384861e-05
CS07770,0,0.00042388474685139954
CS07771,0,0.9881309270858765
CS07772,0,0.00023782206699252129
CS07773,0,0.9981897473335266
CS07774,1,0.9995761513710022
CS07775,0,0.00011235327110625803
CS07776,0,0.00013552079326473176
CS07777,0,8.220189192797989e-05
CS07778,0,0.005220125894993544
CS07779,0,0.0012065897462889552
CS07780,0,0.2913839817047119
CS07781,0,0.00010229986219201237
CS07782,0,0.0027576221618801355
CS07783,0,0.0035380860790610313
CS07784,0,6.605214002775028e-05
CS07785,0,0.00013552079326473176
CS07786,0,0.00015843621804378927
CS07787,1,0.3459886610507965
CS07788,0,0.0003514382697176188
CS07789,0,0.0002098830882459879
CS07790,0,9.915272676153108e-05
CS07791,0,0.000816738058347255
CS07792,0,0.00036259001353755593
CS07793,1,0.9997219443321228
CS07794,0,0.9996947050094604
CS07795,0,0.00021654405281879008
CS07796,0,0.0005193048273213208
CS07797,0,0.0022518474142998457
CS07798,0,0.0001713081874186173
CS07799,1,0.008711383678019047
CS07800,0,0.00020027377468068153
CS07801,1,0.45265692472457886
CS07802,1,0.9998557567596436
CS07803,0,0.021125193685293198
CS07804,0,0.00021654405281879008
CS07805,1,0.17050801217556
CS07806,0,0.0002531563804950565
CS07807,0,0.0004108485300093889
CS07808,0,0.00014425987319555134
CS07809,0,0.00023413580493070185
CS07810,1,0.9999097585678101
CS07811,1,0.998245358467102
CS07812,1,0.0012065897462889552
CS07813,0,4.832564081880264e-05
CS07814,1,0.9997262358665466
CS07815,0,0.0002098830882459879
CS07816,0,0.0005112579092383385
CS07817,0,0.00017400544311385602
CS07819,0,0.00030534894904121757
CS07820,0,0.0004305570910219103
CS07821,0,0.0002868540759664029
CS07822,0,0.00036829791497439146
CS07823,0,0.00016346470511052758
CS07824,1,0.9911527037620544
CS07826,0,0.0009850081987679005
CS07827,0,0.00022693387290928513
CS07828,1,0.9989995360374451
CS07829,0,0.0002824080584105104
CS07830,0,0.0002694791473913938
CS07831,0,0.00016865275392774493
CS07832,0,0.00031015597051009536
CS07833,0,0.008187909610569477
CS07834,0,0.001098731067031622
CS07835,1,0.9966233968734741
CS07836,1,0.9998944997787476
CS07837,0,0.00016865275392774493
CS07838,0,0.0004512106243055314
CS07839,0,0.0004108485300093889
CS07840,0,0.00020342698553577065
CS07841,1,0.999480664730072
CS07842,1,0.008577484637498856
CS07843,0,0.0006667023408226669
CS07844,0,5.144221358932555e-05
CS07845,0,0.00019110433640889823
CS07846,0,0.01640303246676922
CS07847,0,0.00015356238873209804
CS07848,0,0.0001334200205747038
CS07850,0,0.0003250358859077096
CS07851,1,0.8529354929924011
CS07852,0,0.9842154383659363
CS07853,0,4.400118632474914e-05
CS07854,1,8.481104305246845e-05
CS07855,0,0.00010554686014074832
CS07856,0,0.002714985515922308
CS07857,0,0.00030061634606681764
CS07858,0,0.0009399439441040158
CS07859,0,0.9943581223487854
CS07860,0,0.8122723698616028
CS07861,1,0.9996373653411865
CS07862,0,0.00014425987319555134
CS07863,0,0.0002531563804950565
CS07864,0,0.00035697061684913933
CS07865,0,0.006797531619668007
CS07866,0,7.031184213701636e-05
CS07867,0,0.00010229986219201237
CS07868,0,0.00037998449988663197
CS07869,0,0.0002234163403045386
CS07870,0,0.00047285447362810373
CS07871,0,0.00024156630388461053
CS07872,0,0.0003406293399166316
CS07873,0,0.00033535013790242374
CS07874,0,0.0002611903182696551
CS07875,1,0.9998977184295654
CS07876,1,0.00033535013790242374
CS07877,0,0.00011235327110625803
CS07878,0,0.0004442183708306402
CS07879,0,0.00012731103925034404
CS07880,0,0.0002234163403045386
CS07881,0,0.0004655269149225205
CS07882,0,0.0005442132824100554
CS07883,1,0.0012644219677895308
CS07884,0,0.00013552079326473176
CS07885,0,0.7313464879989624
CS07886,0,0.0006771942134946585
CS07887,0,0.0002234163403045386
CS07888,0,0.00024536947603337467
CS07889,1,0.00017400544311385602
CS07890,0,0.09568694233894348
CS07891,0,0.0015978454612195492
CS07892,1,0.9996540546417236
CS07893,0,0.0003920417802873999
CS07894,0,9.915272676153108e-05
CS07895,0,0.0005884087877348065
CS07896,0,0.0002824080584105104
CS07897,0,0.0006462032906711102
CS07898,0,0.0023231625091284513
CS07899,0,0.0009850081987679005
CS07900,0,0.0001398220774717629
CS07901,0,0.00024536947603337467
CS07902,0,0.0002234163403045386
CS07903,0,0.00019716944370884448
CS07904,0,0.00013135180051904172
CS07905,0,0.00030534894904121757
CS07906,1,0.001573112327605486
CS07907,1,0.9985895752906799
CS07908,0,0.010328153148293495
CS07909,1,0.002714985515922308
CS07910,0,0.0019570167642086744
CS07911,0,0.00021654405281879008
CS07912,0,0.00015843621804378927
CS07913,0,0.00019110433640889823
CS07914,1,0.0038844768423587084
CS07915,1,0.0007916296599432826
CS07916,0,7.254361116793007e-05
CS07917,0,0.0002098830882459879
CS07918,1,0.36184096336364746
CS07919,1,0.6482437252998352
CS07920,0,0.0002531563804950565
CS07921,0,0.0015011822106316686
CS07922,0,0.0007554056355729699
CS07923,0,0.00021995336282998323
CS07924,0,0.0008426423300988972
CS07925,0,0.00017400544311385602
CS07926,0,0.0006878511630930007
CS07927,0,9.028038766700774e-05
CS07928,0,0.00016865275392774493
CS07929,1,0.9950946569442749
CS07930,0,0.005220125894993544
CS07931,0,0.0018969199154525995
CS07932,0,0.001081715221516788
CS07933,0,0.0010005044750869274
CS07934,1,0.9998644590377808
CS07935,1,0.9998260140419006
CS07936,0,0.00042388474685139954
CS07937,0,0.00010554686014074832
CS07938,0,0.00010554686014074832
CS07939,0,0.09534946084022522
CS07940,0,0.00029595711384899914
CS07941,0,0.0013885231455788016
CS07942,1,0.9982993006706238
CS07943,1,0.9997507929801941
CS07944,1,0.9994115829467773
CS07945,0,0.0003301527467556298
CS07946,0,7.031184213701636e-05
CS07947,0,0.3775406777858734
CS07948,0,0.005641908850520849
CS07949,0,0.9996373653411865
CS07950,1,0.9998148083686829
CS07951,0,8.750300185056403e-05
CS07952,0,9.915272676153108e-05
CS07953,0,0.00012731103925034404
CS07954,0,6.014151585986838e-05
CS07955,0,0.01652955822646618
CS07956,0,0.0008426423300988972
CS07957,0,0.00020662981842178851
CS07958,1,0.9319595694541931
CS07959,0,0.00031015597051009536
CS07960,0,0.0012843082658946514
CS07961,0,0.007345826830714941
CS07962,1,0.9981324076652527
CS07963,0,0.00013135180051904172
CS07964,0,0.0003920417802873999
CS07965,1,0.027585284784436226
CS07966,0,0.0002234163403045386
CS07967,0,5.829126530443318e-05
CS07968,1,0.007695647422224283
CS07969,1,0.9566342234611511
CS07970,0,0.000656372809316963
CS07971,0,0.0028449094388633966
CS07972,0,0.0003406293399166316
CS07973,1,0.998793363571167
CS07974,1,0.9981613755226135
CS07975,0,0.00019716944370884448
CS07976,0,0.00016865275392774493
CS07977,0,0.00036259001353755593
CS07978,0,0.00023782206699252129
CS07979,0,0.00023050671734381467
CS07980,1,0.9997730851173401
CS07981,1,0.9999039173126221
CS07982,0,0.0003859660937450826
CS07983,0,0.0002098830882459879
CS07984,1,0.99991774559021
CS07985,0,0.5462540984153748
CS07986,0,0.0002868540759664029
CS07987,0,0.0005274784634821117
CS07988,0,0.020332353189587593
CS07989,0,0.13161905109882355
CS07990,0,0.00021995336282998323
CS07991,0,0.00016093082376755774
CS07992,1,0.9983515739440918
CS07993,0,0.0004305570910219103
CS07994,0,0.00045831294846720994
CS07995,0,0.00016346470511052758
CS07996,0,0.00019110433640889823
CS07997,0,0.9982993006706238
CS07998,0,0.00023782206699252129
CS07999,1,0.9998804330825806
CS08000,0,8.481104305246845e-05
CS08001,1,0.0004173157794866711
CS08002,0,0.0001795279822545126
CS08003,0,0.06656918674707413
CS08004,0,7.722191367065534e-05
CS08005,0,8.750300185056403e-05
CS08006,0,0.007695647422224283
CS08007,0,0.24113182723522186
CS08008,0,0.02145073004066944
CS08009,1,0.9999359846115112
CS08010,0,0.01384861022233963
CS08011,0,0.00047285447362810373
CS08012,0,9.915272676153108e-05
CS08013,0,0.00015843621804378927
CS08014,0,0.00010554686014074832
CS08015,1,0.9999008178710938
CS08016,0,0.00023050671734381467
CS08017,0,0.0004173157794866711
CS08018,1,0.9997867941856384
CS08019,0,0.0005884087877348065
CS08021,0,0.0005357805639505386
CS08022,0,0.00031503866193816066
CS08023,0,0.00024536947603337467
CS08024,0,0.007011794950813055
CS08025,0,0.00011959858238697052
CS08026,0,0.00016865275392774493
CS08027,1,0.9916841983795166
CS08028,1,0.46976348757743835
CS08029,0,0.00010229986219201237
CS08030,0,0.002800926798954606
CS08031,1,0.9999039173126221
CS08032,0,7.031184213701636e-05
CS08033,0,0.0005112579092383385
CS08034,1,0.9954615235328674
CS08035,0,0.00011235327110625803
CS08036,0,0.00016865275392774493
CS08037,0,0.00020342698553577065
CS08038,0,0.00010554686014074832
CS08039,0,5.829126530443318e-05
CS08040,0,0.00019110433640889823
CS08041,0,0.014281935058534145
CS08042,0,0.00040448151412419975
CS08043,1,0.9997175335884094
CS08044,0,0.00042388474685139954
CS08045,0,0.00018814207578543574
CS08046,0,0.0004802972252946347
CS08047,0,0.0034834241960197687
CS08048,0,0.0014325365191325545
CS08049,0,0.00024156630388461053
CS08050,1,0.9998089671134949
CS08051,1,0.9998557567596436
CS08052,0,0.0035936026833951473
CS08053,0,0.0001398220774717629
CS08054,0,0.00029137005913071334
CS08055,0,0.8688268065452576
CS08056,0,0.00016346470511052758
CS08057,0,4.832564081880264e-05
CS08058,0,0.0005274784634821117
CS08059,1,0.9999097585678101
CS08060,1,0.9688562154769897
CS08061,0,8.750300185056403e-05
CS08062,1,0.9994022846221924
CS08063,1,0.0029349515680223703
CS08064,1,0.9995827078819275
CS08065,0,0.00011959858238697052
CS08066,0,0.00482972152531147
CS08067,0,0.00012731103925034404
CS08068,0,0.006797531619668007
CS08069,1,0.019419347867369652
CS08070,0,0.0038844768423587084
CS08071,0,0.001151399570517242
CS08072,0,0.00023050671734381467
CS08073,0,0.0007916296599432826
CS08074,0,0.000656372809316963
CS08075,0,0.00030534894904121757
CS08076,1,0.9709092378616333
CS08077,1,0.999438464641571
CS08078,1,0.9998511075973511
CS08079,0,0.00014883847325108945
CS08080,0,0.00020342698553577065
CS08081,1,0.012624948285520077
CS08082,0,0.3132096230983734
CS08083,1,0.9995694756507874
CS08084,0,0.0005792917218059301
CS08085,0,0.0003301527467556298
CS08086,0,0.0001795279822545126
CS08087,1,0.30280327796936035
CS08088,0,0.00024536947603337467
CS08089,0,8.220189192797989e-05
CS08090,0,7.031184213701636e-05
CS08091,0,0.0002531563804950565
CS08092,0,0.00014653131074737757
CS08093,0,0.9678993225097656
CS08094,0,0.9890130758285522
CS08095,0,0.0007096704212017357
CS08096,1,0.0016743993619456887
CS08097,1,0.9998511075973511
CS08098,0,0.004070138093084097
CS08099,0,6.814871449023485e-05
CS08100,0,0.0002824080584105104
CS08101,0,0.0002868540759664029
CS08102,0,0.0008693674462847412
CS08103,0,0.9997219443321228
CS08104,0,0.08093671500682831
CS08105,0,0.9994296431541443
CS08106,0,0.00011235327110625803
CS08107,0,0.00016346470511052758
CS08108,0,0.00019716944370884448
CS08109,0,9.314593626186252e-05
CS08110,0,0.0002098830882459879
CS08112,0,9.314593626186252e-05
CS08113,0,0.00016346470511052758
CS08114,0,0.0003250358859077096
CS08115,0,0.002115703420713544
CS08116,0,0.00018522574100643396
CS08117,0,0.0014325365191325545
CS08118,0,8.750300185056403e-05
CS08119,0,0.0009850081987679005
CS08120,1,0.9998511075973511
CS08121,1,0.9936116337776184
CS08122,0,0.00031015597051009536
CS08123,0,5.475977013702504e-05
CS08124,0,0.0003406293399166316
CS08125,0,0.00015356238873209804
CS08126,0,0.0018675660248845816
CS08127,0,0.00031015597051009536
CS08128,0,0.0004373344127088785
CS08129,0,7.967301644384861e-05
CS08130,0,0.00018522574100643396
CS08131,0,0.0001713081874186173
CS08132,0,5.6497930927434936e-05
CS08133,0,0.0001795279822545126
CS08134,0,0.0007672925130464137
CS08135,0,0.0004512106243055314
CS08136,0,0.0001398220774717629
CS08137,0,0.02145073004066944
CS08138,0,0.0002694791473913938
CS08139,0,0.00019716944370884448
CS08140,0,0.9934101700782776
CS08141,0,0.0015978454612195492
CS08142,1,0.9999008178710938
CS08143,0,8.481104305246845e-05
CS08144,0,0.48121005296707153
CS08145,1,0.02262919954955578
CS08146,0,0.00020342698553577065
CS08147,0,8.750300185056403e-05
CS08148,0,0.00020342698553577065
CS08149,0,0.999045193195343
CS08150,0,8.481104305246845e-05
CS08151,0,0.0002234163403045386
CS08152,0,0.00035697061684913933
CS08153,0,0.00013135180051904172
CS08154,0,0.0005703156348317862
CS08155,0,9.915272676153108e-05
CS08156,0,0.00021654405281879008
CS08157,0,0.0002098830882459879
CS08158,1,0.9987550973892212
CS08159,0,0.00023050671734381467
CS08160,0,0.0002611903182696551
CS08161,0,5.144221358932555e-05
CS08162,0,0.0027576221618801355
CS08163,0,0.00017400544311385602
CS08164,0,0.08359067887067795
CS08165,1,0.9989350438117981
CS08166,1,0.9998118281364441
CS08167,1,0.9989182949066162
CS08168,0,0.00020342698553577065
CS08169,0,0.0017546144081279635
CS08170,0,0.0003920417802873999
CS08171,0,0.0004878571489825845
CS08172,0,0.00037409563083201647
CS08173,1,0.9988840222358704
CS08174,0,0.00011959858238697052
CS08175,0,0.012431650422513485
CS08176,0,0.0013670255430042744
CS08177,0,0.00042388474685139954
CS08178,0,7.484622619813308e-05
CS08179,0,0.00020027377468068153
CS08180,0,0.0002694791473913938
CS08181,1,0.24981309473514557
CS08182,0,0.00039821307291276753
CS08183,0,0.001304506789892912
CS08184,0,0.0005357805639505386
CS08185,1,0.9998511075973511
CS08186,0,8.750300185056403e-05
CS08187,0,0.0008969393675215542
CS08188,0,0.00019411317771300673
CS08189,0,0.0010005044750869274
CS08190,0,0.0003406293399166316
CS08191,0,0.0004512106243055314
CS08192,1,0.9997262358665466
CS08193,0,0.0002780309587251395
CS08194,0,0.00013135180051904172
CS08195,0,0.0003301527467556298
CS08196,1,0.9961155652999878
CS08197,0,0.00025714197545312345
CS08198,0,0.0006462032906711102
CS08199,0,0.0007208380266092718
CS08200,0,0.00040448151412419975
CS08201,0,0.00016346470511052758
CS08202,0,0.32295289635658264
CS08203,1,0.9998644590377808
CS08204,0,0.046378206461668015
CS08205,0,0.001304506789892912
CS08206,0,9.915272676153108e-05
CS08207,0,0.00019110433640889823
CS08208,0,0.00035697061684913933
CS08209,0,0.00011591933434829116
CS08210,0,0.001098731067031622
CS08211,0,0.0006166296661831439
CS08212,0,0.0006361912819556892
CS08213,0,0.00016865275392774493
CS08214,0,7.722191367065534e-05
CS08215,0,0.00010554686014074832
CS08216,1,0.9998205304145813
CS08217,1,0.588534414768219
CS08218,1,0.9998726844787598
CS08219,0,0.0003406293399166316
CS08220,0,0.00016865275392774493
CS08221,1,0.9996540546417236
CS08222,1,0.9997997879981995
CS08223,1,0.9993013143539429
CS08224,0,0.0009110512328334153
CS08225,0,0.3132096230983734
CS08226,0,0.0003459916333667934
CS08227,0,0.0002694791473913938
CS08228,0,0.0001398220774717629
CS08229,0,0.9500414729118347
CS08230,0,0.0002234163403045386
CS08231,0,0.005641908850520849
CS08232,0,0.00033535013790242374
CS08233,0,0.00024156630388461053
CS08234,0,0.00014425987319555134
CS08235,1,0.9246877431869507
CS08236,0,0.00023050671734381467
CS08237,0,0.0001795279822545126
CS08238,0,0.0002234163403045386
CS08239,0,0.005469274241477251
CS08240,0,0.001987774157896638
CS08241,0,0.00015843621804378927
CS08242,1,0.9998118281364441
CS08243,0,7.967301644384861e-05
CS08244,0,0.00014425987319555134
CS08245,1,0.008445627987384796
CS08246,1,0.9883127808570862
CS08247,0,0.0006070755189284682
CS08248,0,0.00022693387290928513
CS08249,0,0.0012448432389646769
CS08250,0,0.0010322310263291001
CS08251,0,0.00011235327110625803
CS08252,0,0.00016346470511052758
CS08253,1,0.004007288720458746
CS08254,0,0.0002611903182696551
CS08255,0,0.00015356238873209804
CS08256,0,0.10743748396635056
CS08257,0,0.0006667023408226669
CS08258,0,6.014151585986838e-05
CS08259,1,0.16132023930549622
CS08260,0,0.0002780309587251395
CS08261,0,0.00016093082376755774
CS08262,0,0.00015843621804378927
CS08263,0,0.00018522574100643396
CS08264,0,0.0004655269149225205
CS08265,1,0.999868631362915
CS08266,0,0.001151399570517242
CS08267,0,0.0013670255430042744
CS08268,0,0.00029595711384899914
CS08269,0,0.0002611903182696551
CS08270,0,0.002082970691844821
CS08271,0,0.0007554056355729699
CS08272,0,0.005911069456487894
CS08273,0,0.00024536947603337467
CS08274,0,0.0002868540759664029
CS08275,1,0.9996898174285889
CS08276,0,0.01784873940050602
CS08277,0,0.00030061634606681764
CS08278,0,0.004905405919998884
CS08279,0,9.915272676153108e-05
CS08280,0,0.00037409563083201647
CS08281,0,0.00011235327110625803
CS08282,0,8.481104305246845e-05
CS08283,1,0.4484262764453888
CS08284,0,4.683888619183563e-05
CS08285,0,0.00014883847325108945
CS08286,0,0.0003199982747901231
CS08287,0,0.0011695101857185364
CS08288,0,0.0009697519708424807
CS08289,0,0.005730246659368277
CS08290,0,0.00018522574100643396
CS08291,0,0.00026530236937105656
CS08292,0,0.0002694791473913938
CS08293,0,7.031184213701636e-05
CS08294,1,0.9996699094772339
CS08295,0,0.1030244305729866
CS08296,0,0.9961755275726318
CS08297,0,0.0002868540759664029
CS08298,0,0.00016093082376755774
CS08299,0,0.0001795279822545126
CS08300,1,0.9996750354766846
CS08301,0,0.0006361912819556892
CS08302,1,0.9999227523803711
CS08303,0,0.0005792917218059301
CS08304,1,0.42723238468170166
CS08305,0,0.00033535013790242374
CS08306,0,0.00021654405281879008
CS08307,1,0.00019716944370884448
CS08308,0,0.00018522574100643396
CS08309,0,0.0002098830882459879
CS08310,1,0.9998726844787598
CS08311,0,0.005384937860071659
CS08312,0,8.220189192797989e-05
CS08313,0,0.00012339458044152707
CS08314,0,0.873214840888977
CS08315,0,0.00018522574100643396
CS08316,0,0.00017400544311385602
CS08317,0,0.0004655269149225205
CS08318,1,0.8484706878662109
CS08319,0,0.00010889690020121634
CS08320,1,0.9995487332344055
CS08321,1,0.6322757005691528
CS08322,0,0.0004955359036102891
CS08323,1,0.9899863600730896
CS08324,0,0.0001398220774717629
CS08325,1,0.9959298968315125
CS08326,0,6.402006692951545e-05
CS08327,1,0.007121428847312927
CS08328,0,0.957277774810791
CS08329,0,0.002396730938926339
CS08330,1,0.999841570854187
CS08331,1,0.9999227523803711
CS08332,0,0.017309093847870827
CS08333,1,0.002287227427586913
CS08334,0,0.00024156630388461053
CS08335,0,0.00010229986219201237
CS08336,1,0.9996800422668457
CS08337,1,0.9902915358543396
CS08338,0,0.0002868540759664029
CS08339,0,0.48925942182540894
CS08340,0,0.0017546144081279635
CS08341,0,0.0005112579092383385
CS08342,1,0.9985221028327942
CS08343,0,0.00012339458044152707
CS08344,0,0.028007522225379944
CS08345,0,6.605214002775028e-05
CS08346,0,0.0005274784634821117
CS08347,0,6.605214002775028e-05
CS08348,0,5.3075080359121785e-05
CS08349,0,0.0013458604225888848
CS08350,0,0.0020190139766782522
CS08351,0,0.00016865275392774493
CS08352,1,0.05707139894366264
CS08353,0,9.610241977497935e-05
CS08354,1,0.9969722032546997
CS08355,0,0.0002611903182696551
CS08356,1,0.9997933506965637
CS08357,0,0.9895108342170715
CS08358,0,0.000816738058347255
CS08359,0,0.00020027377468068153
CS08360,0,0.00035697061684913933
CS08361,0,0.00014425987319555134
CS08362,0,0.001622966956347227
CS08363,0,0.0001398220774717629
CS08364,0,0.001622966956347227
CS08365,0,0.00013552079326473176
CS08366,0,0.00014425987319555134
CS08367,0,0.00015356238873209804
CS08368,0,0.00025714197545312345
CS08369,0,8.481104305246845e-05
CS08370,0,0.00021654405281879008
CS08371,0,0.0020507436711341143
CS08372,0,0.00023782206699252129
CS08373,1,0.9977481961250305
CS08374,0,0.0012065897462889552
CS08375,0,0.0005193048273213208
CS08376,0,0.00023050671734381467
CS08377,0,0.0002780309587251395
CS08378,1,0.9997546076774597
CS08380,0,0.00021654405281879008
CS08381,1,0.9618217349052429
CS08382,1,0.954647421836853
CS08383,0,6.402006692951545e-05
CS08384,0,0.00021995336282998323
CS08385,1,0.00014883847325108945
CS08386,1,0.9968763589859009
CS08387,0,0.9984269142150879
CS08388,0,0.00030534894904121757
CS08389,0,9.915272676153108e-05
CS08390,0,0.00019110433640889823
CS08391,1,0.9998028874397278
CS08392,0,0.00019110433640889823
CS08393,0,0.00024536947603337467
CS08394,0,8.220189192797989e-05
CS08395,0,0.00011591933434829116
CS08396,0,0.00035697061684913933
CS08397,0,0.00015356238873209804
CS08398,0,0.0003920417802873999
CS08399,0,0.00010229986219201237
CS08400,0,0.001151399570517242
CS08401,0,0.0008693674462847412
CS08402,1,0.9986749291419983
CS08403,1,0.004399413242936134
CS08404,0,0.00013552079326473176
CS08405,0,0.002115703420713544
CS08406,0,0.0001713081874186173
CS08407,0,0.0007916296599432826
CS08408,1,0.9999227523803711
CS08409,0,0.0064882696606218815
CS08410,0,0.0008426423300988972
CS08411,0,9.610241977497935e-05
CS08412,0,8.220189192797989e-05
CS08413,0,0.0006771942134946585
CS08414,0,8.481104305246845e-05
CS08415,0,0.002889581024646759
CS08416,1,0.9986955523490906
CS08417,1,0.4573790431022644
CS08418,0,0.00019110433640889823
CS08419,0,0.9987744688987732
CS08420,0,0.00021654405281879008
CS08421,1,0.9998623132705688
CS08422,0,0.0002098830882459879
CS08423,0,0.0001795279822545126
CS08424,0,0.0002694791473913938
CS08425,0,0.0004173157794866711
CS08426,1,0.9997546076774597
CS08427,0,0.004982269834727049
CS08428,0,0.002714985515922308
CS08429,0,0.00015843621804378927
CS08430,1,0.9155072569847107
CS08431,0,0.00011235327110625803
CS08432,0,0.00011959858238697052
CS08433,0,0.00019110433640889823
CS08434,0,0.00010554686014074832
CS08435,0,0.0002098830882459879
CS08436,1,0.0013458604225888848
CS08437,0,0.00010229986219201237
CS08438,0,0.00030534894904121757
CS08439,0,0.0009850081987679005
CS08440,1,0.9980732202529907
CS08441,0,0.0004655269149225205
CS08442,0,0.0002531563804950565
CS08443,0,0.0005112579092383385
CS08444,0,0.0015487611526623368
CS08445,0,7.031184213701636e-05
CS08446,0,0.00018522574100643396
CS08447,1,0.9998089671134949
CS08448,1,0.06418264657258987
CS08449,0,0.296043336391449
CS08450,0,0.001573112327605486
CS08451,0,0.00010229986219201237
CS08452,1,0.9985449314117432
CS08453,1,0.9998910427093506
CS08454,1,0.9998601675033569
CS08455,1,0.18359361588954926
CS08456,1,0.9999008178710938
CS08457,1,0.954308032989502
CS08458,0,0.00010229986219201237
CS08459,0,5.144221358932555e-05
CS08460,0,0.0023596605751663446
CS08461,0,0.00019110433640889823
CS08462,0,0.0007793660624884069
CS08463,0,0.00037409563083201647
CS08466,1,0.7310585975646973
CS08467,0,0.9976769089698792
CS08468,0,0.0011695101857185364
CS08469,0,4.683888619183563e-05
CS08470,0,0.01384861022233963
CS08471,1,0.9648551344871521
CS08472,0,0.08632347732782364
CS08473,0,0.00023413580493070185
CS08474,0,0.0005112579092383385
CS08475,0,0.00015843621804378927
CS08476,0,0.0006263342220336199
CS08477,0,6.402006692951545e-05
CS08478,1,0.000552778597921133
CS08479,0,0.00019110433640889823
CS08480,0,0.0003514382697176188
CS08481,0,0.0003859660937450826
CS08482,1,0.9946150183677673
CS08483,0,0.0004802972252946347
CS08484,0,0.0001398220774717629
CS08485,1,0.9981897473335266
CS08486,0,0.0035380860790610313
CS08487,0,0.0028449094388633966
CS08488,0,8.220189192797989e-05
CS08489,1,0.9996849298477173
CS08490,0,0.0012448432389646769
CS08491,0,0.00022693387290928513
CS08492,0,0.00012339458044152707
CS08493,0,0.6664968132972717
CS08494,0,0.00027372167096473277
CS08495,1,0.0017007224960252643
CS08496,0,0.00172745855525136
CS08497,0,0.00016865275392774493
CS08498,0,0.00023413580493070185
CS08499,1,0.9999203681945801
CS08500,0,0.0016743993619456887
CS08501,0,0.5204353928565979
CS08502,0,0.0007437028689309955
CS08503,0,0.00045831294846720994
CS08504,1,0.5931380391120911
CS08505,0,0.7427950501441956
CS08506,0,0.9996947050094604
CS08507,1,0.999322772026062
CS08508,1,0.9981030225753784
CS08509,1,0.9993333220481873
CS08510,0,0.0006263342220336199
CS08511,1,0.9992563128471375
CS08512,1,0.005220125894993544
CS08513,0,0.0015487611526623368
CS08514,0,0.0026730059180408716
CS08516,0,0.0003920417802873999
CS08517,0,0.0015978454612195492
CS08518,1,0.974628746509552
CS08519,0,0.00012731103925034404
CS08520,0,0.00014883847325108945
CS08521,0,0.0002234163403045386
CS08522,0,0.0005703156348317862
CS08523,1,0.0007321813027374446
CS08524,0,0.0001713081874186173
CS08525,0,9.915272676153108e-05
CS08526,0,0.0002868540759664029
CS08527,1,0.9998910427093506
CS08528,1,0.6288633942604065
CS08529,0,7.722191367065534e-05
CS08530,0,5.3075080359121785e-05
CS08531,0,8.481104305246845e-05
CS08532,0,0.00011591933434829116
CS08533,0,0.00035697061684913933
CS08534,1,0.9999068975448608
CS08535,0,6.814871449023485e-05
CS08536,0,0.0002824080584105104
CS08537,1,0.9978843331336975
CS08538,0,9.314593626186252e-05
CS08539,1,0.0005357805639505386
CS08540,0,0.00016865275392774493
CS08541,0,0.0004173157794866711
CS08542,0,0.0008693674462847412
CS08543,0,0.00014425987319555134
CS08544,0,0.0003250358859077096
CS08545,1,0.9938070178031921
CS08546,0,0.000552778597921133
CS08547,0,0.0011695101857185364
CS08548,0,0.0002868540759664029
CS08549,0,0.00021995336282998323
CS08550,0,0.0007321813027374446
CS08551,0,9.610241977497935e-05
CS08552,0,0.00011235327110625803
CS08553,1,0.39711982011795044
CS08554,1,0.9999203681945801
CS08555,0,0.0026730059180408716
CS08556,1,0.9998977184295654
CS08557,0,7.722191367065534e-05
CS08558,0,0.03138042986392975
CS08559,0,0.4440825581550598
CS08560,1,0.9999251365661621
CS08561,0,0.00010889690020121634
CS08562,0,9.610241977497935e-05
CS08563,0,0.00010554686014074832
CS08564,0,9.314593626186252e-05
CS08565,0,0.00018522574100643396
CS08566,0,6.014151585986838e-05
CS08567,1,0.996570348739624
CS08568,0,0.00010554686014074832
CS08569,0,0.001782196224667132
CS08570,0,0.0002694791473913938
CS08571,0,8.481104305246845e-05
CS08572,0,5.3075080359121785e-05
CS08573,0,0.0007437028689309955
CS08574,0,0.0002234163403045386
CS08575,0,0.00021654405281879008
CS08576,0,0.00011591933434829116
CS08577,0,0.0004173157794866711
CS08578,1,0.7106282711029053
CS08579,0,0.0005703156348317862
CS08580,1,0.005060331895947456
CS08581,0,0.0016743993619456887
CS08582,1,0.9997546076774597
CS08583,0,0.0008295892039313912
CS08584,0,8.750300185056403e-05
CS08585,0,0.027376487851142883
CS08586,0,0.09041372686624527
CS08587,0,0.0003406293399166316
CS08588,1,0.9996485710144043
CS08589,0,0.00019716944370884448
CS08590,1,0.9997695088386536
CS08591,0,0.0003859660937450826
CS08592,0,0.000552778597921133
CS08593,0,0.0018102109897881746
CS08594,0,6.205048703122884e-05
CS08595,0,0.9991704225540161
CS08596,1,0.9996316432952881
CS08597,0,0.0007793660624884069
CS08598,0,0.0007096704212017357
CS08599,0,0.004133968148380518
CS08600,0,0.00012731103925034404
CS08601,0,0.00011591933434829116
CS08602,1,0.9998840093612671
CS08603,1,0.9997468590736389
CS08604,0,0.00047285447362810373
CS08605,1,0.0013250223128125072
CS08606,0,0.0011879054363816977
CS08607,0,0.0004802972252946347
CS08608,0,0.9997040629386902
CS08609,0,0.0003301527467556298
CS08610,1,0.9998875856399536
CS08611,0,0.00010229986219201237
CS08612,1,0.2120688110589981
CS08613,0,0.001622966956347227
CS08614,0,6.014151585986838e-05
CS08615,0,0.00011235327110625803
CS08616,1,0.010818448849022388
CS08617,0,0.00030534894904121757
CS08618,1,0.9956005811691284
CS08619,0,0.0003514382697176188
CS08620,0,0.0002492325147613883
CS08621,0,0.0011879054363816977
CS08622,0,0.00012731103925034404
CS08623,1,0.24981309473514557
CS08624,0,0.0002098830882459879
CS08625,0,0.00021654405281879008
CS08626,0,0.0007096704212017357
CS08627,0,0.9992445707321167
CS08628,0,0.0003199982747901231
CS08629,0,0.00030534894904121757
CS08630,0,0.0010005044750869274
CS08631,0,0.00019110433640889823
CS08632,0,7.722191367065534e-05
CS08633,0,0.0012255674228072166
CS08634,0,0.0002531563804950565
CS08635,0,0.00023782206699252129
CS08636,0,0.00018522574100643396
CS08637,0,0.9899863600730896
CS08638,1,0.024423088878393173
CS08639,0,0.00016865275392774493
CS08640,0,0.04084571450948715
CS08641,0,0.0006771942134946585
CS08642,0,0.00031015597051009536
CS08643,0,0.002396730938926339
CS08644,0,0.07211221009492874
CS08645,0,0.0010484692174941301
CS08646,0,0.0011160143185406923
CS08647,0,6.605214002775028e-05
CS08648,0,0.00031503866193816066
CS08649,0,0.00010229986219201237
CS08650,1,0.004681821912527084
CS08651,0,0.00012339458044152707
CS08652,1,0.999868631362915
CS08653,1,0.9998726844787598
CS08654,1,0.7794896960258484
CS08655,1,0.9990745782852173
CS08656,1,0.00031015597051009536
CS08657,0,0.00010229986219201237
CS08658,0,9.314593626186252e-05
CS08659,0,5.144221358932555e-05
CS08660,0,0.00016865275392774493
CS08661,1,0.0002531563804950565
CS08662,0,0.0008040859247557819
CS08663,0,0.00040448151412419975
CS08664,0,0.00023050671734381467
CS08665,0,0.0446808747947216
CS08666,1,0.999373733997345
CS08667,0,0.0003250358859077096
CS08668,0,0.025760559365153313
CS08669,0,8.220189192797989e-05
CS08670,0,0.0002098830882459879
CS08671,1,0.024053553119301796
CS08672,0,0.00015843621804378927
CS08673,0,0.00015843621804378927
CS08674,0,0.00015843621804378927
CS08675,1,0.9213575720787048
CS08676,1,0.9674102663993835
CS08677,0,0.00037409563083201647
CS08678,0,0.954308032989502
CS08679,0,0.00027372167096473277
CS08680,1,0.00016865275392774493
CS08681,0,0.00017400544311385602
CS08682,1,0.46976348757743835
CS08683,0,7.254361116793007e-05
CS08684,0,0.00031503866193816066
CS08685,0,0.0003199982747901231
CS08686,0,0.0010005044750869274
CS08687,1,0.0011160143185406923
CS08688,1,0.9997085928916931
CS08689,0,0.00022693387290928513
CS08690,1,7.722191367065534e-05
CS08691,0,0.0011879054363816977
CS08692,0,0.00020027377468068153
CS08693,0,0.00027372167096473277
CS08694,0,9.915272676153108e-05
CS08695,0,0.00011959858238697052
CS08696,0,0.005819960031658411
CS08697,0,0.000552778597921133
CS08698,0,0.00015843621804378927
CS08699,0,4.683888619183563e-05
CS08700,1,0.999373733997345
CS08701,0,5.6497930927434936e-05
CS08702,0,0.0042646341025829315
CS08703,0,5.6497930927434936e-05
CS08704,0,0.00029137005913071334
CS08705,0,0.0009850081987679005
CS08706,0,0.0038844768423587084
CS08707,0,9.610241977497935e-05
CS08708,0,0.001151399570517242
CS08710,0,0.00019110433640889823
CS08711,0,6.605214002775028e-05
CS08712,0,0.0002234163403045386
CS08713,1,0.9606574773788452
CS08714,0,0.0001823546044761315
CS08715,0,0.00013135180051904172
CS08716,0,0.00015843621804378927
CS08717,0,0.6562178134918213
CS08718,0,0.00247262348420918
CS08719,0,0.00036829791497439146
CS08720,0,0.00016865275392774493
CS08721,0,8.481104305246845e-05
CS08722,0,0.0005976693355478346
CS08723,0,0.00017400544311385602
CS08724,0,0.4469774663448334
CS08725,0,0.0013458604225888848
CS08726,0,0.00023782206699252129
CS08727,0,0.0002780309587251395
CS08728,0,0.00030534894904121757
CS08729,0,0.00018814207578543574
CS08730,0,9.915272676153108e-05
CS08731,0,0.9946980476379395
CS08732,0,0.00036829791497439146
CS08733,0,0.00016865275392774493
CS08734,0,0.008577484637498856
CS08735,0,0.00016865275392774493
CS08736,0,0.002511463360860944
CS08737,0,6.814871449023485e-05
CS08738,0,0.0001795279822545126
CS08739,1,0.9998028874397278
CS08740,0,0.0018102109897881746
CS08741,1,0.10781263560056686
CS08742,0,0.0002611903182696551
CS08743,0,0.00015356238873209804
CS08744,1,0.9960545301437378
CS08745,0,0.00012339458044152707
CS08746,0,0.9515040516853333
CS08747,1,0.005469274241477251
CS08748,0,0.0008295892039313912
CS08749,0,0.0006667023408226669
CS08750,0,0.0012065897462889552
CS08751,1,0.04569203406572342
CS08752,0,0.00016603847325313836
CS08753,0,0.00019716944370884448
CS08754,0,0.0018102109897881746
CS08755,0,0.0005792917218059301
CS08756,0,0.00025714197545312345
CS08757,0,0.0010005044750869274
CS08758,0,0.00010554686014074832
CS08759,0,0.00015843621804378927
CS08760,0,0.0009110512328334153
CS08761,1,0.9992678761482239
CS08762,0,7.254361116793007e-05
CS08763,0,0.00010554686014074832
CS08764,0,0.001622966956347227
CS08765,1,0.9995272159576416
CS08766,0,0.00015843621804378927
CS08767,0,0.002800926798954606
CS08768,0,0.00025714197545312345
CS08769,0,0.0006878511630930007
CS08770,1,0.9984512329101562
CS08771,0,6.014151585986838e-05
CS08772,1,0.9987550973892212
CS08773,0,0.00021654405281879008
CS08774,0,0.00012731103925034404
CS08775,0,0.0002868540759664029
CS08776,0,0.0002234163403045386
CS08777,0,0.0003406293399166316
CS08778,0,6.814871449023485e-05
CS08779,0,0.0001795279822545126
CS08780,0,0.000552778597921133
CS08781,0,0.0004442183708306402
CS08782,0,0.0002234163403045386
CS08783,0,0.38711097836494446
CS08784,0,6.402006692951545e-05
CS08785,1,0.9975274205207825
CS08786,0,0.00013552079326473176
CS08787,0,0.0005193048273213208
CS08788,0,0.9842154383659363
CS08789,0,0.00017400544311385602
CS08790,0,0.00021654405281879008
CS08791,0,0.0004955359036102891
CS08792,0,0.002082970691844821
CS08793,1,0.9982993006706238
CS08794,0,0.0832919329404831
CS08795,0,0.6410853862762451
CS08796,0,0.00010229986219201237
CS08797,0,0.0003250358859077096
CS08798,0,0.0001398220774717629
CS08799,0,0.00023782206699252129
CS08800,0,0.00011235327110625803
CS08801,0,5.144221358932555e-05
CS08802,0,0.00029137005913071334
CS08803,0,0.00025714197545312345
CS08804,0,7.031184213701636e-05
CS08805,0,0.2422056347131729
CS08806,0,5.6497930927434936e-05
CS08807,0,5.475977013702504e-05
CS08808,1,0.9999359846115112
CS08809,1,0.00970847625285387
CS08810,0,4.985958366887644e-05
CS08811,0,0.00022693387290928513
CS08812,1,0.9996316432952881
CS08813,1,0.9979493021965027
CS08814,1,0.9998601675033569
CS08815,0,0.0010484692174941301
CS08816,0,0.00019110433640889823
CS08817,0,0.0006878511630930007
CS08818,1,0.1250653862953186
CS08819,1,0.9995694756507874
CS08820,1,0.0012065897462889552
CS08821,0,0.0005033356137573719
CS08822,1,0.9998028874397278
CS08823,0,0.9008791446685791
CS08824,0,0.0006667023408226669
CS08825,0,7.484622619813308e-05
CS08826,0,0.00037998449988663197
CS08827,0,0.007937993854284286
CS08828,0,0.0002098830882459879
CS08829,1,0.9998313188552856
CS08830,0,0.9775429368019104
CS08831,1,0.9997867941856384
CS08832,0,0.00013135180051904172
CS08833,1,0.00019411317771300673
CS08834,0,0.0002694791473913938
CS08835,0,0.00024536947603337467
CS08836,0,0.00037409563083201647
CS08837,0,0.002714985515922308
CS08838,0,0.2885690927505493
CS08839,0,9.028038766700774e-05
CS08840,1,0.9998028874397278
CS08841,0,0.00037409563083201647
CS08842,0,0.00030534894904121757
CS08843,1,0.9998601675033569
CS08844,0,0.0002531563804950565
CS08845,0,0.00012731103925034404
CS08846,0,0.09009299427270889
CS08847,1,0.9983256459236145
CS08848,0,0.00013135180051904172
CS08849,0,0.0003406293399166316
CS08850,1,0.9981897473335266
CS08851,0,0.00021654405281879008
CS08852,1,0.9996140599250793
CS08853,0,0.0031726828310638666
CS08854,0,0.0002098830882459879
CS08855,0,0.00019716944370884448
CS08856,0,0.00014425987319555134
CS08857,0,0.0006166296661831439
CS08858,1,0.00016346470511052758
CS08859,1,0.9947799444198608
CS08860,0,0.00023782206699252129
CS08861,1,0.037326883524656296
CS08862,0,0.00031503866193816066
CS08863,0,0.00010889690020121634
CS08864,1,0.9998944997787476
CS08865,1,0.873214840888977
CS08866,0,0.0002611903182696551
CS08867,0,0.0014779430348426104
CS08868,0,0.00023413580493070185
CS08869,0,0.009268013760447502
CS08870,0,8.481104305246845e-05
CS08871,0,0.0011335690505802631
CS08872,0,0.002396730938926339
CS08873,0,0.0005792917218059301
CS08874,1,0.9991958737373352
CS08875,1,0.9999097585678101
CS08876,0,0.0026730059180408716
CS08877,1,0.9992678761482239
CS08878,0,0.929951012134552
CS08879,1,0.996292769908905
CS08880,0,0.0002694791473913938
CS08881,0,0.00014425987319555134
CS08882,0,0.00016346470511052758
CS08883,0,0.0005614787223748863
CS08884,1,0.9998260140419006
CS08885,0,0.0003199982747901231
CS08886,0,0.0013458604225888848
CS08887,0,0.0002531563804950565
CS08888,0,0.0033244371879845858
CS08889,1,0.9998557567596436
CS08890,0,0.00030534894904121757
CS08891,1,0.9996373653411865
CS08892,0,7.484622619813308e-05
CS08893,0,0.00037998449988663197
CS08894,0,0.0002098830882459879
CS08895,1,0.0002234163403045386
CS08896,0,0.010818448849022388
CS08897,0,0.19436781108379364
CS08898,1,0.9997867941856384
CS08899,0,0.002714985515922308
CS08900,0,8.481104305246845e-05
CS08901,0,0.00012339458044152707
CS08902,0,0.0022518474142998457
CS08903,0,0.023870835080742836
CS08904,0,9.915272676153108e-05
CS08905,1,0.9990302324295044
CS08906,0,7.031184213701636e-05
CS08907,1,0.999868631362915
CS08908,0,9.314593626186252e-05
CS08909,0,0.004681821912527084
CS08910,0,0.0012255674228072166
CS08911,0,0.35868993401527405
CS08912,0,0.9980121850967407
CS08913,0,0.9820137619972229
CS08914,0,0.8349459171295166
CS08915,0,0.005301894620060921
CS08916,0,0.0012065897462889552
CS08917,1,0.026155618950724602
CS08918,0,0.0006361912819556892
CS08919,0,0.7541915774345398
CS08920,0,0.0010005044750869274
CS08921,0,6.014151585986838e-05
CS08922,0,0.00010889690020121634
CS08923,0,0.0001795279822545126
CS08924,0,0.0004512106243055314
CS08925,1,0.02843603305518627
CS08926,0,0.00016346470511052758
CS08928,0,0.0012065897462889552
CS08929,0,0.0003459916333667934
CS08930,0,0.000656372809316963
CS08931,0,0.0009399439441040158
CS08932,0,5.3075080359121785e-05
CS08933,0,0.9324532747268677
CS08934,0,0.0009110512328334153
CS08935,0,0.0005357805639505386
CS08936,0,0.00019110433640889823
CS08937,1,0.9995487332344055
CS08938,0,0.0005703156348317862
CS08939,0,0.00020342698553577065
CS08940,1,0.5906500816345215
CS08941,0,0.0007208380266092718
CS08942,0,0.00045831294846720994
CS08943,1,0.8679338097572327
CS08944,1,0.9998766183853149
CS08945,1,0.999931812286377
CS08946,0,0.0002234163403045386
CS08947,0,0.1561049073934555
CS08948,1,0.9695556163787842
CS08949,1,0.07004895806312561
CS08950,0,0.00029595711384899914
CS08951,1,0.9996140599250793
CS08952,0,0.00014883847325108945
CS08953,0,0.00016346470511052758
CS08954,0,0.0007096704212017357
CS08955,0,0.00040448151412419975
CS08956,0,0.0002780309587251395
CS08958,0,0.00037998449988663197
CS08959,0,0.00045831294846720994
CS08960,1,0.9998944997787476
CS08961,0,0.0004512106243055314
CS08962,0,9.314593626186252e-05
CS08963,0,8.750300185056403e-05
CS08964,0,0.03649376332759857
CS08965,0,0.0002234163403045386
CS08966,1,0.9997219443321228
CS08967,1,0.9998313188552856
CS08968,0,0.006797531619668007
CS08969,0,0.05460060387849808
CS08970,0,0.00016865275392774493
CS08971,0,0.9997262358665466
CS08972,0,0.000656372809316963
CS08973,1,0.9998511075973511
CS08974,0,0.9947799444198608
CS08975,0,0.0002780309587251395
CS08976,0,0.00015843621804378927
CS08977,0,0.00021654405281879008
CS08978,0,0.0010484692174941301
CS08979,0,0.0007321813027374446
CS08980,0,0.00021995336282998323
CS08981,0,0.00016346470511052758
CS08982,0,0.00023050671734381467
CS08983,0,0.00015356238873209804
CS08984,0,0.00016865275392774493
CS08985,1,0.9999251365661621
CS08986,0,0.00011591933434829116
CS08987,0,0.0006986756343394518
CS08988,0,0.00017400544311385602
CS08989,0,0.0002868540759664029
CS08990,0,0.00013552079326473176
CS08991,0,0.00037409563083201647
CS08992,0,0.6909762620925903
CS08993,0,0.00036829791497439146
CS08994,0,0.00016865275392774493
CS08995,0,0.0001398220774717629
CS08996,0,0.0005976693355478346
CS08997,0,0.00029595711384899914
CS08998,1,0.9998804330825806
CS08999,0,0.00030061634606681764
CS09000,0,7.254361116793007e-05
CS09001,1,0.9994296431541443
CS09002,0,0.0004442183708306402
CS09003,1,0.9539660811424255
CS09004,0,0.00037409563083201647
CS09005,0,0.0017007224960252643
CS09006,1,0.8670357465744019
CS09007,0,0.00030061634606681764
CS09008,0,0.00018522574100643396
CS09009,0,0.005911069456487894
CS09010,1,0.027376487851142883
CS09011,0,0.005469274241477251
CS09012,0,6.814871449023485e-05
CS09013,0,9.028038766700774e-05
CS09014,1,0.9695556163787842
CS09015,0,0.00010229986219201237
CS09016,0,9.314593626186252e-05
CS09017,0,0.00025714197545312345
CS09018,0,0.0006166296661831439
CS09019,0,0.0003250358859077096
CS09020,0,0.00014883847325108945
CS09021,0,0.0003406293399166316
CS09022,1,0.9998977184295654
CS09023,0,0.0009697519708424807
CS09024,0,0.00021654405281879008
CS09025,0,0.00014425987319555134
CS09026,0,6.014151585986838e-05
CS09027,1,0.0024343819823116064
CS09028,0,0.00012731103925034404
CS09029,0,0.00019110433640889823
CS09030,0,0.00036259001353755593
CS09031,0,0.00037409563083201647
CS09032,0,0.00014883847325108945
CS09033,0,0.005384937860071659
CS09034,0,0.00015843621804378927
CS09035,1,0.9998058676719666
CS09036,0,0.00036829791497439146
CS09037,1,0.00955939944833517
CS09038,0,5.829126530443318e-05
CS09039,1,0.0005193048273213208
CS09040,0,0.999438464641571
CS09041,0,0.9818752408027649
CS09042,0,0.00014883847325108945
CS09043,0,0.00012339458044152707
CS09044,1,0.999713122844696
CS09045,1,0.002511463360860944
CS09046,0,0.00013135180051904172
CS09047,0,0.0064882696606218815
CS09048,0,0.9921841025352478
CS09049,0,0.0010649625910446048
CS09050,0,0.0002131875662598759
CS09051,0,0.0002531563804950565
CS09052,0,0.00026530236937105656
CS09053,0,0.0005112579092383385
CS09054,0,0.0008830458391457796
CS09055,0,0.0002492325147613883
CS09056,0,0.005819960031658411
CS09057,0,0.0001795279822545126
CS09058,1,0.6417592167854309
CS09059,1,0.9981897473335266
CS09060,1,0.9998804330825806
CS09061,0,0.002800926798954606
CS09062,0,0.0002492325147613883
CS09063,1,0.766643226146698
CS09064,0,0.0002098830882459879
CS09065,0,0.0006361912819556892
CS09066,0,0.00011235327110625803
CS09067,0,0.0013458604225888848
CS09068,0,7.254361116793007e-05
CS09069,0,0.00042388474685139954
CS09070,0,0.00011959858238697052
CS09071,0,0.009412589482963085
CS09072,0,0.00955939944833517
CS09073,0,0.00030061634606681764
CS09074,0,0.7122321724891663
CS09075,0,0.00010554686014074832
CS09076,0,0.00023782206699252129
CS09077,0,0.0003459916333667934
CS09078,0,0.0007096704212017357
CS09079,0,0.002714985515922308
CS09080,0,0.0006986756343394518
CS09081,0,0.2436424344778061
CS09082,0,0.01640303246676922
CS09083,0,8.481104305246845e-05
CS09084,0,0.06754668802022934
CS09085,1,0.9998766183853149
CS09086,0,9.915272676153108e-05
CS09087,1,0.9999039173126221
CS09088,0,0.007345826830714941
CS09089,0,0.00010229986219201237
CS09090,0,0.0002780309587251395
CS09091,0,0.015189048834145069
CS09092,0,0.4860875904560089
CS09093,0,0.00031503866193816066
CS09094,0,0.0012644219677895308
CS09095,0,0.00027372167096473277
CS09096,1,0.9750121831893921
CS09097,0,0.00016346470511052758
CS09098,1,0.0006771942134946585
CS09099,0,7.722191367065534e-05
CS09100,0,0.0002531563804950565
CS09101,0,0.027169231325387955
CS09102,0,0.00018522574100643396
CS09103,1,7.254361116793007e-05
CS09104,0,0.00039821307291276753
CS09105,1,0.9998875856399536
CS09106,0,0.0004512106243055314
CS09107,0,0.0001398220774717629
CS09108,0,0.0017546144081279635
CS09109,0,0.0008559006382711232
CS09110,0,0.00024536947603337467
CS09111,1,0.043042849749326706
CS09112,0,0.2869679033756256
CS09113,0,0.00015356238873209804
CS09114,0,0.00017400544311385602
CS09115,1,0.8524448275566101
CS09116,0,0.00010889690020121634
CS09117,0,0.0009253848693333566
CS09118,0,0.00013135180051904172
CS09119,0,0.13161905109882355
CS09120,0,0.00016346470511052758
CS09121,0,0.00014425987319555134
CS09122,0,0.00012731103925034404
CS09123,0,0.00016346470511052758
CS09124,0,0.003273064736276865
CS09125,0,0.0002492325147613883
CS09126,0,9.028038766700774e-05
CS09127,0,0.00255091255530715
CS09128,0,5.6497930927434936e-05
CS09129,0,0.00029595711384899914
CS09130,0,0.00015843621804378927
CS09131,0,0.0012255674228072166
CS09132,0,0.9974491000175476
CS09133,0,0.00045831294846720994
CS09134,0,0.00012339458044152707
CS09135,0,0.00024156630388461053
CS09136,0,0.00015843621804378927
CS09137,0,0.0011879054363816977
CS09138,0,0.00016865275392774493
CS09139,0,0.00019110433640889823
CS09140,0,0.00025714197545312345
CS09141,0,0.0005976693355478346
CS09142,0,0.00037409563083201647
CS09143,1,0.9996947050094604
CS09144,0,6.605214002775028e-05
CS09145,1,0.9979810118675232
CS09146,0,7.254361116793007e-05
CS09147,0,9.028038766700774e-05
CS09148,0,0.00019110433640889823
CS09149,1,0.9999203681945801
CS09150,0,0.0012448432389646769
CS09151,0,0.00010554686014074832
CS09152,0,8.750300185056403e-05
CS09153,1,0.999868631362915
CS09154,0,0.00033535013790242374
CS09155,0,0.0010484692174941301
CS09156,1,0.9998726844787598
CS09157,1,0.9618217349052429
CS09158,0,0.0003406293399166316
CS09159,0,0.00011235327110625803
CS09160,0,0.00011591933434829116
CS09161,1,0.0017007224960252643
CS09162,0,0.0002098830882459879
CS09163,0,4.985958366887644e-05
CS09164,0,0.08359067887067795
CS09165,0,0.0010484692174941301
CS09166,1,0.8092759251594543
CS09167,0,0.00013135180051904172
CS09168,0,0.00016346470511052758
CS09169,0,0.0003199982747901231
CS09170,0,0.0007793660624884069
CS09171,0,0.0002611903182696551
CS09172,0,0.0018386653391644359
CS09173,0,5.475977013702504e-05
CS09174,0,0.0006166296661831439
CS09175,0,0.00023050671734381467
CS09176,0,0.00016346470511052758
CS09177,0,0.002714985515922308
CS09178,0,0.00015356238873209804
CS09179,0,0.00016346470511052758
CS09180,0,0.009412589482963085
CS09181,1,0.9990149736404419
CS09182,0,0.0003406293399166316
CS09183,0,0.00012731103925034404
CS09184,0,0.7205649614334106
CS09185,1,0.9995197057723999
CS09186,0,0.00036259001353755593
CS09187,0,9.915272676153108e-05
CS09188,1,0.9998511075973511
CS09189,0,0.00307536986656487
CS09190,0,0.0002098830882459879
CS09191,0,0.06008664891123772
CS09192,0,0.00013135180051904172
CS09193,1,0.8656789064407349
CS09194,0,0.0012255674228072166
CS09195,0,0.00015356238873209804
CS09196,0,0.00026530236937105656
CS09197,1,0.974628746509552
CS09198,0,0.00017400544311385602
CS09199,1,0.8509647250175476
CS09200,0,8.481104305246845e-05
CS09201,0,0.0014325365191325545
CS09202,0,0.00023782206699252129
CS09203,0,0.0005033356137573719
CS09204,0,0.0003250358859077096
CS09205,0,0.0009697519708424807
CS09206,0,0.0004108485300093889
CS09207,0,0.00013135180051904172
CS09208,1,0.9996540546417236
CS09209,0,0.00013135180051904172
CS09210,0,0.00017400544311385602
CS09211,0,0.0012255674228072166
CS09212,0,0.9994022846221924
CS09213,1,0.9998804330825806
CS09214,0,0.00014883847325108945
CS09215,0,0.00020342698553577065
CS09216,0,0.0002824080584105104
CS09217,0,6.014151585986838e-05
CS09218,1,0.9394705891609192
CS09219,0,0.0008295892039313912
CS09220,0,0.00022693387290928513
CS09221,1,0.9981613755226135
CS09222,1,0.0026316740550100803
CS09223,1,0.9997387528419495
CS09224,0,0.06371499598026276
CS09225,0,0.999562680721283
CS09226,0,0.00016346470511052758
CS09227,0,7.967301644384861e-05
CS09228,0,6.814871449023485e-05
CS09229,1,0.9995891451835632
CS09230,0,0.00024156630388461053
CS09231,0,0.00012339458044152707
CS09232,0,0.0034834241960197687
CS09233,0,0.00019110433640889823
CS09234,0,0.00047285447362810373
CS09235,1,0.9937100410461426
CS09236,0,0.0004442183708306402
CS09237,0,0.00019411317771300673
CS09238,0,0.00012339458044152707
CS09239,1,0.004007288720458746
CS09240,1,0.9991440773010254
CS09241,1,0.9998260140419006
CS09242,0,0.0007672925130464137
CS09243,0,7.254361116793007e-05
CS09244,0,0.00030534894904121757
CS09245,0,0.00042388474685139954
CS09246,1,0.9995891451835632
CS09247,0,0.6057990193367004
CS09248,0,0.6542322635650635
CS09249,0,0.0011335690505802631
CS09250,0,0.00023050671734381467
CS09252,0,0.0003514382697176188
CS09253,0,0.00016865275392774493
CS09254,0,0.00033535013790242374
CS09255,1,0.0026730059180408716
CS09256,1,0.9997965693473816
CS09257,0,0.00029137005913071334
CS09258,0,0.00023050671734381467
CS09259,0,9.610241977497935e-05
CS09260,0,0.009268013760447502
CS09261,0,0.0005703156348317862
CS09262,0,0.00017674513219390064
CS09263,1,0.9999008178710938
CS09264,0,0.00017400544311385602
CS09265,0,0.0005976693355478346
CS09266,0,0.00020662981842178851
CS09267,0,0.029760094359517097
CS09268,0,0.00024536947603337467
CS09269,0,5.475977013702504e-05
CS09270,0,0.9326989054679871
CS09271,0,0.00012731103925034404
CS09272,0,0.9996993541717529
CS09273,0,0.0003199982747901231
CS09274,0,0.0002234163403045386
CS09275,0,9.028038766700774e-05
CS09276,1,0.9149009585380554
CS09277,0,0.0002694791473913938
CS09278,0,0.00010229986219201237
CS09279,0,0.00037998449988663197
CS09280,0,0.00037409563083201647
CS09281,0,0.00024536947603337467
CS09282,1,0.8464508652687073
CS09283,0,0.00018814207578543574
CS09284,1,0.9997219443321228
CS09285,0,0.0031726828310638666
CS09286,0,7.031184213701636e-05
CS09287,0,0.00012339458044152707
CS09288,1,0.9998148083686829
CS09289,0,0.00021654405281879008
CS09290,0,0.0006166296661831439
CS09291,0,0.002217013156041503
CS09292,0,0.0004512106243055314
CS09293,1,0.999779999256134
CS09294,1,0.0029349515680223703
CS09295,0,0.0002234163403045386
CS09296,0,0.0003199982747901231
CS09297,0,0.00029595711384899914
CS09298,0,0.0020190139766782522
CS09299,0,0.0004373344127088785
CS09300,0,0.0003250358859077096
CS09301,0,0.018264278769493103
CS09302,0,8.220189192797989e-05
CS09303,0,0.0009850081987679005
CS09304,0,0.00010554686014074832
CS09305,0,0.0001795279822545126
CS09306,0,0.00026530236937105656
CS09307,0,0.0002234163403045386
CS09308,0,9.028038766700774e-05
CS09309,0,0.0018102109897881746
CS09310,1,0.0006771942134946585
CS09311,0,0.00020342698553577065
CS09312,0,0.9984021782875061
CS09313,0,0.00014883847325108945
CS09314,0,0.0006986756343394518
CS09315,0,0.0020190139766782522
CS09316,0,0.001098731067031622
CS09317,0,0.00036259001353755593
CS09318,0,0.00024536947603337467
CS09319,0,7.254361116793007e-05
CS09320,0,0.1352320909500122
CS09321,1,0.9999008178710938
CS09322,0,0.0008559006382711232
CS09323,0,0.9946980476379395
CS09324,0,0.00011959858238697052
CS09325,0,0.0001398220774717629
CS09326,0,0.00016865275392774493
CS09327,0,8.481104305246845e-05
CS09328,0,0.00012339458044152707
CS09329,0,0.00023413580493070185
CS09330,0,0.053009774535894394
CS09331,1,0.999937891960144
CS09332,0,0.0016743993619456887
CS09333,1,0.008445627987384796
CS09334,1,0.987375020980835
CS09335,0,0.7483522891998291
CS09336,0,0.0004442183708306402
CS09337,0,0.00039821307291276753
CS09338,0,9.314593626186252e-05
CS09339,0,0.003027835162356496
CS09340,0,0.00011959858238697052
CS09341,1,0.9990149736404419
CS09342,0,0.0044683837331831455
CS09343,0,0.00012731103925034404
CS09344,0,0.00016346470511052758
CS09345,0,0.00020342698553577065
CS09346,1,0.9959927201271057
CS09347,1,0.002182716503739357
CS09348,0,0.0001795279822545126
CS09349,1,0.9799765348434448
CS09350,0,0.00025714197545312345
CS09351,0,0.0008559006382711232
CS09352,1,0.9992563128471375
CS09353,0,0.00035697061684913933
CS09354,1,0.020645931363105774
CS09355,0,0.7638362646102905
CS09356,0,0.0002098830882459879
CS09357,0,0.0002780309587251395
CS09358,0,0.00015356238873209804
CS09359,0,0.00012339458044152707
CS09360,1,7.031184213701636e-05
CS09361,0,0.0003406293399166316
CS09362,0,0.00047285447362810373
CS09363,0,0.00023050671734381467
CS09364,0,0.00019110433640889823
CS09365,0,9.314593626186252e-05
CS09366,1,0.9997997879981995
CS09367,0,0.00016865275392774493
CS09368,0,0.00014883847325108945
CS09369,0,0.0003199982747901231
CS09370,1,0.9991573095321655
CS09371,1,0.9998089671134949
CS09372,0,0.9962345957756042
CS09373,0,0.0006771942134946585
CS09374,1,0.9998726844787598
CS09375,0,6.014151585986838e-05
CS09376,0,0.00030534894904121757
CS09377,0,0.9959298968315125
CS09378,0,0.00019716944370884448
CS09379,0,0.00031015597051009536
CS09380,1,0.9958011507987976
CS09381,0,0.0018386653391644359
CS09382,0,6.605214002775028e-05
CS09383,0,0.0009253848693333566
CS09384,0,7.484622619813308e-05
CS09385,0,0.014503580518066883
CS09386,0,0.00021654405281879008
CS09387,1,0.26702573895454407
CS09388,0,0.0004955359036102891
CS09389,1,0.0022518474142998457
CS09390,0,0.00021654405281879008
CS09391,0,0.000816738058347255
CS09392,0,0.00014883847325108945
CS09393,1,0.9996750354766846
CS09394,1,0.9032942056655884
CS09395,0,0.0003514382697176188
CS09396,0,0.0003514382697176188
CS09397,0,0.0003406293399166316
CS09398,0,0.0011695101857185364
CS09399,0,9.610241977497935e-05
CS09400,0,7.031184213701636e-05
CS09401,1,0.09982066601514816
CS09402,0,0.00015356238873209804
CS09403,1,0.01374232117086649
CS09404,0,0.00012731103925034404
CS09405,0,0.00013135180051904172
CS09406,1,0.9998557567596436
CS09407,1,0.9566342234611511
CS09408,0,0.00011959858238697052
CS09409,0,0.00023050671734381467
CS09410,0,9.028038766700774e-05
CS09411,0,0.00029595711384899914
CS09412,0,0.030214587226510048
CS09413,0,0.0005274784634821117
CS09414,0,0.0003459916333667934
CS09416,1,0.9830850958824158
CS09417,0,0.7138307690620422
CS09418,0,0.0007554056355729699
CS09419,0,0.0002694791473913938
CS09420,0,5.6497930927434936e-05
CS09421,0,0.0002694791473913938
CS09422,0,0.00037998449988663197
CS09423,0,0.0012843082658946514
CS09424,0,6.814871449023485e-05
CS09425,0,0.0042646341025829315
CS09426,0,0.00016865275392774493
CS09427,0,0.00023782206699252129
CS09428,0,6.605214002775028e-05
CS09429,0,0.00023050671734381467
CS09430,0,4.400118632474914e-05
CS09431,0,0.00031503866193816066
CS09432,0,0.0004955359036102891
CS09433,0,0.00033535013790242374
CS09434,0,6.814871449023485e-05
CS09435,0,0.00010554686014074832
CS09436,0,0.00025714197545312345
CS09437,1,0.999779999256134
CS09438,0,0.00027372167096473277
CS09439,1,0.9999008178710938
CS09440,0,0.00023782206699252129
CS09441,0,0.0002098830882459879
CS09442,0,0.0010005044750869274
CS09443,0,0.0010322310263291001
CS09444,0,0.0003406293399166316
CS09445,0,0.00010889690020121634
CS09446,0,0.00036829791497439146
CS09447,1,0.9722043871879578
CS09448,0,0.00016865275392774493
CS09449,0,4.683888619183563e-05
CS09450,0,0.00035697061684913933
CS09451,0,8.481104305246845e-05
CS09452,0,0.0011160143185406923
CS09453,0,0.00015356238873209804
CS09454,0,0.00010554686014074832
CS09455,1,0.9918121099472046
CS09456,0,0.00019110433640889823
CS09457,1,0.9998840093612671
CS09458,0,0.00037998449988663197
CS09459,0,0.00017400544311385602
CS09460,0,0.9801293015480042
CS09461,0,0.0001398220774717629
CS09462,1,0.011158030480146408
CS09463,0,0.0003859660937450826
CS09464,0,0.00030534894904121757
CS09465,0,0.8074606657028198
CS09466,0,0.00017400544311385602
CS09468,0,7.484622619813308e-05
CS09469,0,0.0002868540759664029
CS09470,0,5.144221358932555e-05
CS09471,0,0.9879462122917175
CS09472,0,0.00021654405281879008
CS09473,0,9.314593626186252e-05
CS09474,1,0.976669192314148
CS09475,0,0.00033535013790242374
CS09476,0,0.999373733997345
CS09477,0,0.001573112327605486
CS09478,0,0.9943581223487854
CS09479,0,0.00010554686014074832
CS09480,0,0.0013670255430042744
CS09481,1,0.9997219443321228
CS09482,0,0.00040448151412419975
CS09483,0,0.0023596605751663446
CS09484,1,0.9532750844955444
CS09485,0,8.220189192797989e-05
CS09486,0,0.00030061634606681764
CS09487,1,0.9998148083686829
CS09488,0,0.00016346470511052758
CS09489,0,0.00023050671734381467
CS09490,0,0.00013135180051904172
CS09491,0,0.0035380860790610313
CS09492,1,0.9998557567596436
CS09493,0,0.0004955359036102891
CS09494,0,0.0003459916333667934
CS09495,0,0.00045831294846720994
CS09496,0,0.0005112579092383385
CS09497,1,0.0004442183708306402
CS09498,0,0.00012339458044152707
CS09499,0,0.00010554686014074832
CS09500,1,0.0004108485300093889
CS09501,0,0.00012731103925034404
CS09502,0,0.00020027377468068153
CS09503,0,0.0005614787223748863
CS09504,0,0.005641908850520849
CS09505,0,9.915272676153108e-05
CS09506,0,0.00023050671734381467
CS09507,0,0.00011235327110625803
CS09508,0,0.0005703156348317862
CS09509,0,0.00026530236937105656
CS09510,0,0.00014883847325108945
CS09511,0,0.00013552079326473176
CS09512,0,0.015189048834145069
CS09513,0,0.00015356238873209804
CS09514,0,0.0001795279822545126
CS09515,0,0.00021995336282998323
CS09516,0,0.0003514382697176188
CS09517,0,0.00017400544311385602
CS09518,1,0.9999125003814697
CS09519,0,6.814871449023485e-05
CS09520,0,0.6246084570884705
CS09521,0,0.00016865275392774493
CS09522,1,0.9991573095321655
CS09523,0,0.0001795279822545126
CS09524,0,0.00030061634606681764
CS09525,0,0.9992563128471375
CS09526,1,0.998848557472229
CS09527,0,0.00011591933434829116
CS09528,0,0.00013135180051904172
CS09529,0,6.205048703122884e-05
CS09530,0,7.031184213701636e-05
CS09531,0,0.000656372809316963
CS09532,1,0.9986955523490906
CS09533,1,0.08756384253501892
CS09534,1,0.9996199607849121
CS09535,0,6.605214002775028e-05
CS09536,0,0.00019110433640889823
CS09537,1,0.0002868540759664029
CS09538,0,4.539786823443137e-05
CS09539,0,0.00016603847325313836
CS09540,0,0.0008040859247557819
CS09541,0,0.005819960031658411
CS09542,0,0.00013135180051904172
CS09543,0,0.00021654405281879008
CS09544,0,0.0004108485300093889
CS09545,0,0.00047285447362810373
CS09546,0,0.00015843621804378927
CS09547,1,0.9999097585678101
CS09548,0,7.722191367065534e-05
CS09549,0,0.0002131875662598759
CS09550,0,0.9984752535820007
CS09551,0,0.00019716944370884448
CS09552,0,5.829126530443318e-05
CS09553,1,0.9998148083686829
CS09554,0,0.00026530236937105656
CS09555,0,0.00024156630388461053
CS09556,1,0.00037409563083201647
CS09557,0,0.00016603847325313836
CS09558,0,0.00031015597051009536
CS09559,0,0.00016346470511052758
CS09560,1,0.9997040629386902
CS09561,1,0.001081715221516788
CS09562,0,0.00047285447362810373
CS09563,0,0.018264278769493103
CS09564,0,0.0001795279822545126
CS09565,0,0.002182716503739357
CS09566,0,0.00021654405281879008
CS09567,0,0.00010889690020121634
CS09568,0,0.9473810195922852
CS09569,1,0.314050555229187
CS09570,0,0.0006667023408226669
CS09571,1,0.9851576089859009
CS09572,0,0.8080672025680542
CS09573,0,0.9987550973892212
CS09574,0,0.0002234163403045386
CS09575,0,0.0004655269149225205
CS09576,0,0.14511536061763763
CS09577,0,0.00012731103925034404
CS09578,0,0.001098731067031622
CS09579,0,0.00035697061684913933
CS09580,0,6.605214002775028e-05
CS09581,0,0.0006166296661831439
CS09582,0,0.0005033356137573719
CS09583,1,0.428352952003479
CS09584,0,0.00010889690020121634
CS09585,1,0.999841570854187
CS09586,0,6.205048703122884e-05
CS09587,1,0.9979810118675232
CS09588,0,0.0002531563804950565
CS09589,0,0.9970190525054932
CS09590,0,0.9651191234588623
CS09591,0,7.254361116793007e-05
CS09592,0,0.00018522574100643396
CS09593,0,0.00019716944370884448
CS09594,1,0.992061972618103
CS09595,0,9.915272676153108e-05
CS09596,1,0.31573596596717834
CS09597,0,0.0009697519708424807
CS09598,0,0.00015356238873209804
CS09599,0,0.00307536986656487
CS09600,1,0.15974104404449463
CS09601,0,0.0002780309587251395
CS09602,0,0.00033535013790242374
CS09603,0,7.484622619813308e-05
CS09604,0,7.254361116793007e-05
CS09605,1,0.766992449760437
CS09606,0,0.00036259001353755593
CS09607,0,8.481104305246845e-05
CS09608,0,0.00013135180051904172
CS09609,0,0.00045831294846720994
CS09610,0,0.00014425987319555134
CS09611,1,0.44673609733581543
CS09612,0,0.00020342698553577065
CS09613,0,0.0001398220774717629
CS09614,0,0.0005112579092383385
CS09615,0,0.00037409563083201647
CS09616,1,0.999841570854187
CS09617,0,0.00012339458044152707
CS09618,0,0.00018814207578543574
CS09619,0,0.00016865275392774493
CS09620,0,0.0007208380266092718
CS09621,0,0.00015356238873209804
CS09622,0,0.00019716944370884448
CS09623,0,0.0013670255430042744
CS09624,0,7.254361116793007e-05
CS09625,1,0.4826729893684387
CS09626,0,0.00018522574100643396
CS09627,0,0.0008559006382711232
CS09628,0,0.9959927201271057
CS09629,1,0.9996373653411865
CS09630,0,0.0012644219677895308
CS09631,0,0.000552778597921133
CS09632,0,0.00019716944370884448
CS09633,0,0.0003301527467556298
CS09634,0,0.00010889690020121634
CS09635,0,0.9991440773010254
CS09636,0,0.0002492325147613883
CS09637,0,0.0006166296661831439
CS09638,1,0.9998601675033569
CS09639,0,0.00015356238873209804
CS09640,0,0.29421496391296387
CS09641,1,0.9995761513710022
CS09642,1,0.999312162399292
CS09643,0,0.00010229986219201237
CS09644,0,0.00030061634606681764
CS09645,0,0.00255091255530715
CS09647,0,0.00011591933434829116
CS09648,0,0.0002694791473913938
CS09649,0,8.750300185056403e-05
CS09650,1,0.9993833303451538
CS09651,0,9.314593626186252e-05
CS09652,0,0.00019110433640889823
CS09653,0,0.00020342698553577065
CS09654,0,0.00010229986219201237
CS09655,1,0.9960545301437378
CS09656,0,0.00023782206699252129
CS09657,1,0.9995761513710022
CS09658,0,0.00015843621804378927
CS09659,0,0.00014425987319555134
CS09660,0,7.484622619813308e-05
CS09661,1,0.003945406526327133
CS09662,0,0.00016865275392774493
CS09663,0,0.00033535013790242374
CS09664,0,0.00247262348420918
CS09665,0,0.0012065897462889552
CS09666,0,0.00011235327110625803
CS09667,0,9.610241977497935e-05
CS09668,0,6.402006692951545e-05
CS09669,0,0.00029595711384899914
CS09670,0,0.0002234163403045386
CS09671,0,0.0002234163403045386
CS09672,0,0.0006166296661831439
CS09673,1,0.00036829791497439146
CS09674,0,0.00019110433640889823
CS09675,1,0.9629528522491455
CS09676,1,0.9998313188552856
CS09677,0,0.9742394685745239
CS09678,0,0.00013552079326473176
CS09679,1,0.0005614787223748863
CS09680,0,0.00023782206699252129
CS09681,0,7.484622619813308e-05
CS09682,1,0.9998766183853149
CS09683,0,0.0001795279822545126
CS09684,1,0.9991958737373352
CS09685,0,0.00040448151412419975
CS09686,1,0.9997730851173401
CS09687,0,0.00015356238873209804
CS09688,1,0.9998464584350586
CS09689,1,0.9998875856399536
CS09690,0,0.0010649625910446048
CS09691,0,0.00014883847325108945
CS09692,0,5.829126530443318e-05
CS09693,1,0.9997346997261047
CS09694,0,0.6083614230155945
CS09695,1,0.9999008178710938
CS09696,1,0.9982725381851196
CS09697,0,7.484622619813308e-05
CS09698,0,0.0033244371879845858
CS09699,0,0.00045831294846720994
CS09700,0,0.0002098830882459879
CS09701,0,0.0014779430348426104
CS09702,0,0.0010162439430132508
CS09703,0,0.00018522574100643396
CS09704,0,0.0001398220774717629
CS09705,1,0.99991774559021
CS09706,0,0.003649987280368805
CS09707,0,0.00015843621804378927
CS09708,0,0.00020342698553577065
CS09709,1,0.9982725381851196
CS09710,0,0.002511463360860944
CS09711,0,0.0004108485300093889
CS09712,0,0.00016346470511052758
CS09713,0,0.00020027377468068153
CS09714,0,8.750300185056403e-05
CS09715,0,0.0002531563804950565
CS09716,0,0.00036259001353755593
CS09717,0,0.00027372167096473277
CS09718,1,0.053403329104185104
CS09719,1,0.9815951585769653
CS09720,0,7.722191367065534e-05
CS09721,1,0.0031236486975103617
CS09722,1,0.0008426423300988972
CS09723,0,0.8526903390884399
CS09724,0,0.0037072529084980488
CS09725,0,0.5733201503753662
CS09726,0,0.9993928670883179
CS09727,1,0.9996699094772339
CS09728,0,0.00014883847325108945
CS09729,0,0.0023231625091284513
CS09730,0,0.0010162439430132508
CS09731,0,0.0064882696606218815
CS09732,0,9.610241977497935e-05
CS09733,0,0.0007321813027374446
CS09734,1,0.9998726844787598
CS09735,0,0.9529258608818054
CS09736,0,9.028038766700774e-05
CS09737,0,0.0003514382697176188
CS09738,0,0.0060035958886146545
CS09739,0,0.9991169571876526
CS09740,1,0.9962345957756042
CS09741,1,0.00030061634606681764
CS09742,0,0.01971912756562233
CS09743,0,0.9936116337776184
CS09744,0,0.0008830458391457796
CS09745,0,0.00016603847325313836
CS09746,0,0.00011235327110625803
CS09747,0,0.0004373344127088785
CS09748,0,0.00019411317771300673
CS09749,1,0.999868631362915
CS09750,0,0.00019716944370884448
CS09751,0,8.220189192797989e-05
CS09752,0,0.0001795279822545126
CS09753,1,0.00912563782185316
CS09754,1,0.9992678761482239
CS09755,0,0.001622966956347227
CS09756,1,0.9983769655227661
CS09757,0,0.00023782206699252129
CS09758,1,0.9998313188552856
CS09759,1,0.0006667023408226669
CS09760,1,0.026155618950724602
CS09761,1,0.9932025074958801
CS09762,0,0.0002868540759664029
CS09763,0,0.00024536947603337467
CS09764,1,0.9985674619674683
CS09765,0,0.00015843621804378927
CS09766,0,0.00030061634606681764
CS09767,1,0.0011695101857185364
CS09768,0,0.0004305570910219103
CS09769,0,0.998848557472229
CS09770,0,0.00026530236937105656
CS09771,1,0.99991774559021
CS09772,0,0.00031015597051009536
CS09773,1,0.5550734996795654
CS09774,0,0.0003459916333667934
CS09775,1,0.011961097829043865
CS09776,0,0.00019716944370884448
CS09777,0,7.722191367065534e-05
CS09778,0,5.6497930927434936e-05
CS09779,0,0.00985985528677702
CS09780,1,0.9996800422668457
CS09781,0,0.0011160143185406923
CS09782,0,0.0009110512328334153
CS09783,0,0.00010229986219201237
CS09784,0,6.402006692951545e-05
CS09785,1,0.052618954330682755
CS09786,0,0.00014425987319555134
CS09787,0,0.0003514382697176188
CS09788,0,0.00019110433640889823
CS09789,0,0.0004512106243055314
CS09790,0,0.0004173157794866711
CS09791,0,0.6372565627098083
CS09792,0,0.0005442132824100554
CS09793,0,0.00040448151412419975
CS09794,0,0.00014425987319555134
CS09795,1,0.9881309270858765
CS09796,0,0.0031236486975103617
CS09797,0,0.0002234163403045386
CS09798,0,5.144221358932555e-05
CS09799,0,5.475977013702504e-05
CS09800,0,0.00015356238873209804
CS09801,0,0.0004512106243055314
CS09802,1,0.9999039173126221
CS09803,1,0.15765489637851715
CS09804,0,0.00307536986656487
CS09805,1,0.9998804330825806
CS09806,0,0.0002694791473913938
CS09807,0,0.00013135180051904172
CS09808,0,0.25720494985580444
CS09809,0,0.0002492325147613883
CS09810,0,0.0001713081874186173
CS09812,0,0.8940516710281372
CS09813,0,0.046378206461668015
CS09814,0,0.00018522574100643396
CS09815,0,0.0004442183708306402
CS09817,0,0.0001795279822545126
CS09818,0,7.967301644384861e-05
CS09819,0,0.0010005044750869274
CS09821,0,0.0025909794494509697
CS09822,0,0.00018522574100643396
CS09823,0,4.985958366887644e-05
CS09824,1,0.9985221028327942
CS09825,0,7.254361116793007e-05
CS09826,0,0.0008559006382711232
CS09827,1,0.999322772026062
CS09828,0,0.00037409563083201647
CS09829,0,0.00029137005913071334
CS09830,0,0.00012339458044152707
CS09831,0,0.0009547316585667431
CS09832,0,8.481104305246845e-05
CS09833,0,0.00039821307291276753
CS09834,1,0.020332353189587593
CS09835,0,0.00014883847325108945
CS09836,0,0.006797531619668007
CS09837,0,0.00010554686014074832
CS09838,0,0.0014325365191325545
CS09839,0,0.0002531563804950565
CS09840,0,0.00013552079326473176
CS09841,1,0.0035380860790610313
CS09842,0,0.0007321813027374446
CS09843,1,0.2443629950284958
CS09844,1,0.9999359846115112
CS09845,1,0.0015487611526623368
CS09846,1,0.002217013156041503
CS09847,1,0.0012065897462889552
CS09848,0,0.22507578134536743
CS09849,0,0.00012339458044152707
CS09850,1,0.9988664388656616
CS09851,0,0.005730246659368277
CS09852,0,0.00016865275392774493
CS09853,1,0.0031726828310638666
CS09854,0,0.999322772026062
CS09855,0,0.00023050671734381467
CS09856,0,0.0003301527467556298
CS09857,0,0.002287227427586913
CS09858,1,0.00024536947603337467
CS09859,0,0.0002531563804950565
CS09860,0,0.00012731103925034404
CS09861,0,0.00027372167096473277
CS09862,0,0.0006986756343394518
CS09863,0,0.00016346470511052758
CS09864,0,0.0005357805639505386
CS09865,0,0.00030534894904121757
CS09866,0,9.314593626186252e-05
CS09867,0,0.0002780309587251395
CS09868,0,0.00045831294846720994
CS09869,0,0.00018814207578543574
CS09870,0,0.00015843621804378927
CS09871,1,0.9929881691932678
CS09872,1,0.961243748664856
CS09873,0,0.00011959858238697052
CS09874,0,0.00024536947603337467
CS09875,0,0.0064882696606218815
CS09876,0,0.00011959858238697052
CS09877,0,0.0017007224960252643
CS09878,1,0.99935382604599
CS09879,0,0.00026530236937105656
CS09880,0,0.00014425987319555134
CS09881,0,0.00016865275392774493
CS09882,1,0.87364661693573
CS09883,0,0.00015356238873209804
CS09884,0,6.205048703122884e-05
CS09885,0,0.00010229986219201237
CS09886,1,0.9986749291419983
CS09887,1,0.0008693674462847412
CS09888,0,0.00042388474685139954
CS09889,0,0.00013135180051904172
CS09890,1,0.999868631362915
CS09891,0,0.0001795279822545126
CS09892,0,0.0002492325147613883
CS09893,1,0.999868631362915
CS09894,0,0.0001398220774717629
CS09895,1,0.004007288720458746
CS09896,0,0.0014325365191325545
CS09897,1,0.9925969839096069
CS09898,1,0.9990302324295044
CS09899,0,0.00024536947603337467
CS09900,0,0.0006070755189284682
CS09901,1,0.9998726844787598
CS09902,0,0.00031015597051009536
CS09903,1,0.0004655269149225205
CS09904,0,0.00023413580493070185
CS09905,0,0.4570155441761017
CS09906,0,0.0005884087877348065
CS09907,0,0.00011591933434829116
CS09908,0,0.001151399570517242
CS09909,0,0.00027372167096473277
CS09910,0,7.484622619813308e-05
CS09911,1,0.002182716503739357
CS09912,0,0.0015978454612195492
CS09913,0,9.610241977497935e-05
CS09914,0,0.07751765847206116
CS09915,0,0.00255091255530715
CS09916,0,0.00016865275392774493
CS09917,1,0.9999039173126221
CS09918,0,0.0006263342220336199
CS09919,0,0.0007672925130464137
CS09920,0,0.00017400544311385602
CS09921,0,0.00012731103925034404
CS09922,1,0.9161096215248108
CS09923,0,0.0002780309587251395
CS09924,0,9.610241977497935e-05
CS09925,0,0.0002098830882459879
CS09926,0,0.0007437028689309955
CS09927,1,0.9988120794296265
CS09928,0,0.0005442132824100554
CS09929,1,0.7927852869033813
CS09930,0,0.00015843621804378927
CS09931,0,8.750300185056403e-05
CS09932,1,0.01678548939526081
CS09933,0,0.00029137005913071334
CS09934,1,0.9898303151130676
CS09935,1,0.0007208380266092718
CS09936,0,0.00011959858238697052
CS09937,0,0.2330075204372406
CS09938,0,0.0001398220774717629
CS09939,0,0.00015843621804378927
CS09940,0,0.00039821307291276753
CS09941,0,0.00017400544311385602
CS09942,1,0.7158214449882507
CS09943,0,0.0006667023408226669
CS09944,1,0.0007208380266092718
CS09945,0,9.028038766700774e-05
CS09946,0,0.008985428139567375
CS09947,0,9.314593626186252e-05
CS09948,1,0.999045193195343
CS09949,0,0.0012843082658946514
CS09950,0,0.0012065897462889552
CS09951,0,0.00019110433640889823
CS09952,0,7.967301644384861e-05
CS09953,1,0.0006771942134946585
CS09954,0,0.00018522574100643396
CS09955,0,0.0006166296661831439
CS09956,0,0.00010554686014074832
CS09957,0,0.0004442183708306402
CS09958,1,0.005819960031658411
CS09959,0,0.00014883847325108945
CS09960,0,0.00017400544311385602
CS09961,0,0.0002098830882459879
CS09962,0,0.0017007224960252643
CS09963,0,0.00018522574100643396
CS09964,0,0.00023782206699252129
CS09965,0,0.00021654405281879008
CS09966,0,0.0007321813027374446
CS09967,0,0.00015356238873209804
CS09968,0,0.5549529194831848
CS09969,0,9.314593626186252e-05
CS09970,0,0.00031015597051009536
CS09971,0,0.0001713081874186173
CS09972,0,0.0034834241960197687
CS09973,0,0.0004878571489825845
CS09974,0,0.00029137005913071334
CS09975,0,0.0014779430348426104
CS09976,0,0.0019267345778644085
CS09977,0,0.0004802972252946347
CS09978,0,0.00023050671734381467
CS09979,0,0.8875949382781982
CS09980,0,0.018833130598068237
CS09981,0,0.9981613755226135
CS09982,0,8.750300185056403e-05
CS09983,1,0.9969245791435242
CS09984,0,0.00010889690020121634
CS09985,0,0.00015843621804378927
CS09986,0,0.9284088015556335
CS09987,0,0.00021654405281879008
CS09988,0,6.205048703122884e-05
CS09989,0,0.024609927088022232
CS09990,0,0.00016865275392774493
CS09991,0,0.0001795279822545126
CS09992,0,0.0007793660624884069
CS09993,0,0.11636175960302353
CS09994,1,0.208823561668396
CS09995,0,0.0002131875662598759
CS09996,0,0.120025634765625
CS09997,1,0.00036829791497439146
CS09998,0,0.00019110433640889823
CS09999,1,0.9996140599250793
CS10000,0,0.0010005044750869274
CS10001,0,0.9441768527030945
CS10002,0,0.0029349515680223703
CS10003,0,0.01615283451974392
CS10004,0,0.001782196224667132
CS10005,0,0.0005033356137573719
CS10006,0,0.0005703156348317862
CS10007,1,0.998793363571167
CS10008,0,0.9877586960792542
CS10009,1,0.8568122982978821
CS10010,0,9.028038766700774e-05
CS10011,0,5.3075080359121785e-05
CS10012,1,0.9990149736404419
CS10013,0,0.00023050671734381467
CS10014,0,0.0002611903182696551
CS10015,0,0.01678548939526081
CS10016,0,0.00013552079326473176
CS10017,0,0.0008040859247557819
CS10018,0,0.9846936464309692
CS10019,0,0.0003406293399166316
CS10020,0,0.0004878571489825845
CS10021,1,0.9996540546417236
CS10022,1,0.4723184108734131
CS10023,0,0.0002531563804950565
CS10024,0,0.0005614787223748863
CS10025,1,0.10557883977890015
CS10026,1,0.9998766183853149
CS10027,1,0.999595582485199
CS10028,0,0.0003514382697176188
CS10029,1,0.9998804330825806
CS10030,0,0.00014883847325108945
CS10031,1,0.006289901677519083
CS10032,0,0.00019716944370884448
CS10033,0,0.00042388474685139954
CS10034,1,0.9995272159576416
CS10035,0,0.00012731103925034404
CS10036,0,0.00020662981842178851
CS10037,1,0.9992678761482239
CS10038,0,0.00020027377468068153
CS10039,1,0.6583351492881775
CS10040,0,0.00020662981842178851
CS10041,0,8.750300185056403e-05
CS10042,0,0.0007208380266092718
CS10043,0,0.24508501589298248
CS10044,0,7.031184213701636e-05
CS10045,1,0.00013135180051904172
CS10046,0,0.00014425987319555134
CS10047,0,0.0027576221618801355
CS10048,0,0.00023050671734381467
CS10049,0,0.0001795279822545126
CS10050,1,0.9998804330825806
CS10051,0,7.484622619813308e-05
CS10052,0,7.722191367065534e-05
CS10053,0,0.005301894620060921
CS10054,0,0.00011412239109631628
CS10055,1,0.9994725584983826
CS10056,0,0.0002098830882459879
CS10057,1,0.9991832375526428
CS10058,0,0.0001795279822545126
CS10059,1,0.9993928670883179
CS10060,1,0.0005442132824100554
CS10061,0,0.00015356238873209804
CS10062,0,0.00015356238873209804
CS10063,0,0.00010889690020121634
CS10064,0,0.3073580265045166
CS10065,1,0.00047285447362810373
CS10066,0,0.9957352876663208
CS10067,0,7.722191367065534e-05
CS10068,0,0.0002234163403045386
CS10069,1,0.998217761516571
CS10070,0,0.000552778597921133
CS10071,0,0.0008295892039313912
CS10072,0,7.722191367065534e-05
CS10073,1,0.0013250223128125072
CS10074,1,0.9998464584350586
CS10075,0,0.0010005044750869274
CS10076,1,0.17272929847240448
CS10077,0,0.0002611903182696551
CS10078,1,0.002714985515922308
CS10079,0,0.0004878571489825845
CS10080,1,0.9974491000175476
CS10081,0,0.7921428084373474
CS10082,1,0.9998118281364441
CS10083,0,0.0031726828310638666
CS10084,0,0.00255091255530715
CS10085,0,0.00019411317771300673
CS10086,0,7.722191367065534e-05
CS10087,0,0.00026530236937105656
CS10088,0,0.00012731103925034404
CS10089,0,0.6039317846298218
CS10090,1,0.9998804330825806
CS10091,0,0.00033535013790242374
CS10092,0,0.0002824080584105104
CS10093,0,0.0005442132824100554
CS10094,1,0.9998313188552856
CS10095,0,0.0005703156348317862
CS10096,0,0.00023050671734381467
CS10097,0,0.00018522574100643396
CS10098,1,0.9912885427474976
CS10099,0,0.0032224843744188547
CS10100,0,6.814871449023485e-05
CS10101,1,0.9993928670883179
CS10102,0,0.008847354911267757
CS10103,0,0.0005884087877348065
CS10104,1,0.9997175335884094
CS10105,0,0.00011235327110625803
CS10106,0,7.722191367065534e-05
CS10107,0,0.00011591933434829116
CS10108,1,0.9998840093612671
CS10109,0,0.00011959858238697052
CS10110,0,0.00036829791497439146
CS10111,0,0.00039821307291276753
CS10112,1,0.012241275049746037
CS10113,1,0.9997584223747253
CS10114,0,0.815232515335083
CS10115,0,0.0026316740550100803
CS10116,1,0.9826908707618713
CS10117,0,0.00012339458044152707
CS10118,1,0.9998028874397278
CS10119,0,0.0008559006382711232
CS10120,0,0.00011591933434829116
CS10121,0,0.00021654405281879008
CS10122,0,8.220189192797989e-05
CS10123,1,0.9997765421867371
CS10124,0,0.00019716944370884448
CS10125,1,0.00013135180051904172
CS10126,0,0.00026530236937105656
CS10127,0,0.00010889690020121634
CS10128,0,0.0002780309587251395
CS10129,0,0.9740425944328308
CS10130,0,0.00019716944370884448
CS10131,1,0.9968273043632507
CS10132,0,7.967301644384861e-05
CS10133,0,0.0064882696606218815
CS10134,0,8.481104305246845e-05
CS10135,0,0.00040448151412419975
CS10136,0,0.0003250358859077096
CS10137,0,0.07004895806312561
CS10138,0,9.610241977497935e-05
CS10139,0,9.610241977497935e-05
CS10140,0,0.0003301527467556298
CS10141,1,0.9983256459236145
CS10142,1,0.9995891451835632
CS10143,0,0.00018814207578543574
CS10144,0,8.220189192797989e-05
CS10145,0,0.001573112327605486
CS10146,0,0.00031503866193816066
CS10147,0,4.400118632474914e-05
CS10148,0,0.0002531563804950565
CS10149,0,0.00019110433640889823
CS10150,0,0.002889581024646759
CS10151,0,0.3832949697971344
CS10152,0,0.0007096704212017357
CS10153,0,0.9994207620620728
CS10154,0,0.00037998449988663197
CS10155,0,0.00036259001353755593
CS10156,0,0.0002492325147613883
CS10157,0,0.0005703156348317862
CS10158,0,0.00011591933434829116
CS10159,0,0.0008559006382711232
CS10160,1,0.9998944997787476
CS10161,1,0.9998365640640259
CS10162,0,0.00013135180051904172
CS10163,0,0.00047285447362810373
CS10164,0,9.915272676153108e-05
CS10165,1,0.06560483574867249
CS10166,1,0.9947799444198608
CS10167,0,0.009196552447974682
CS10168,0,0.25832599401474
CS10169,0,0.00012339458044152707
CS10170,0,0.006797531619668007
CS10171,0,0.0006166296661831439
CS10172,1,0.9912885427474976
CS10173,0,7.031184213701636e-05
CS10174,1,0.0004955359036102891
CS10175,0,0.00018522574100643396
CS10176,0,0.0001795279822545126
CS10177,0,0.16184943914413452
CS10178,0,0.00014883847325108945
CS10179,0,0.0005274784634821117
CS10180,0,0.9757624268531799
CS10181,1,0.0035380860790610313
CS10182,0,0.0003301527467556298
CS10183,0,0.0007916296599432826
CS10184,1,0.9983256459236145
CS10185,0,0.0008295892039313912
CS10186,0,0.002082970691844821
CS10187,1,0.9997965693473816
CS10189,0,0.000816738058347255
CS10190,0,6.014151585986838e-05
CS10191,0,0.05033063143491745
CS10192,0,0.0015011822106316686
CS10193,1,0.9999274015426636
CS10194,0,0.00014425987319555134
CS10195,0,0.00014883847325108945
CS10196,0,0.00014425987319555134
CS10197,0,0.8910549879074097
CS10198,0,0.9196425676345825
CS10199,0,0.00015843621804378927
CS10200,1,0.9999125003814697
CS10201,0,7.254361116793007e-05
CS10202,0,4.832564081880264e-05
CS10203,0,0.00040448151412419975
CS10204,0,0.00011591933434829116
CS10205,1,0.9998910427093506
CS10206,1,0.999779999256134
CS10207,0,7.031184213701636e-05
CS10208,1,0.9940890073776245
CS10209,0,0.00010554686014074832
CS10210,0,0.00018522574100643396
CS10211,0,6.814871449023485e-05
CS10212,0,6.205048703122884e-05
CS10213,0,0.00013135180051904172
CS10214,0,0.2677909731864929
CS10215,0,0.00017400544311385602
CS10216,0,0.053403329104185104
CS10217,0,0.001987774157896638
CS10218,0,0.00021654405281879008
CS10219,0,5.829126530443318e-05
CS10220,1,0.0018386653391644359
CS10221,0,7.031184213701636e-05
CS10222,1,0.9998339414596558
CS10223,0,0.0001398220774717629
CS10224,0,0.0004802972252946347
CS10225,0,0.00010889690020121634
CS10226,0,0.0003250358859077096
CS10227,0,0.0004173157794866711
CS10228,0,0.0002531563804950565
CS10229,0,0.005220125894993544
CS10230,0,0.00012339458044152707
CS10231,0,0.00023782206699252129
CS10232,1,0.9959298968315125
CS10233,0,0.00023413580493070185
CS10234,0,0.00014883847325108945
CS10235,0,0.0012065897462889552
CS10236,1,0.9953904151916504
CS10237,0,0.00017400544311385602
CS10238,0,0.00019110433640889823
CS10239,0,0.00021654405281879008
CS10240,0,0.0015978454612195492
CS10241,0,5.3075080359121785e-05
CS10242,0,0.0003406293399166316
CS10243,0,0.0002492325147613883
CS10244,1,0.9988664388656616
CS10245,0,0.2436424344778061
CS10246,0,7.484622619813308e-05
CS10247,0,0.0018102109897881746
CS10248,0,0.9193534255027771
CS10249,0,8.481104305246845e-05
CS10250,0,0.05460060387849808
CS10251,0,0.001524786464869976
CS10252,1,0.01640303246676922
CS10253,1,0.9988664388656616
CS10254,0,0.00018814207578543574
CS10255,1,0.9997765421867371
CS10256,0,0.0002098830882459879
CS10257,0,0.00026530236937105656
CS10258,1,0.0005884087877348065
CS10259,0,0.00013552079326473176
CS10260,1,0.9998148083686829
CS10261,0,0.00019716944370884448
CS10262,0,0.0002824080584105104
CS10263,0,0.0012448432389646769
CS10264,0,0.0011335690505802631
CS10265,1,0.999562680721283
CS10266,0,0.0029810331761837006
CS10267,0,0.9948603510856628
CS10268,0,8.481104305246845e-05
CS10269,0,0.00042388474685139954
CS10270,0,0.9989836812019348
CS10271,0,0.00020342698553577065
CS10272,0,0.9811668992042542
CS10273,0,0.00014425987319555134
CS10274,0,0.0006667023408226669
CS10275,0,0.00020662981842178851
CS10276,0,6.205048703122884e-05
CS10277,0,0.00014425987319555134
CS10278,0,0.00018522574100643396
CS10279,1,0.9997933506965637
CS10280,0,0.008061991073191166
CS10281,0,0.00013135180051904172
CS10282,0,0.6460136771202087
CS10283,1,0.9997305274009705
CS10284,1,0.9998726844787598
CS10285,0,4.985958366887644e-05
CS10286,1,0.9999227523803711
CS10287,0,0.00023413580493070185
CS10288,0,0.06052938848733902
CS10289,0,0.0014103584690019488
CS10290,1,0.06804042309522629
CS10291,0,0.0009697519708424807
CS10292,0,0.0002098830882459879
CS10293,0,6.205048703122884e-05
CS10294,1,0.9998910427093506
CS10295,0,0.00012339458044152707
CS10296,0,9.610241977497935e-05
CS10297,0,9.314593626186252e-05
CS10298,0,0.028007522225379944
CS10299,0,0.0004802972252946347
CS10300,0,0.00020342698553577065
CS10301,0,0.0003459916333667934
CS10302,1,0.9289263486862183
CS10303,0,0.0006263342220336199
CS10304,0,7.967301644384861e-05
CS10305,0,0.0008040859247557819
CS10306,0,0.0002868540759664029
CS10307,0,0.00010229986219201237
CS10308,0,7.967301644384861e-05
CS10309,0,0.001987774157896638
CS10310,1,0.9995891451835632
CS10311,0,0.0005274784634821117
CS10312,0,4.985958366887644e-05
CS10313,1,0.0832919329404831
CS10314,0,0.0005884087877348065
CS10315,0,0.0022518474142998457
CS10316,0,0.0008830458391457796
CS10317,0,0.00036829791497439146
CS10318,0,0.00023050671734381467
CS10319,1,0.9984269142150879
CS10320,0,0.00021654405281879008
CS10321,1,0.018264278769493103
CS10322,0,6.014151585986838e-05
CS10323,0,6.605214002775028e-05
CS10324,0,7.967301644384861e-05
CS10325,1,0.0013250223128125072
CS10326,0,8.220189192797989e-05
CS10327,0,0.0012843082658946514
CS10328,1,0.9985449314117432
CS10329,0,0.00021654405281879008
CS10330,0,0.00011235327110625803
CS10331,0,0.00024536947603337467
CS10332,0,0.00024536947603337467
CS10333,0,9.028038766700774e-05
CS10334,1,0.999208390712738
CS10335,0,0.0003514382697176188
CS10336,0,0.0003514382697176188
CS10337,0,0.00013135180051904172
CS10338,0,0.9989012479782104
CS10339,1,0.00025714197545312345
CS10340,0,0.00024536947603337467
CS10341,0,0.00010554686014074832
CS10342,1,0.9998804330825806
CS10343,0,0.0014779430348426104
CS10344,0,0.00014883847325108945
CS10345,0,0.0001795279822545126
CS10346,0,0.00172745855525136
CS10347,1,0.0009110512328334153
CS10348,0,0.00017400544311385602
CS10349,0,0.00015356238873209804
CS10350,0,0.0001795279822545126
CS10351,0,0.00023050671734381467
CS10352,0,0.0005274784634821117
CS10353,0,7.031184213701636e-05
CS10354,1,0.014728613197803497
CS10355,0,0.0003199982747901231
CS10356,0,0.00010889690020121634
CS10357,0,0.003376612439751625
CS10358,1,0.9999125003814697
CS10359,0,0.0005614787223748863
CS10360,0,0.00017400544311385602
CS10361,0,0.00017674513219390064
CS10362,0,0.0003406293399166316
CS10363,0,0.00018522574100643396
CS10364,0,0.0028449094388633966
CS10365,1,0.999555766582489
CS10366,0,0.05108273774385452
CS10367,1,0.999841570854187
CS10368,0,0.0004442183708306402
CS10369,0,0.00033535013790242374
CS10370,0,9.915272676153108e-05
CS10371,1,0.1540575623512268
CS10372,0,0.0004305570910219103
CS10373,0,0.0001398220774717629
CS10374,1,0.040237944573163986
CS10375,0,0.0012255674228072166
CS10376,0,7.967301644384861e-05
CS10377,0,0.996292769908905
CS10378,1,0.0016743993619456887
CS10379,1,0.9970190525054932
CS10380,0,0.0008040859247557819
CS10381,0,0.0007096704212017357
CS10382,0,0.00016865275392774493
CS10383,0,0.0002234163403045386
CS10384,0,0.00035697061684913933
CS10385,0,0.00033535013790242374
CS10386,1,0.03185885772109032
CS10387,1,0.9998944997787476
CS10388,0,0.00018522574100643396
CS10389,1,0.9999068975448608
CS10390,0,0.00014883847325108945
CS10391,0,0.00017400544311385602
CS10392,0,0.0005976693355478346
CS10393,0,6.402006692951545e-05
CS10394,0,0.00016865275392774493
CS10395,1,0.9998726844787598
CS10396,0,0.00970847625285387
CS10397,0,0.013020489364862442
CS10398,0,5.6497930927434936e-05
CS10399,0,0.00040448151412419975
CS10400,0,4.683888619183563e-05
CS10401,1,0.999045193195343
CS10402,0,0.0008426423300988972
CS10403,1,0.9833430051803589
CS10404,0,0.9252300262451172
CS10405,1,0.0018969199154525995
CS10406,0,0.00019110433640889823
CS10407,1,0.01912403665482998
CS10409,0,0.0003406293399166316
CS10410,0,0.00042388474685139954
CS10411,0,0.0011879054363816977
CS10412,0,0.00012731103925034404
CS10413,1,0.00045831294846720994
CS10414,0,8.481104305246845e-05
CS10415,1,0.9991169571876526
CS10416,0,0.0004512106243055314
CS10417,0,0.007695647422224283
CS10418,1,0.9998058676719666
CS10419,1,0.999595582485199
CS10420,0,0.00039821307291276753
CS10421,0,7.967301644384861e-05
CS10422,0,0.001098731067031622
CS10423,0,0.0005357805639505386
CS10424,0,0.9994471669197083
CS10425,0,0.0038844768423587084
CS10426,0,0.00015843621804378927
CS10427,0,0.00214894930832088
CS10428,1,0.2312668114900589
CS10429,0,0.0005442132824100554
CS10430,0,0.0007321813027374446
CS10431,0,0.0003459916333667934
CS10432,0,0.0004512106243055314
CS10433,1,0.9995487332344055
CS10434,0,0.2704561650753021
CS10435,0,0.0003250358859077096
CS10436,0,0.9879462122917175
CS10437,0,0.00010229986219201237
CS10438,0,0.00037409563083201647
CS10439,0,0.0014325365191325545
CS10440,1,0.9997658133506775
CS10441,0,0.00029137005913071334
CS10442,0,6.402006692951545e-05
CS10444,0,0.00024156630388461053
CS10445,0,0.0010649625910446048
CS10446,0,0.0006462032906711102
CS10447,1,0.9993928670883179
CS10448,1,0.9998804330825806
CS10449,0,8.220189192797989e-05
CS10450,0,0.0003514382697176188
CS10451,0,0.00015843621804378927
CS10452,0,0.0009697519708424807
CS10453,0,0.00010889690020121634
CS10454,0,0.00039821307291276753
CS10455,0,0.0004442183708306402
CS10456,0,7.967301644384861e-05
CS10457,0,0.00010229986219201237
CS10458,1,0.8991213440895081
CS10459,0,0.00023413580493070185
CS10460,0,0.0003920417802873999
CS10461,0,0.00030061634606681764
CS10462,1,0.999868631362915
CS10463,0,0.00023782206699252129
CS10464,0,7.254361116793007e-05
CS10465,0,0.06233103945851326
CS10466,0,5.829126530443318e-05
CS10467,0,0.002217013156041503
CS10468,0,0.00019110433640889823
CS10469,1,0.998498797416687
CS10470,0,0.00016346470511052758
CS10471,0,0.0012448432389646769
CS10472,0,0.002182716503739357
CS10473,0,0.9890130758285522
CS10474,1,0.9998766183853149
CS10475,0,0.00042388474685139954
CS10476,0,0.0012448432389646769
CS10477,0,0.00012339458044152707
CS10478,1,0.999208390712738
CS10479,1,0.0008426423300988972
CS10480,0,0.0002694791473913938
CS10481,0,0.0005614787223748863
CS10482,0,0.00017400544311385602
CS10483,0,0.0011879054363816977
CS10484,0,0.00031503866193816066
CS10487,0,0.00030061634606681764
CS10488,0,0.0005792917218059301
CS10489,0,0.00019110433640889823
CS10490,0,0.0001398220774717629
CS10491,0,9.028038766700774e-05
CS10492,0,8.750300185056403e-05
CS10493,0,0.00011235327110625803
CS10494,0,0.0006166296661831439
CS10495,0,9.915272676153108e-05
CS10496,1,0.9997997879981995
CS10497,0,0.00024536947603337467
CS10498,1,0.9998840093612671
CS10499,0,0.00019716944370884448
CS10500,0,0.00014883847325108945
CS10502,1,0.9999203681945801
CS10503,0,0.00014883847325108945
CS10504,0,8.220189192797989e-05
CS10505,0,0.26664361357688904
CS10506,0,0.00019716944370884448
CS10507,0,0.0001398220774717629
CS10508,0,0.00024536947603337467
CS10509,1,0.9999203681945801
CS10510,0,0.00019716944370884448
CS10511,1,0.999868631362915
CS10512,1,0.9941800832748413
CS10513,0,7.967301644384861e-05
CS10514,0,0.00021654405281879008
CS10515,1,0.001304506789892912
CS10516,0,0.0005112579092383385
CS10517,0,0.9968763589859009
CS10518,0,0.00970847625285387
CS10519,1,0.9983769655227661
CS10520,0,0.00024536947603337467
CS10521,1,0.9998910427093506
CS10522,0,0.0007793660624884069
CS10523,0,0.0006361912819556892
CS10524,0,0.00019716944370884448
CS10525,0,0.00030061634606681764
CS10526,0,0.00014425987319555134
CS10527,0,0.0006166296661831439
CS10528,0,0.0005033356137573719
CS10529,1,0.9999227523803711
CS10530,0,0.00036259001353755593
CS10531,0,0.00014425987319555134
CS10532,0,0.00047285447362810373
CS10533,0,0.0008830458391457796
CS10534,0,0.00014425987319555134
CS10535,0,0.0011160143185406923
CS10536,0,0.0007208380266092718
CS10537,0,0.0001795279822545126
CS10538,0,0.000552778597921133
CS10539,0,0.00013552079326473176
CS10540,0,0.0006667023408226669
CS10541,0,4.985958366887644e-05
CS10542,1,0.999868631362915
CS10543,0,0.0011335690505802631
CS10544,0,0.000656372809316963
CS10545,0,0.0003301527467556298
CS10546,0,5.3075080359121785e-05
CS10547,0,0.00021654405281879008
CS10548,0,0.9012274742126465
CS10549,0,0.00035697061684913933
CS10550,0,0.00014883847325108945
CS10551,0,8.750300185056403e-05
CS10552,0,0.0005976693355478346
CS10553,0,0.00019110433640889823
CS10554,0,0.00012339458044152707
CS10555,0,0.00040448151412419975
CS10556,0,0.0006986756343394518
CS10557,0,0.0002824080584105104
CS10558,1,0.9997867941856384
CS10559,0,0.00023050671734381467
CS10560,0,9.915272676153108e-05
CS10561,1,0.0008969393675215542
CS10562,1,0.9936116337776184
CS10563,1,0.999931812286377
CS10564,0,0.0006667023408226669
CS10565,0,0.00013552079326473176
CS10566,0,0.00022693387290928513
CS10567,0,0.9990890026092529
CS10568,0,0.0018969199154525995
CS10569,0,0.00016865275392774493
CS10570,0,0.0001795279822545126
CS10571,1,0.9982725381851196
CS10572,0,0.0002611903182696551
CS10573,1,0.9998977184295654
CS10574,1,0.00019716944370884448
CS10575,0,0.00025714197545312345
CS10576,0,0.00030061634606681764
CS10577,1,0.9960545301437378
CS10578,0,0.00016346470511052758
CS10579,0,0.00023782206699252129
CS10580,0,6.814871449023485e-05
CS10582,0,0.00014883847325108945
CS10583,1,0.9939024448394775
CS10584,0,8.750300185056403e-05
CS10585,0,0.7839058041572571
CS10586,1,0.9998766183853149
CS10587,0,0.0002492325147613883
CS10588,0,0.0004173157794866711
CS10589,1,0.9994557499885559
CS10590,0,0.00020662981842178851
CS10591,0,0.00023050671734381467
CS10592,0,0.0007437028689309955
CS10593,0,0.00024536947603337467
CS10594,1,0.9981324076652527
CS10595,0,0.00020342698553577065
CS10597,1,0.9998557567596436
CS10598,0,0.002396730938926339
CS10599,0,0.003945406526327133
CS10600,0,0.00039821307291276753
CS10601,0,0.00029595711384899914
CS10602,1,0.9998557567596436
CS10603,1,0.9996800422668457
CS10604,0,0.0008426423300988972
CS10605,0,0.00018522574100643396
CS10606,0,0.00020342698553577065
CS10607,0,0.00029595711384899914
CS10608,0,0.00011591933434829116
CS10609,0,0.0005033356137573719
CS10610,0,0.00047285447362810373
CS10611,0,6.605214002775028e-05
CS10612,0,0.0022518474142998457
CS10613,0,0.0003199982747901231
CS10614,1,0.9997867941856384
CS10615,0,0.00033535013790242374
CS10616,0,6.605214002775028e-05
CS10617,0,0.0003199982747901231
CS10618,0,0.0014103584690019488
CS10619,1,0.9991440773010254
CS10620,0,0.00011959858238697052
CS10621,1,0.9939963817596436
CS10622,1,0.9997695088386536
CS10623,0,0.00014425987319555134
CS10624,0,0.001304506789892912
CS10625,0,7.967301644384861e-05
CS10626,0,8.220189192797989e-05
CS10627,0,0.010902373120188713
CS10628,0,0.9793540239334106
CS10629,0,0.001098731067031622
CS10630,0,0.0005357805639505386
CS10631,0,0.00014653131074737757
CS10632,1,0.9995121955871582
CS10633,0,0.0002868540759664029
CS10634,0,0.00026530236937105656
CS10635,1,0.019419347867369652
CS10636,0,0.0011335690505802631
CS10637,0,0.00019716944370884448
CS10638,0,0.0003250358859077096
CS10639,0,0.0002694791473913938
CS10640,0,0.0006361912819556892
CS10641,0,0.001622966956347227
CS10642,0,0.00010889690020121634
CS10643,0,0.00030061634606681764
CS10644,1,0.9998644590377808
CS10645,0,0.0002611903182696551
CS10646,0,0.9996993541717529
CS10647,0,0.00011959858238697052
CS10648,0,0.9936116337776184
CS10649,1,0.9996429681777954
CS10650,0,0.00011235327110625803
CS10651,0,0.00010889690020121634
CS10652,0,0.0009399439441040158
CS10653,0,0.002396730938926339
CS10654,0,0.0010322310263291001
CS10655,0,0.00021654405281879008
CS10656,0,9.610241977497935e-05
CS10657,0,0.00023050671734381467
CS10658,0,0.00012731103925034404
CS10659,1,0.9996800422668457
CS10660,0,0.0004305570910219103
CS10661,0,0.00024536947603337467
CS10662,0,0.03185885772109032
CS10663,0,0.0006986756343394518
CS10664,1,0.02843603305518627
CS10665,0,0.9998313188552856
CS10666,0,0.0001795279822545126
CS10667,0,7.484622619813308e-05
CS10668,0,0.9984021782875061
CS10669,0,6.814871449023485e-05
CS10670,0,0.00037409563083201647
CS10671,0,0.0007916296599432826
CS10672,0,0.00020342698553577065
CS10673,1,0.999220609664917
CS10674,0,0.00027372167096473277
CS10675,1,0.999762237071991
CS10676,0,0.00031503866193816066
CS10677,0,0.0003920417802873999
CS10678,0,0.0002098830882459879
CS10679,0,4.832564081880264e-05
CS10680,0,0.00011591933434829116
CS10682,0,7.484622619813308e-05
CS10683,0,0.0002098830882459879
CS10684,0,9.610241977497935e-05
CS10685,1,0.9998176693916321
CS10686,0,0.0015487611526623368
CS10687,0,0.017309093847870827
CS10688,0,0.00020662981842178851
CS10689,0,0.00035697061684913933
CS10690,0,0.00013135180051904172
CS10691,0,0.0006462032906711102
CS10692,0,6.605214002775028e-05
CS10693,1,0.048496004194021225
CS10694,1,0.9997658133506775
CS10695,1,0.9992678761482239
CS10696,0,0.0007321813027374446
CS10697,1,0.9998766183853149
CS10698,0,0.0009110512328334153
CS10699,1,0.014281935058534145
CS10700,0,0.00029137005913071334
CS10701,0,0.0002694791473913938
CS10702,0,8.481104305246845e-05
CS10703,0,0.00020662981842178851
CS10704,0,0.00031503866193816066
CS10705,1,0.9999125003814697
CS10706,0,0.00029137005913071334
CS10708,1,0.18359361588954926
CS10709,1,0.9992563128471375
CS10710,0,6.014151585986838e-05
CS10711,1,0.9334307909011841
CS10712,0,7.967301644384861e-05
CS10713,0,0.000552778597921133
CS10714,0,0.022977370768785477
CS10715,0,0.00016346470511052758
CS10716,0,0.0008693674462847412
CS10717,1,0.0002234163403045386
CS10718,1,0.9961155652999878
CS10719,0,0.0005112579092383385
CS10720,0,0.0001398220774717629
CS10721,0,0.004007288720458746
CS10722,1,0.00030534894904121757
CS10723,0,0.0004802972252946347
CS10724,0,6.014151585986838e-05
CS10725,0,0.0018386653391644359
CS10726,1,0.9987550973892212
CS10727,0,0.0005033356137573719
CS10728,0,0.00010889690020121634
CS10729,0,0.0002098830882459879
CS10730,0,0.00011959858238697052
CS10731,0,0.00020662981842178851
CS10732,0,0.00013135180051904172
CS10733,1,0.9995487332344055
CS10734,1,0.7420480251312256
CS10736,0,0.00214894930832088
CS10737,0,6.014151585986838e-05
CS10738,0,0.0003859660937450826
CS10739,1,0.9399133324623108
CS10740,0,0.00027372167096473277
CS10741,0,9.915272676153108e-05
CS10742,0,0.0002492325147613883
CS10743,0,0.0627892017364502
CS10744,1,0.9985674619674683
CS10745,0,0.00014883847325108945
CS10746,1,0.00014883847325108945
CS10747,0,0.0006166296661831439
CS10748,0,0.0014103584690019488
CS10749,0,0.00015356238873209804
CS10750,1,0.2443629950284958
CS10751,1,0.007815888151526451
CS10752,0,0.005220125894993544
CS10753,0,9.314593626186252e-05
CS10754,0,0.00011959858238697052
CS10755,0,0.0011879054363816977
CS10756,1,0.9881309270858765
CS10757,0,0.00016865275392774493
CS10758,0,9.028038766700774e-05
CS10759,0,0.00014425987319555134
CS10760,1,0.03308597952127457
CS10761,0,0.0032224843744188547
CS10762,0,0.019870715215802193
CS10763,0,0.00024156630388461053
CS10764,1,0.9999251365661621
CS10765,0,0.0042646341025829315
CS10767,0,0.9979810118675232
CS10768,0,0.024423088878393173
CS10769,0,0.00019110433640889823
CS10770,0,0.00042388474685139954
CS10771,1,0.9992792010307312
CS10772,0,0.00010554686014074832
CS10773,0,0.0009850081987679005
CS10774,0,0.002287227427586913
CS10775,0,0.0005976693355478346
CS10776,0,0.014063626527786255
CS10777,0,0.00010229986219201237
CS10778,1,0.9995487332344055
CS10779,0,0.00014425987319555134
CS10780,0,0.00026530236937105656
CS10781,0,9.314593626186252e-05
CS10782,0,0.005554925184696913
CS10783,0,0.0023596605751663446
CS10784,0,0.00012731103925034404
CS10785,1,0.9990600943565369
CS10786,0,0.15304215252399445
CS10787,1,0.9996646642684937
CS10788,0,0.00013552079326473176
CS10789,0,0.0005274784634821117
CS10790,0,0.0005884087877348065
CS10791,1,0.999713122844696
CS10792,0,9.610241977497935e-05
CS10793,1,0.999841570854187
CS10794,0,9.610241977497935e-05
CS10795,0,9.314593626186252e-05
CS10796,0,0.00040448151412419975
CS10797,0,0.00020342698553577065
CS10798,0,0.0007437028689309955
CS10799,0,0.00013552079326473176
CS10800,0,0.00036259001353755593
CS10801,0,0.00036259001353755593
CS10802,0,0.007232763804495335
CS10803,0,0.0003250358859077096
CS10804,0,6.814871449023485e-05
CS10805,0,0.00033535013790242374
CS10806,0,0.0002098830882459879
CS10807,0,0.00024536947603337467
CS10808,0,0.0003301527467556298
CS10809,0,0.00015356238873209804
CS10810,0,0.9950177073478699
CS10811,0,0.0002694791473913938
CS10812,0,0.00018522574100643396
CS10813,0,0.0008426423300988972
CS10814,0,0.0008559006382711232
CS10815,0,0.00018522574100643396
CS10816,0,0.00024536947603337467
CS10817,0,7.484622619813308e-05
CS10818,0,8.481104305246845e-05
CS10819,1,0.9994022846221924
CS10820,0,0.00017400544311385602
CS10821,0,0.0005112579092383385
CS10822,0,7.967301644384861e-05
CS10823,1,0.1250653862953186
CS10824,0,0.00015356238873209804
CS10825,0,0.0012065897462889552
CS10826,1,0.027169231325387955
CS10827,1,0.00039821307291276753
CS10828,1,0.004755199886858463
CS10829,0,0.002115703420713544
CS10830,0,0.00012731103925034404
CS10831,0,9.610241977497935e-05
CS10832,0,0.00029137005913071334
CS10833,0,0.00023050671734381467
CS10834,0,0.08210662752389908
CS10835,0,0.00016865275392774493
CS10836,1,0.9989836812019348
CS10837,1,0.9997765421867371
CS10838,1,0.003649987280368805
CS10839,0,0.00019716944370884448
CS10840,1,0.9991573095321655
CS10841,1,0.9998766183853149
CS10842,0,0.0003250358859077096
CS10843,0,0.0012843082658946514
CS10844,0,8.750300185056403e-05
CS10845,0,0.0016484829830005765
CS10846,0,7.484622619813308e-05
CS10847,1,0.9998804330825806
CS10848,0,8.481104305246845e-05
CS10849,0,0.0008426423300988972
CS10850,0,0.0003406293399166316
CS10851,1,0.9999125003814697
CS10852,1,0.9881309270858765
CS10853,0,0.00019110433640889823
CS10854,1,0.9998726844787598
CS10855,0,0.3904758393764496
CS10856,0,0.0005703156348317862
CS10857,0,4.985958366887644e-05
CS10858,0,0.004755199886858463
CS10859,0,0.001524786464869976
CS10860,0,0.0007437028689309955
CS10861,0,0.00017400544311385602
CS10862,0,0.9998148083686829
CS10863,1,0.999931812286377
CS10864,0,0.00021654405281879008
CS10865,0,0.0006771942134946585
CS10866,0,5.3075080359121785e-05
CS10867,0,0.0003406293399166316
CS10868,1,0.9998804330825806
CS10869,0,0.0006462032906711102
CS10870,0,0.0024343819823116064
CS10871,0,0.0004512106243055314
CS10872,0,0.0018969199154525995
CS10873,0,0.00010889690020121634
CS10874,0,0.02931223064661026
CS10875,0,0.00016865275392774493
CS10876,0,0.00015356238873209804
CS10877,0,0.0003250358859077096
CS10878,0,8.220189192797989e-05
CS10879,0,0.00247262348420918
CS10880,0,7.484622619813308e-05
CS10881,0,0.00027372167096473277
CS10882,0,0.00013552079326473176
CS10883,1,0.9998286962509155
CS10884,0,0.0012448432389646769
CS10885,0,0.0001823546044761315
CS10886,0,7.484622619813308e-05
CS10887,0,0.00031015597051009536
CS10888,0,0.00030061634606681764
CS10889,0,0.00010554686014074832
CS10890,1,0.0004305570910219103
CS10891,0,0.0007554056355729699
CS10892,0,0.0005614787223748863
CS10893,1,0.0035380860790610313
CS10894,0,0.08122774958610535
CS10895,0,0.0002531563804950565
CS10896,0,0.00029595711384899914
CS10897,0,0.00036259001353755593
CS10898,1,0.9928786158561707
CS10899,0,0.00018522574100643396
CS10900,1,0.9990302324295044
CS10901,0,0.0010484692174941301
CS10902,1,0.9918121099472046
CS10903,0,0.00016865275392774493
CS10904,0,0.0019570167642086744
CS10905,0,0.00011591933434829116
CS10906,1,0.00012731103925034404
CS10907,0,7.254361116793007e-05
CS10908,0,0.0002694791473913938
CS10909,0,0.0037654137704521418
CS10910,1,0.9998464584350586
CS10911,0,0.00010554686014074832
CS10912,0,0.00019110433640889823
CS10913,0,0.00019110433640889823
CS10914,0,0.0005193048273213208
CS10915,0,0.004681821912527084
CS10916,0,0.0008693674462847412
CS10917,0,0.004198795184493065
CS10918,0,0.00019411317771300673
CS10919,1,0.00037998449988663197
CS10920,0,0.00013135180051904172
CS10921,0,0.00035697061684913933
CS10922,0,6.402006692951545e-05
CS10923,1,0.0005792917218059301
CS10924,0,0.0014103584690019488
CS10925,0,0.0027576221618801355
CS10926,1,0.9997546076774597
CS10927,0,0.0007437028689309955
CS10928,1,0.9999039173126221
CS10929,0,0.00024536947603337467
CS10930,0,0.0002531563804950565
CS10931,0,9.610241977497935e-05
CS10932,1,0.9997965693473816
CS10934,0,0.00013135180051904172
CS10935,0,0.0010322310263291001
CS10936,0,0.0004373344127088785
CS10937,0,5.3075080359121785e-05
CS10938,0,0.00010554686014074832
CS10939,0,0.00015843621804378927
CS10940,0,8.481104305246845e-05
CS10941,0,0.00016346470511052758
CS10942,0,6.205048703122884e-05
CS10943,0,0.0007208380266092718
CS10944,0,0.0001398220774717629
CS10945,0,0.005384937860071659
CS10946,1,0.9998557567596436
CS10947,0,8.750300185056403e-05
CS10948,0,0.00014883847325108945
CS10949,0,0.00036829791497439146
CS10950,0,0.0012448432389646769
CS10951,0,0.00015356238873209804
CS10952,0,0.0002234163403045386
CS10953,0,0.00016865275392774493
CS10954,0,6.205048703122884e-05
CS10955,0,0.0004108485300093889
CS10956,0,0.00017400544311385602
CS10957,0,0.00023413580493070185
CS10958,0,0.00013552079326473176
CS10959,0,0.0011879054363816977
CS10960,0,0.00019716944370884448
CS10961,0,0.0005193048273213208
CS10962,0,0.00013552079326473176
CS10963,1,0.9998365640640259
CS10964,0,0.00016865275392774493
CS10965,1,0.9997584223747253
CS10966,0,0.0009547316585667431
CS10967,1,0.0015011822106316686
CS10968,0,0.00014425987319555134
CS10969,0,0.0037072529084980488
CS10970,0,0.0003301527467556298
CS10971,0,0.0001795279822545126
CS10972,0,0.5903069376945496
CS10973,0,0.00033535013790242374
CS10974,0,0.00020027377468068153
CS10975,1,0.9998726844787598
CS10976,1,0.8303191661834717
CS10977,1,0.9995827078819275
CS10978,0,0.00031503866193816066
CS10979,0,0.017176708206534386
CS10980,0,0.00016346470511052758
CS10981,1,0.00029595711384899914
CS10982,0,0.00011235327110625803
CS10983,1,0.0005703156348317862
CS10984,0,0.0023231625091284513
CS10985,0,0.0007208380266092718
CS10986,0,0.0005703156348317862
CS10987,0,0.00013552079326473176
CS10988,0,0.003649987280368805
CS10989,0,0.00016603847325313836
CS10990,1,0.999841570854187
CS10991,0,0.9987157583236694
CS10992,0,0.00016346470511052758
CS10993,0,0.00247262348420918
CS10994,0,0.00024536947603337467
CS10995,1,0.9998745918273926
CS10996,0,0.00023782206699252129
CS10997,0,0.00013135180051904172
CS10998,0,0.0002780309587251395
CS10999,0,0.010818448849022388
CS11000,0,0.0003301527467556298
CS11001,1,0.9883127808570862
CS11002,1,0.26170814037323
CS11003,0,0.9979169964790344
CS11004,0,6.402006692951545e-05
CS11005,0,0.00025714197545312345
CS11006,0,0.0010322310263291001
CS11007,1,0.9984752535820007
CS11008,0,0.37273353338241577
CS11009,0,0.00015843621804378927
CS11010,0,0.0009253848693333566
CS11011,0,0.0005703156348317862
CS11012,0,0.00019411317771300673
CS11013,0,0.00023782206699252129
CS11014,0,0.00016865275392774493
CS11015,1,0.04177388176321983
CS11016,0,0.00015356238873209804
CS11017,0,0.007636216469109058
CS11018,0,0.00016865275392774493
CS11019,0,0.00020027377468068153
CS11020,0,0.00033535013790242374
CS11021,0,0.00029595711384899914
CS11022,0,5.829126530443318e-05
CS11023,1,0.9995891451835632
CS11024,0,0.0002131875662598759
CS11025,0,0.0001398220774717629
CS11027,0,0.00011591933434829116
CS11028,1,0.0017546144081279635
CS11029,0,0.007815888151526451
CS11030,0,0.0007096704212017357
CS11031,0,0.00013135180051904172
CS11032,0,9.915272676153108e-05
CS11033,0,0.00012731103925034404
CS11034,0,5.6497930927434936e-05
CS11035,0,8.220189192797989e-05
CS11036,0,0.0004955359036102891
CS11037,0,0.0008830458391457796
CS11038,0,6.402006692951545e-05
CS11039,0,0.00012731103925034404
CS11040,0,0.0002531563804950565
CS11041,0,0.7789857983589172
CS11042,0,0.00014883847325108945
CS11043,0,0.0013885231455788016
CS11044,0,0.0005614787223748863
CS11045,0,0.00020342698553577065
CS11046,0,0.002217013156041503
CS11047,0,0.0002611903182696551
CS11048,0,0.0005442132824100554
CS11049,0,4.832564081880264e-05
CS11050,0,0.0005884087877348065
CS11051,0,0.00011235327110625803
CS11052,0,0.0003514382697176188
CS11053,1,0.9936116337776184
CS11054,0,0.0001795279822545126
CS11055,0,0.0011335690505802631
CS11056,0,0.00016346470511052758
CS11058,1,0.9998623132705688
CS11059,0,0.00011235327110625803
CS11060,0,0.00024536947603337467
CS11061,0,8.220189192797989e-05
CS11062,0,0.00045831294846720994
CS11063,1,0.9926542043685913
CS11064,0,9.610241977497935e-05
CS11065,0,0.00039821307291276753
CS11066,0,0.00040448151412419975
CS11067,0,0.00011959858238697052
CS11069,1,0.9998365640640259
CS11070,0,0.0002234163403045386
CS11071,1,0.8149381279945374
CS11072,0,7.031184213701636e-05
CS11073,0,0.00019716944370884448
CS11074,0,0.48681947588920593
CS11075,0,0.00029137005913071334
CS11076,0,0.00015843621804378927
CS11077,0,8.220189192797989e-05
CS11078,0,0.0002531563804950565
CS11079,0,0.00027372167096473277
CS11080,0,0.004982269834727049
CS11081,1,0.9926542043685913
CS11082,1,0.999438464641571
CS11083,0,0.00015843621804378927
CS11084,1,0.9989182949066162
CS11085,0,0.0002780309587251395
CS11086,0,0.020964240655303
CS11087,0,0.0004655269149225205
CS11088,0,0.1672186702489853
CS11089,0,0.00021654405281879008
CS11090,0,0.0005442132824100554
CS11091,1,0.907967209815979
CS11092,0,0.0009850081987679005
CS11093,0,0.0010005044750869274
CS11094,0,6.014151585986838e-05
CS11095,0,0.0001795279822545126
CS11096,0,0.0005792917218059301
CS11097,0,0.0004955359036102891
CS11098,1,0.9998977184295654
CS11099,1,0.9982993006706238
CS11101,0,0.0003301527467556298
CS11102,0,0.0008693674462847412
CS11103,0,5.6497930927434936e-05
CS11104,0,0.003273064736276865
CS11105,0,0.0001398220774717629
CS11106,1,0.0004802972252946347
CS11107,0,0.00018522574100643396
CS11108,0,0.0001795279822545126
CS11109,0,0.001151399570517242
CS11110,0,7.484622619813308e-05
CS11111,0,0.0003250358859077096
CS11112,0,0.00020342698553577065
CS11113,1,0.020332353189587593
CS11114,0,9.028038766700774e-05
CS11115,0,0.0002234163403045386
CS11116,0,0.00018522574100643396
CS11117,1,0.16830943524837494
CS11118,0,0.0013885231455788016
CS11119,0,0.0033244371879845858
CS11120,1,0.9998260140419006
CS11121,0,0.00023782206699252129
CS11122,0,0.00015843621804378927
CS11123,0,0.0446808747947216
CS11124,1,0.999868631362915
CS11125,0,0.0019267345778644085
CS11126,0,0.0002824080584105104
CS11127,0,0.00011959858238697052
CS11128,1,0.012241275049746037
CS11129,0,0.00010229986219201237
CS11130,0,0.00042388474685139954
CS11131,0,0.0001795279822545126
CS11132,0,0.0002868540759664029
CS11133,0,0.06779313832521439
CS11134,0,0.00015843621804378927
CS11135,0,8.750300185056403e-05
CS11136,0,7.254361116793007e-05
CS11137,0,0.00040448151412419975
CS11138,0,0.0012255674228072166
CS11139,1,0.9984021782875061
CS11140,0,0.00014425987319555134
CS11141,0,7.031184213701636e-05
CS11142,1,0.048136770725250244
CS11143,0,0.11436852067708969
CS11144,1,0.9998601675033569
CS11145,1,0.9991958737373352
CS11146,0,0.0002098830882459879
CS11147,0,0.00023050671734381467
CS11148,0,0.00019110433640889823
CS11149,0,0.0005703156348317862
CS11150,0,0.00015356238873209804
CS11151,0,0.0010322310263291001
CS11152,0,0.0002868540759664029
CS11153,1,0.0014550628839060664
CS11154,0,0.00015843621804378927
CS11155,0,8.220189192797989e-05
CS11156,0,0.0044683837331831455
CS11157,1,0.9996947050094604
CS11158,1,0.9997933506965637
CS11159,0,0.0001398220774717629
CS11160,1,0.00039821307291276753
CS11161,0,0.7213507890701294
CS11162,1,0.9704646468162537
CS11163,0,0.006797531619668007
CS11164,1,0.9998534917831421
CS11165,1,0.0012644219677895308
CS11166,0,0.00023413580493070185
CS11167,0,0.0003301527467556298
CS11168,0,6.402006692951545e-05
CS11169,0,0.00021654405281879008
CS11170,1,0.9999068975448608
CS11171,1,0.999373733997345
CS11172,0,0.0008295892039313912
CS11173,0,0.9929881691932678
CS11174,0,5.6497930927434936e-05
CS11175,1,0.9998875856399536
CS11176,1,0.998793363571167
CS11177,0,0.0005193048273213208
CS11178,0,0.0010484692174941301
CS11179,0,0.001304506789892912
CS11180,1,0.9998205304145813
CS11181,1,0.00012339458044152707
CS11182,1,0.007460643537342548
CS11183,0,0.00017400544311385602
CS11184,0,0.00010229986219201237
CS11185,0,0.00023782206699252129
CS11186,1,0.0029349515680223703
CS11187,0,0.00012339458044152707
CS11188,0,0.00029137005913071334
CS11189,0,5.475977013702504e-05
CS11190,1,0.9995197057723999
CS11191,0,0.00016346470511052758
CS11192,1,0.0031236486975103617
CS11193,1,0.9999227523803711
CS11194,0,0.0002098830882459879
CS11195,1,0.9998875856399536
CS11196,1,0.9997040629386902
CS11197,0,0.0005884087877348065
CS11198,1,0.5178147554397583
CS11199,0,0.0003859660937450826
CS11200,0,0.00015356238873209804
CS11201,1,0.9994887113571167
CS11202,0,0.000656372809316963
CS11203,0,6.605214002775028e-05
CS11204,0,0.00014883847325108945
CS11205,0,0.9102267622947693
CS11206,1,0.0016743993619456887
CS11207,0,0.00018522574100643396
CS11208,0,0.0008969393675215542
CS11209,0,0.00012731103925034404
CS11210,0,6.014151585986838e-05
CS11211,0,0.00019110433640889823
CS11212,0,0.0013250223128125072
CS11213,0,0.0002234163403045386
CS11214,0,0.00016346470511052758
CS11215,1,0.028870906680822372
CS11216,0,6.814871449023485e-05
CS11217,0,0.0002531563804950565
CS11218,0,0.0029349515680223703
CS11219,0,0.0014779430348426104
CS11220,0,0.0005442132824100554
CS11221,0,0.00015843621804378927
CS11222,1,0.031618766486644745
CS11223,0,0.00016865275392774493
CS11224,1,0.45429059863090515
CS11225,0,0.0009547316585667431
CS11226,0,0.1527891606092453
CS11227,0,0.0004878571489825845
CS11228,1,0.9910145401954651
CS11229,0,7.722191367065534e-05
CS11230,0,0.00019716944370884448
CS11231,0,0.00011959858238697052
CS11232,1,0.002182716503739357
CS11233,1,0.9997730851173401
CS11234,0,7.484622619813308e-05
CS11235,1,0.9549844264984131
CS11236,0,0.00021654405281879008
CS11237,0,0.0005703156348317862
CS11238,0,0.9858275651931763
CS11239,0,0.00029595711384899914
CS11240,0,0.0023596605751663446
CS11241,0,9.314593626186252e-05
CS11242,0,0.0003199982747901231
CS11243,1,0.9998644590377808
CS11244,0,0.0009697519708424807
CS11245,0,0.0006667023408226669
CS11246,1,0.9998977184295654
CS11247,1,0.9998766183853149
CS11248,0,0.0002611903182696551
CS11249,0,0.00985985528677702
CS11250,0,0.00019110433640889823
CS11251,0,0.00019110433640889823
CS11252,0,0.0002234163403045386
CS11253,0,0.004399413242936134
CS11254,1,0.021948253735899925
CS11255,1,0.0031236486975103617
CS11256,0,0.00016346470511052758
CS11257,1,0.9984269142150879
CS11258,0,0.0001795279822545126
CS11259,0,0.00010554686014074832
CS11260,0,0.0004108485300093889
CS11261,0,0.0006070755189284682
CS11262,1,0.001573112327605486
CS11263,0,0.0061929901130497456
CS11264,0,0.00010889690020121634
CS11265,0,0.00027372167096473277
CS11266,1,0.9940890073776245
CS11267,1,0.9974884986877441
CS11268,0,0.0023231625091284513
CS11269,0,0.00019716944370884448
CS11270,0,0.00025714197545312345
CS11271,0,0.00011959858238697052
CS11272,1,0.9984021782875061
CS11273,1,0.9998766183853149
CS11274,0,0.00020342698553577065
CS11275,0,0.00021654405281879008
CS11276,1,0.9986541271209717
CS11277,0,0.00011959858238697052
CS11278,0,6.814871449023485e-05
CS11279,0,0.00014883847325108945
CS11280,0,0.974821150302887
CS11281,1,0.9588471055030823
CS11282,0,8.220189192797989e-05
CS11283,1,0.9997262358665466
CS11284,0,0.0001795279822545126
CS11285,0,0.00035697061684913933
CS11286,1,0.9998726844787598
CS11287,0,0.00011591933434829116
CS11288,0,0.0008040859247557819
CS11289,0,0.0009399439441040158
CS11290,0,0.00014883847325108945
CS11291,0,7.254361116793007e-05
CS11292,1,0.9998028874397278
CS11293,0,0.0014550628839060664
CS11294,0,0.0002531563804950565
CS11295,0,0.0004512106243055314
CS11296,0,0.0002611903182696551
CS11297,0,0.0009547316585667431
CS11298,0,0.9944451451301575
CS11299,0,0.00019110433640889823
CS11300,1,0.4222663640975952
CS11301,0,0.022457053884863853
CS11302,0,0.00011591933434829116
CS11303,0,9.610241977497935e-05
CS11304,0,0.0013250223128125072
CS11305,1,0.00021654405281879008
CS11306,1,0.9998804330825806
CS11307,0,0.0002694791473913938
CS11308,0,4.539786823443137e-05
CS11309,0,0.043691061437129974
CS11310,0,0.0004305570910219103
CS11311,0,0.00015843621804378927
CS11312,0,0.004755199886858463
CS11313,0,0.0004108485300093889
CS11314,0,0.00013135180051904172
CS11315,0,0.00029595711384899914
CS11316,1,0.0004305570910219103
CS11317,1,0.9959298968315125
CS11318,1,0.9998804330825806
CS11319,0,0.004331502132117748
CS11320,1,0.9996993541717529
CS11321,0,0.00017400544311385602
CS11322,0,0.00019110433640889823
CS11323,0,0.0002824080584105104
CS11324,0,0.0009110512328334153
CS11325,0,0.00042388474685139954
CS11326,0,0.0009850081987679005
CS11327,1,0.9606574773788452
CS11328,1,0.9984752535820007
CS11329,1,0.0004108485300093889
CS11330,0,0.0004878571489825845
CS11331,0,0.00021654405281879008
CS11332,1,0.9998511075973511
CS11333,0,0.00011959858238697052
CS11334,0,0.00020342698553577065
CS11335,0,0.00018814207578543574
CS11336,0,0.0002531563804950565
CS11337,0,0.9289263486862183
CS11338,0,0.0026316740550100803
CS11339,0,0.00027372167096473277
CS11340,0,0.002396730938926339
CS11341,1,9.610241977497935e-05
CS11342,0,0.0002780309587251395
CS11343,0,0.0005357805639505386
CS11344,0,0.00035697061684913933
CS11345,0,0.00030061634606681764
CS11346,0,0.00014425987319555134
CS11347,0,0.00018522574100643396
CS11348,0,9.610241977497935e-05
CS11349,1,0.1650540828704834
CS11350,0,0.0004373344127088785
CS11351,1,0.011158030480146408
CS11352,0,0.0013458604225888848
CS11353,0,0.0006263342220336199
CS11354,0,0.0012255674228072166
CS11355,1,0.0427221953868866
CS11356,0,0.0001398220774717629
CS11357,0,0.0001511819864390418
CS11358,1,0.9998089671134949
CS11359,0,0.930962085723877
CS11360,0,0.00016346470511052758
CS11361,0,0.0008830458391457796
CS11362,0,0.00023782206699252129
CS11363,0,0.00023050671734381467
CS11364,0,0.0001398220774717629
CS11365,1,0.13432104885578156
CS11366,1,0.9998726844787598
CS11367,0,0.001151399570517242
CS11368,0,0.0002098830882459879
CS11369,0,0.039048291742801666
CS11370,0,0.24006123840808868
CS11371,0,0.00013552079326473176
CS11372,0,0.00026530236937105656
CS11373,0,0.007695647422224283
CS11374,0,0.00015356238873209804
CS11375,0,0.00011591933434829116
CS11376,1,0.7405498027801514
CS11377,0,0.001151399570517242
CS11378,0,0.00013135180051904172
CS11379,0,0.00037998449988663197
CS11380,0,0.002182716503739357
CS11381,1,0.9994296431541443
CS11382,0,0.00011235327110625803
CS11383,0,0.00010554686014074832
CS11384,1,0.0042646341025829315
CS11385,0,9.028038766700774e-05
CS11386,1,0.9989677667617798
CS11387,1,0.9876639246940613
CS11388,0,0.014503580518066883
CS11389,0,0.025760559365153313
CS11390,0,0.00017400544311385602
CS11391,1,0.9996259212493896
CS11392,0,0.0004512106243055314
CS11393,0,0.00019110433640889823
CS11394,0,0.0003406293399166316
CS11395,0,0.00023413580493070185
CS11396,0,0.06052938848733902
CS11397,0,0.0007321813027374446
CS11398,0,0.00015843621804378927
CS11399,0,4.832564081880264e-05
CS11400,0,7.484622619813308e-05
CS11401,0,0.00010554686014074832
CS11402,1,0.9801293015480042
CS11403,0,0.0010162439430132508
CS11404,0,0.00017400544311385602
CS11405,0,0.0002098830882459879
CS11406,0,0.00016865275392774493
CS11407,0,0.0001398220774717629
CS11408,0,0.00017400544311385602
CS11409,0,0.002287227427586913
CS11410,0,0.00035697061684913933
CS11411,1,0.999555766582489
CS11412,0,8.220189192797989e-05
CS11413,0,0.0012255674228072166
CS11414,0,0.0003199982747901231
CS11415,0,0.0001795279822545126
CS11416,0,0.0003406293399166316
CS11417,0,8.481104305246845e-05
CS11418,0,0.00014425987319555134
CS11419,0,0.00023413580493070185
CS11420,1,0.9997546076774597
CS11421,1,0.9919379353523254
CS11422,0,0.00029137005913071334
CS11423,0,0.0006361912819556892
CS11424,1,0.9985674619674683
CS11425,0,0.0005976693355478346
CS11426,0,0.0007916296599432826
CS11427,0,0.05707139894366264
CS11428,1,0.9998601675033569
CS11429,0,0.03993731737136841
CS11430,0,0.001987774157896638
CS11431,0,0.00019110433640889823
CS11432,0,0.0009253848693333566
CS11433,1,0.9998028874397278
CS11434,0,0.00013135180051904172
CS11435,0,0.00010889690020121634
CS11436,0,0.0005442132824100554
CS11437,1,0.9996429681777954
CS11438,0,0.034100428223609924
CS11439,1,0.9992327690124512
CS11440,0,8.220189192797989e-05
CS11441,0,0.00019716944370884448
CS11442,0,7.484622619813308e-05
CS11443,0,0.004007288720458746
CS11444,0,7.484622619813308e-05
CS11445,0,0.0002492325147613883
CS11446,0,9.915272676153108e-05
CS11447,0,0.0007321813027374446
CS11448,0,0.000552778597921133
CS11449,1,0.9591543078422546
CS11450,0,0.00011591933434829116
CS11451,0,0.00014883847325108945
CS11452,1,0.00985985528677702
CS11453,0,0.00019110433640889823
CS11454,0,0.00013135180051904172
CS11455,0,0.00019716944370884448
CS11456,0,0.0004655269149225205
CS11457,1,0.9757624268531799
CS11458,0,8.750300185056403e-05
CS11459,0,0.00047285447362810373
CS11460,0,0.00010554686014074832
CS11461,0,0.0010649625910446048
CS11462,0,0.00027372167096473277
CS11463,0,7.722191367065534e-05
CS11464,1,0.0003920417802873999
CS11465,0,0.0008295892039313912
CS11466,1,0.9987550973892212
CS11467,0,0.0005274784634821117
CS11468,0,0.00023050671734381467
CS11469,0,0.0003459916333667934
CS11470,0,0.0007793660624884069
CS11471,0,0.0026316740550100803
CS11472,0,0.0007554056355729699
CS11473,0,0.0008969393675215542
CS11474,1,0.42751622200012207
CS11475,0,0.0002098830882459879
CS11476,0,0.00042388474685139954
CS11477,0,0.00042388474685139954
CS11478,0,0.17497345805168152
CS11479,1,0.5982828736305237
CS11480,0,0.00047285447362810373
CS11481,1,0.9997085928916931
CS11482,0,0.0006361912819556892
CS11483,0,0.0002531563804950565
CS11484,0,0.38093167543411255
CS11485,0,0.03649376332759857
CS11486,0,0.00019110433640889823
CS11487,0,0.041152890771627426
CS11488,0,0.00037998449988663197
CS11489,0,0.00023782206699252129
CS11490,1,0.9995761513710022
CS11491,0,0.00024156630388461053
CS11492,0,0.0003406293399166316
CS11493,1,0.027376487851142883
CS11494,0,0.00026530236937105656
CS11495,0,0.0002492325147613883
CS11496,0,0.003027835162356496
CS11497,1,0.9956005811691284
CS11498,1,0.9845753908157349
CS11499,0,7.967301644384861e-05
CS11500,0,0.0006166296661831439
CS11501,0,0.00026530236937105656
CS11502,1,0.8316905498504639
CS11503,0,0.00015843621804378927
CS11504,0,0.00017400544311385602
CS11505,0,0.0007793660624884069
CS11506,0,0.00017400544311385602
CS11507,0,0.0002531563804950565
CS11508,0,0.0002694791473913938
CS11509,0,0.00030534894904121757
CS11510,0,0.00015843621804378927
CS11511,0,0.00023782206699252129
CS11512,0,0.00014425987319555134
CS11513,0,4.539786823443137e-05
CS11514,1,0.9985674619674683
CS11515,1,0.9826908707618713
CS11516,0,0.0003301527467556298
CS11517,1,0.9998313188552856
CS11518,0,0.9934101700782776
CS11519,0,7.254361116793007e-05
CS11520,0,0.7833262085914612
CS11521,0,0.0002234163403045386
CS11522,1,0.999841570854187
CS11523,0,0.930962085723877
CS11524,1,0.999779999256134
CS11525,0,0.0001398220774717629
CS11526,0,0.00035697061684913933
CS11527,1,0.0008830458391457796
CS11528,0,0.00012339458044152707
CS11529,0,0.01897803694009781
CS11530,0,0.0029349515680223703
CS11531,0,0.0003514382697176188
CS11532,0,0.0008426423300988972
CS11533,0,0.3609957695007324
CS11534,0,0.00029595711384899914
CS11535,0,0.00033535013790242374
CS11536,1,0.9881309270858765
CS11537,0,0.00012731103925034404
CS11538,0,0.00024536947603337467
CS11539,0,0.000656372809316963
CS11540,0,0.00014425987319555134
CS11541,1,0.9987550973892212
CS11542,0,0.00033535013790242374
CS11543,0,0.09877260029315948
CS11544,0,0.0014103584690019488
CS11545,0,0.0002868540759664029
CS11546,0,0.0002694791473913938
CS11547,0,0.00020342698553577065
CS11548,0,0.00031503866193816066
CS11549,0,0.00014883847325108945
CS11550,0,7.484622619813308e-05
CS11551,0,0.00022693387290928513
CS11552,1,0.9998644590377808
CS11553,0,0.001098731067031622
CS11555,0,0.0002098830882459879
CS11556,0,0.0006166296661831439
CS11557,0,0.0008426423300988972
CS11558,0,0.0002611903182696551
CS11559,0,5.475977013702504e-05
CS11560,0,0.000816738058347255
CS11561,1,0.9998148083686829
CS11562,0,0.00020342698553577065
CS11563,0,0.00037998449988663197
CS11564,1,0.9904406070709229
CS11565,0,0.06560483574867249
CS11566,0,0.87103670835495
CS11567,0,0.00045831294846720994
CS11568,1,0.9883127808570862
CS11569,0,0.0002492325147613883
CS11570,0,0.00036259001353755593
CS11571,0,0.0005703156348317862
CS11572,0,0.00025714197545312345
CS11573,1,0.9995891451835632
CS11574,0,0.0003250358859077096
CS11575,0,7.484622619813308e-05
CS11576,0,0.00015356238873209804
CS11577,1,0.9998511075973511
CS11578,0,0.0005614787223748863
CS11579,0,0.0005033356137573719
CS11580,0,0.00030061634606681764
CS11581,0,0.00029595711384899914
CS11582,0,0.0002611903182696551
CS11583,0,0.00023782206699252129
CS11584,0,0.00021654405281879008
CS11585,0,0.0011695101857185364
CS11586,0,0.00016346470511052758
CS11587,0,0.006589771248400211
CS11588,0,0.00024536947603337467
CS11589,0,0.00019411317771300673
CS11590,0,0.00036829791497439146
CS11592,0,0.00024156630388461053
CS11593,1,0.9998365640640259
CS11594,0,0.0009850081987679005
CS11595,0,0.00033535013790242374
CS11596,1,0.9998644590377808
CS11597,1,0.9989515542984009
CS11598,0,7.722191367065534e-05
CS11599,1,0.9241418242454529
CS11600,1,0.9998601675033569
CS11601,1,0.9937100410461426
CS11602,0,0.6590760350227356
CS11603,0,0.00011591933434829116
CS11604,0,0.0018102109897881746
CS11605,0,0.00013552079326473176
CS11606,0,7.254361116793007e-05
CS11607,0,0.012431650422513485
CS11608,0,0.005060331895947456
CS11609,1,0.3723340332508087
CS11610,0,0.00019716944370884448
CS11611,0,0.00036259001353755593
CS11612,0,0.00015843621804378927
CS11613,0,0.0006070755189284682
CS11614,0,0.00039821307291276753
CS11615,0,0.0006166296661831439
CS11616,0,9.610241977497935e-05
CS11617,0,9.314593626186252e-05
CS11618,0,0.00014425987319555134
CS11619,0,0.0002098830882459879
CS11620,0,9.610241977497935e-05
CS11621,0,0.048496004194021225
CS11622,0,0.004133968148380518
CS11623,0,0.0009110512328334153
CS11624,0,9.915272676153108e-05
CS11625,0,0.0002234163403045386
CS11626,1,0.9982725381851196
CS11627,1,0.9775429368019104
CS11628,1,0.9998089671134949
CS11629,0,0.0006771942134946585
CS11630,0,0.00023050671734381467
CS11631,0,0.0007437028689309955
CS11632,1,0.999555766582489
CS11633,0,0.0002868540759664029
CS11634,1,0.00033535013790242374
CS11635,0,0.00019110433640889823
CS11636,0,0.0002098830882459879
CS11637,0,0.00013552079326473176
CS11638,0,0.001081715221516788
CS11639,1,0.0002234163403045386
CS11640,0,0.00027372167096473277
CS11641,1,0.9695556163787842
CS11642,0,5.6497930927434936e-05
CS11643,1,0.9966756105422974
CS11644,1,0.6831024885177612
CS11645,0,0.0002234163403045386
CS11646,0,4.683888619183563e-05
CS11647,0,0.001151399570517242
CS11648,1,0.9998118281364441
CS11649,0,0.0005884087877348065
CS11650,0,0.0004512106243055314
CS11651,0,0.0003406293399166316
CS11652,0,0.000656372809316963
CS11653,1,0.006903837900608778
CS11654,0,0.0003199982747901231
CS11655,0,0.00016346470511052758
CS11656,1,0.0012644219677895308
CS11657,1,0.9999203681945801
CS11658,0,8.750300185056403e-05
CS11659,1,0.9998766183853149
CS11660,1,0.8656789064407349
CS11661,1,0.9998726844787598
CS11662,0,0.00021654405281879008
CS11663,0,6.402006692951545e-05
CS11664,0,0.0002611903182696551
CS11665,0,0.00012339458044152707
CS11666,1,0.0009110512328334153
CS11667,0,0.0003199982747901231
CS11668,1,0.8615382313728333
CS11669,0,0.005220125894993544
CS11670,0,0.00042388474685139954
CS11671,0,0.00012731103925034404
CS11672,0,0.0007096704212017357
CS11673,1,0.999762237071991
CS11674,0,0.00012339458044152707
CS11675,0,0.00036829791497439146
CS11676,0,6.205048703122884e-05
CS11677,1,0.9995694756507874
CS11678,0,0.00014425987319555134
CS11679,0,6.205048703122884e-05
CS11680,1,0.9998910427093506
CS11681,0,0.001524786464869976
CS11682,0,0.0004305570910219103
CS11683,0,0.8727816939353943
CS11684,0,0.00019716944370884448
CS11685,0,0.00011235327110625803
CS11686,0,0.00021654405281879008
CS11687,0,0.0004878571489825845
CS11688,0,0.0001795279822545126
CS11689,1,0.9997933506965637
CS11690,0,0.0002098830882459879
CS11691,0,0.1037486270070076
CS11692,1,0.9939024448394775
CS11693,0,0.0003250358859077096
CS11694,0,0.007121428847312927
CS11695,0,0.00014883847325108945
CS11696,0,0.0001795279822545126
CS11697,1,0.9997428059577942
CS11698,0,0.0002531563804950565
CS11699,0,0.00014883847325108945
CS11700,1,0.9640516638755798
CS11701,0,0.0020190139766782522
CS11702,0,0.0005792917218059301
CS11703,0,0.0001795279822545126
CS11704,1,0.008985428139567375
CS11705,0,0.3365490734577179
CS11706,0,0.00024536947603337467
CS11707,0,0.0333368219435215
CS11708,1,0.9999008178710938
CS11709,0,0.7725306749343872
CS11710,0,0.00017400544311385602
CS11711,0,0.00015356238873209804
CS11712,1,0.9988664388656616
CS11713,0,0.0002780309587251395
CS11714,1,0.0042646341025829315
CS11715,0,0.9950946569442749
CS11716,0,0.00030534894904121757
CS11717,0,0.00030534894904121757
CS11718,1,0.9997765421867371
CS11719,0,0.0012843082658946514
CS11720,0,0.0037072529084980488
CS11721,0,0.0008426423300988972
CS11722,0,0.000656372809316963
CS11723,0,0.00031015597051009536
CS11724,0,0.0003514382697176188
CS11725,0,0.00023782206699252129
CS11726,0,0.001304506789892912
CS11727,0,0.00040448151412419975
CS11728,0,0.00023782206699252129
CS11729,0,0.9066531658172607
CS11730,0,0.0004442183708306402
CS11731,0,0.0005442132824100554
CS11732,0,0.006692850962281227
CS11733,1,0.002396730938926339
CS11734,0,7.967301644384861e-05
CS11735,1,0.9978510141372681
CS11736,0,9.610241977497935e-05
CS11737,0,0.00024156630388461053
CS11738,0,0.0006361912819556892
CS11739,0,5.6497930927434936e-05
CS11740,1,0.9981324076652527
CS11741,1,0.9996199607849121
CS11742,0,0.0004655269149225205
CS11743,0,0.00023050671734381467
CS11744,0,0.0007916296599432826
CS11745,1,0.9972423315048218
CS11746,0,0.03138042986392975
CS11747,0,0.0003199982747901231
CS11748,1,0.002889581024646759
CS11749,0,0.0018675660248845816
CS11750,0,0.0023231625091284513
CS11751,0,6.402006692951545e-05
CS11752,0,0.00016346470511052758
CS11753,0,0.0013250223128125072
CS11754,0,0.0006361912819556892
CS11755,0,0.00014425987319555134
CS11756,0,0.0002780309587251395
CS11757,0,0.00019716944370884448
CS11758,0,0.00011235327110625803
CS11759,1,0.9996849298477173
CS11760,0,0.0007793660624884069
CS11761,0,9.915272676153108e-05
CS11762,0,0.00018522574100643396
CS11763,0,0.3965938985347748
CS11764,0,0.00035697061684913933
CS11765,0,0.999312162399292
CS11766,0,0.0005112579092383385
CS11767,1,0.999868631362915
CS11768,0,7.722191367065534e-05
CS11769,0,0.004133968148380518
CS11770,0,0.5180585384368896
CS11771,1,0.034358687698841095
CS11772,1,0.9997933506965637
CS11773,0,0.00012731103925034404
CS11774,0,0.9996373653411865
CS11775,0,0.0002611903182696551
CS11776,0,0.001573112327605486
CS11777,0,0.00013552079326473176
CS11778,1,0.9998944997787476
CS11779,0,0.00012339458044152707
CS11780,0,0.00012731103925034404
CS11781,0,0.0002868540759664029
CS11782,0,0.00018522574100643396
CS11783,0,0.0002234163403045386
CS11784,1,0.9997584223747253
CS11785,0,6.205048703122884e-05
CS11786,1,0.9458011984825134
CS11787,0,0.9962345957756042
CS11788,0,0.8778960704803467
CS11789,0,0.026963500306010246
CS11790,0,0.999762237071991
CS11791,0,0.00021654405281879008
CS11792,0,0.0005357805639505386
CS11793,0,0.9971103668212891
CS11794,0,0.00035697061684913933
CS11795,0,0.00021654405281879008
CS11796,0,0.8872045874595642
CS11797,0,6.402006692951545e-05
CS11798,0,0.00172745855525136
CS11799,1,0.9986541271209717
CS11800,0,0.00017400544311385602
CS11801,1,0.03541072830557823
CS11802,0,7.722191367065534e-05
CS11803,0,0.00019716944370884448
CS11804,0,0.00047285447362810373
CS11805,0,0.00010554686014074832
CS11806,1,0.09105828404426575
CS11807,1,0.0006070755189284682
CS11808,0,0.0008040859247557819
CS11809,0,0.0014550628839060664
CS11810,0,0.0001795279822545126
CS11811,0,0.0025909794494509697
CS11812,0,0.0002611903182696551
CS11813,0,0.00010889690020121634
CS11814,0,0.011331753805279732
CS11815,0,0.00020342698553577065
CS11816,0,7.254361116793007e-05
CS11817,0,0.00010889690020121634
CS11818,0,0.8210441470146179
CS11819,0,0.00033535013790242374
CS11820,0,0.00024536947603337467
CS11821,0,0.00029595711384899914
CS11822,0,5.144221358932555e-05
CS11823,0,0.0002492325147613883
CS11824,0,0.0029349515680223703
CS11826,0,0.0003199982747901231
CS11827,0,0.00030061634606681764
CS11828,1,0.5741560459136963
CS11830,0,0.00026530236937105656
CS11831,0,0.000656372809316963
CS11832,0,6.814871449023485e-05
CS11833,0,0.00021654405281879008
CS11834,0,0.0024343819823116064
CS11835,0,0.0002492325147613883
CS11836,0,0.0001511819864390418
CS11837,1,0.999438464641571
CS11838,0,9.314593626186252e-05
CS11839,0,0.5670977234840393
CS11840,0,0.0005112579092383385
CS11841,0,0.0007554056355729699
CS11842,0,0.11047115176916122
CS11843,0,0.0001398220774717629
CS11844,0,5.144221358932555e-05
CS11845,0,6.014151585986838e-05
CS11846,0,0.00016865275392774493
CS11847,1,0.957277774810791
CS11848,1,0.9994557499885559
CS11849,0,0.0001795279822545126
CS11850,0,0.0002868540759664029
CS11851,0,0.0002694791473913938
CS11852,1,0.9998601675033569
CS11853,0,0.0001398220774717629
CS11854,1,0.997368335723877
CS11855,1,0.20593424141407013
CS11856,1,0.9998944997787476
CS11857,0,0.00015356238873209804
CS11858,0,0.00025714197545312345
CS11859,0,0.0002098830882459879
CS11860,1,0.9999151229858398
CS11861,0,0.9986541271209717
CS11862,0,0.012624948285520077
CS11863,0,0.00016093082376755774
CS11864,0,0.00015843621804378927
CS11865,0,0.00019110433640889823
CS11866,0,0.00013552079326473176
CS11867,0,0.00023050671734381467
CS11868,0,0.0004305570910219103
CS11869,1,0.9998726844787598
CS11870,0,0.00037998449988663197
CS11871,0,7.722191367065534e-05
CS11872,0,0.0042646341025829315
CS11873,0,0.0009399439441040158
CS11874,0,6.605214002775028e-05
CS11875,0,0.00023782206699252129
CS11876,0,0.0009110512328334153
CS11877,1,0.9773707389831543
CS11878,0,9.610241977497935e-05
CS11879,0,0.0010322310263291001
CS11880,1,0.9738444089889526
CS11881,1,0.9997933506965637
CS11882,0,7.254361116793007e-05
CS11883,0,0.00016865275392774493
CS11884,0,0.00027372167096473277
CS11885,0,0.0010005044750869274
CS11886,0,0.0025909794494509697
CS11887,0,0.013636834919452667
CS11888,0,0.00036259001353755593
CS11889,0,0.0005193048273213208
CS11890,0,0.0004955359036102891
CS11891,0,0.0009850081987679005
CS11892,0,8.481104305246845e-05
CS11893,0,0.24617072939872742
CS11894,0,0.0001795279822545126
CS11895,1,0.9998944997787476
CS11896,1,0.999713122844696
CS11897,0,0.00026530236937105656
CS11898,0,0.4825510084629059
CS11899,0,0.001987774157896638
CS11900,1,0.9995891451835632
CS11901,0,0.0002098830882459879
CS11902,0,9.915272676153108e-05
CS11903,0,0.0006263342220336199
CS11904,0,0.00010554686014074832
CS11905,0,0.0002694791473913938
CS11906,0,0.0005193048273213208
CS11907,0,0.2712516784667969
CS11908,0,0.00015843621804378927
CS11909,1,0.004905405919998884
CS11910,0,9.028038766700774e-05
CS11911,0,0.38931432366371155
CS11912,0,0.04603390023112297
CS11913,0,0.0006462032906711102
CS11914,0,0.9965165853500366
CS11915,1,0.9996849298477173
CS11916,1,0.9991958737373352
CS11917,1,0.9999068975448608
CS11918,1,0.999929666519165
CS11919,0,0.9929881691932678
CS11920,1,0.9998089671134949
CS11921,1,0.9998726844787598
CS11922,1,0.006797531619668007
CS11923,0,0.00037409563083201647
CS11924,1,0.9998644590377808
CS11925,0,5.3075080359121785e-05
CS11926,0,0.00020027377468068153
CS11927,1,0.005220125894993544
CS11928,0,9.610241977497935e-05
CS11929,0,4.832564081880264e-05
CS11930,0,0.0001795279822545126
CS11931,0,0.0002098830882459879
CS11932,0,0.0006878511630930007
CS11933,1,0.013222821988165379
CS11934,1,0.0011160143185406923
CS11935,0,0.00021654405281879008
CS11936,0,0.00014425987319555134
CS11937,0,0.001524786464869976
CS11938,0,0.0003406293399166316
CS11939,0,0.00031015597051009536
CS11940,0,6.402006692951545e-05
CS11941,0,0.00012731103925034404
CS11942,0,0.00016865275392774493
CS11943,1,0.9511421918869019
CS11944,1,0.9986955523490906
CS11945,1,0.9994207620620728
CS11946,0,0.00014653131074737757
CS11947,0,0.00020342698553577065
CS11948,0,0.0003301527467556298
CS11949,0,0.00019411317771300673
CS11950,0,0.001987774157896638
CS11951,0,0.00018814207578543574
CS11952,0,0.0012644219677895308
CS11953,1,0.9996429681777954
CS11954,0,0.00014425987319555134
CS11955,1,0.8300437331199646
CS11956,0,0.00040448151412419975
CS11957,0,0.001622966956347227
CS11958,1,0.9998644590377808
CS11959,1,0.21766994893550873
CS11960,0,0.00018522574100643396
CS11961,0,0.00014425987319555134
CS11962,0,9.915272676153108e-05
CS11963,0,0.04208773002028465
CS11964,1,0.9981324076652527
CS11965,0,0.00023050671734381467
CS11966,0,9.314593626186252e-05
CS11967,0,0.2062537968158722
CS11968,0,0.00021654405281879008
CS11969,0,0.0008295892039313912
CS11970,0,0.008445627987384796
CS11971,0,0.0003250358859077096
CS11972,0,0.0006166296661831439
CS11973,0,0.00027372167096473277
CS11974,0,0.00019110433640889823
CS11975,0,7.967301644384861e-05
CS11976,0,0.0003859660937450826
CS11977,0,0.0007554056355729699
CS11978,0,0.0017546144081279635
CS11979,0,0.00037998449988663197
CS11980,0,0.0016484829830005765
CS11981,0,0.0003859660937450826
CS11982,1,0.999841570854187
CS11983,0,0.0006771942134946585
CS11984,0,0.00047285447362810373
CS11985,0,0.9992678761482239
CS11986,0,0.9998260140419006
CS11987,1,0.9995694756507874
CS11988,0,0.00023782206699252129
CS11989,0,0.007345826830714941
CS11990,0,7.967301644384861e-05
CS11991,0,0.00172745855525136
CS11992,0,0.17328819632530212
CS11993,0,0.00024536947603337467
CS11994,1,0.004609571769833565
CS11995,0,8.220189192797989e-05
CS11996,0,0.0003199982747901231
CS11997,0,0.2716379463672638
CS11998,0,0.0011695101857185364
CS11999,0,0.00012339458044152707
CS12001,1,0.9997428059577942
CS12002,0,0.00014425987319555134
CS12003,0,0.0009697519708424807
CS12004,0,0.0012843082658946514
CS12005,0,0.00255091255530715
CS12006,0,0.00019110433640889823
CS12007,0,8.481104305246845e-05
CS12008,0,0.0004655269149225205
CS12009,0,0.999438464641571
CS12010,0,0.00016346470511052758
CS12011,0,0.0006462032906711102
CS12012,0,0.0008295892039313912
CS12013,0,0.0012644219677895308
CS12014,0,0.00015356238873209804
CS12015,0,0.00022693387290928513
CS12016,0,0.10706345736980438
CS12017,1,0.2818007469177246
CS12018,0,0.8509647250175476
CS12019,0,0.0003459916333667934
CS12020,0,0.0006667023408226669
CS12021,1,0.005301894620060921
CS12022,1,0.9939024448394775
CS12023,0,0.0002611903182696551
CS12024,0,0.0006263342220336199
CS12025,0,0.2351083904504776
CS12026,0,0.00023782206699252129
CS12027,1,0.9997085928916931
CS12028,0,0.9353464841842651
CS12029,0,0.00010889690020121634
CS12030,0,6.605214002775028e-05
CS12031,0,0.00019110433640889823
CS12033,0,0.0005274784634821117
CS12034,0,0.0006771942134946585
CS12035,0,0.0006361912819556892
CS12036,1,0.9994725584983826
CS12037,0,0.00023782206699252129
CS12038,0,5.3075080359121785e-05
CS12039,0,0.00023050671734381467
CS12040,0,0.00015356238873209804
CS12041,0,0.0006361912819556892
CS12042,0,0.12294380366802216
CS12043,0,0.00012339458044152707
CS12044,0,0.00023050671734381467
CS12046,0,0.00018522574100643396
CS12047,0,0.0023231625091284513
CS12048,0,0.00019716944370884448
CS12049,0,9.314593626186252e-05
CS12050,0,7.484622619813308e-05
CS12051,0,0.0010322310263291001
CS12052,1,0.00023782206699252129
CS12054,1,0.9996594190597534
CS12055,0,0.00031503866193816066
CS12056,1,0.0014325365191325545
CS12057,0,0.00016865275392774493
CS12058,1,0.9998644590377808
CS12059,0,0.11797800660133362
CS12060,0,9.915272676153108e-05
CS12061,1,0.25201570987701416
CS12062,0,0.0002234163403045386
CS12063,1,0.997368335723877
CS12064,0,7.722191367065534e-05
CS12065,0,0.001098731067031622
CS12066,0,0.00015843621804378927
CS12067,0,0.00015843621804378927
CS12068,0,0.00012339458044152707
CS12069,0,0.5031737685203552
CS12070,0,0.0012065897462889552
CS12071,0,0.00010229986219201237
CS12072,1,0.999220609664917
CS12073,0,0.0004442183708306402
CS12074,1,0.022116590291261673
CS12075,1,0.9997965693473816
CS12076,0,0.0010649625910446048
CS12077,0,0.00016346470511052758
CS12078,0,8.750300185056403e-05
CS12079,0,6.014151585986838e-05
CS12080,0,0.0002131875662598759
CS12081,0,0.0002234163403045386
CS12082,0,0.34466397762298584
CS12083,1,0.902265727519989
CS12084,0,0.0002531563804950565
CS12085,0,0.00016865275392774493
CS12086,0,0.00021654405281879008
CS12087,0,8.750300185056403e-05
CS12088,0,0.00033535013790242374
CS12089,0,0.004399413242936134
CS12090,1,0.9996079802513123
CS12091,1,0.9998623132705688
CS12092,0,0.0008040859247557819
CS12093,0,0.00015843621804378927
CS12094,0,0.0009253848693333566
CS12095,0,0.0003301527467556298
CS12096,0,7.722191367065534e-05
CS12097,0,0.0006878511630930007
CS12098,0,4.985958366887644e-05
CS12099,0,0.9939963817596436
CS12100,0,0.0002694791473913938
CS12101,0,4.985958366887644e-05
CS12102,0,0.9977481961250305
CS12103,0,0.001151399570517242
CS12104,0,7.031184213701636e-05
CS12105,0,0.09807932376861572
CS12106,0,0.0001795279822545126
CS12107,0,0.00014883847325108945
CS12108,0,7.722191367065534e-05
CS12109,1,0.0009253848693333566
CS12110,0,0.977022647857666
CS12111,0,0.00011959858238697052
CS12112,0,8.481104305246845e-05
CS12113,0,0.007577241398394108
CS12114,0,0.0002234163403045386
CS12115,0,0.0002611903182696551
CS12116,0,0.00012339458044152707
CS12117,1,0.999713122844696
CS12118,0,0.9893474578857422
CS12119,0,0.00016346470511052758
CS12120,0,0.0006878511630930007
CS12121,0,0.00036829791497439146
CS12122,0,0.0023231625091284513
CS12123,0,0.00978387612849474
CS12124,0,0.00017400544311385602
CS12125,0,0.0002098830882459879
CS12126,0,0.9871788024902344
CS12127,0,0.00018814207578543574
CS12128,0,0.0003406293399166316
CS12129,0,0.00017400544311385602
CS12130,0,9.314593626186252e-05
CS12131,1,0.030214587226510048
CS12132,0,0.0004878571489825845
CS12133,1,0.9998840093612671
CS12134,0,0.00011959858238697052
CS12135,0,0.0009850081987679005
CS12136,0,0.0012255674228072166
CS12137,0,0.00017400544311385602
CS12138,0,0.00037998449988663197
CS12139,0,0.0005357805639505386
CS12140,0,0.0010322310263291001
CS12141,0,0.00021654405281879008
CS12142,1,0.5886526703834534
CS12143,0,0.0010649625910446048
CS12144,0,0.00013552079326473176
CS12145,1,0.9999227523803711
CS12146,0,9.314593626186252e-05
CS12147,1,0.0012448432389646769
CS12148,1,0.9993013143539429
CS12149,1,0.9991573095321655
CS12150,0,0.00030534894904121757
CS12151,0,9.028038766700774e-05
CS12152,0,0.0002531563804950565
CS12153,0,0.00010554686014074832
CS12154,0,9.028038766700774e-05
CS12155,0,0.0001795279822545126
CS12156,0,9.915272676153108e-05
CS12157,0,0.0002234163403045386
CS12158,0,0.0013885231455788016
CS12159,0,0.00030061634606681764
CS12160,0,9.028038766700774e-05
CS12161,1,0.9996898174285889
CS12162,1,0.9998766183853149
CS12163,0,0.00014883847325108945
CS12164,0,0.00045831294846720994
CS12165,0,0.00018522574100643396
CS12166,0,0.01897803694009781
CS12167,0,0.0005976693355478346
CS12168,1,0.0003250358859077096
CS12169,1,0.5881797075271606
CS12170,0,0.0018386653391644359
CS12171,0,0.0006263342220336199
CS12172,1,0.9928786158561707
CS12173,0,0.00039821307291276753
CS12174,0,0.01678548939526081
CS12175,1,0.8083699941635132
CS12176,0,5.829126530443318e-05
CS12177,1,0.9998977184295654
CS12178,0,0.00016865275392774493
CS12179,0,0.0009110512328334153
CS12180,0,0.9983515739440918
CS12181,0,0.0002098830882459879
CS12182,1,0.9998557567596436
CS12183,0,0.00020027377468068153
CS12184,0,0.00026530236937105656
CS12185,0,0.00015843621804378927
CS12186,0,0.00024536947603337467
CS12187,0,6.402006692951545e-05
CS12188,0,0.00023050671734381467
CS12189,0,0.0015978454612195492
CS12190,0,0.0010005044750869274
CS12191,0,4.832564081880264e-05
CS12193,0,0.0011335690505802631
CS12194,0,9.610241977497935e-05
CS12195,0,0.0032224843744188547
CS12196,0,0.00017400544311385602
CS12197,0,0.0015978454612195492
CS12198,0,9.610241977497935e-05
CS12199,0,0.9996750354766846
CS12200,0,0.0003199982747901231
CS12201,0,0.0006070755189284682
CS12202,1,0.9995694756507874
CS12203,0,0.00011591933434829116
CS12204,0,0.0004802972252946347
CS12205,0,0.00013552079326473176
CS12206,0,0.0002234163403045386
CS12207,1,0.9998804330825806
CS12208,0,0.007011794950813055
CS12209,0,9.915272676153108e-05
CS12210,0,8.750300185056403e-05
CS12211,0,0.07751765847206116
CS12212,0,0.00011591933434829116
CS12213,1,0.21733751893043518
CS12214,1,0.002287227427586913
CS12215,1,0.999783456325531
CS12216,1,0.46034950017929077
CS12217,1,0.9998726844787598
CS12218,0,0.000656372809316963
CS12219,1,0.9998875856399536
CS12220,1,0.9987744688987732
CS12221,0,0.0002868540759664029
CS12223,0,0.0006263342220336199
CS12224,0,0.00011959858238697052
CS12225,0,0.0004373344127088785
CS12226,0,0.0004373344127088785
CS12227,0,0.0008559006382711232
CS12228,0,0.0002492325147613883
CS12229,1,0.896251380443573
CS12230,1,0.9997867941856384
CS12231,0,0.00020027377468068153
CS12232,0,6.402006692951545e-05
CS12233,0,0.00036829791497439146
CS12234,0,0.001098731067031622
CS12235,1,0.9996898174285889
CS12236,0,0.0007437028689309955
CS12237,0,0.00025714197545312345
CS12238,0,0.00014883847325108945
CS12239,0,0.00040448151412419975
CS12240,0,0.0012065897462889552
CS12241,0,0.0005792917218059301
CS12242,0,0.0003406293399166316
CS12243,0,0.0005884087877348065
CS12244,0,0.0001398220774717629
CS12245,0,0.0002234163403045386
CS12246,1,0.9998977184295654
CS12247,0,6.205048703122884e-05
CS12248,0,0.003429603762924671
CS12249,0,0.00255091255530715
CS12250,0,0.09739039838314056
CS12251,0,0.00023782206699252129
CS12252,0,0.003376612439751625
CS12253,0,0.0007321813027374446
CS12254,0,0.00015843621804378927
CS12255,0,0.00015356238873209804
CS12256,0,0.00036259001353755593
CS12257,1,0.997065007686615
CS12258,0,0.0026316740550100803
CS12259,0,0.00035697061684913933
CS12260,1,0.9998028874397278
CS12261,0,0.0003199982747901231
CS12262,1,0.9858275651931763
CS12263,0,0.0001795279822545126
CS12264,0,7.484622619813308e-05
CS12265,0,0.9449946880340576
CS12266,0,8.220189192797989e-05
CS12267,0,0.00018522574100643396
CS12268,1,0.9656413197517395
CS12269,0,0.0006070755189284682
CS12270,0,0.0013458604225888848
CS12271,0,0.00024156630388461053
CS12272,0,0.0001795279822545126
CS12273,0,0.00023413580493070185
CS12274,0,0.0002780309587251395
CS12275,0,0.00015843621804378927
CS12276,0,7.484622619813308e-05
CS12277,1,0.9997507929801941
CS12278,0,0.0002694791473913938
CS12279,1,0.9980732202529907
CS12280,0,0.02498779445886612
CS12281,0,9.314593626186252e-05
CS12282,1,0.9998557567596436
CS12283,0,0.0002868540759664029
CS12284,1,0.0045384312979876995
CS12285,1,0.1937568634748459
CS12286,0,0.0013670255430042744
CS12287,0,9.314593626186252e-05
CS12288,0,0.00016865275392774493
CS12289,0,0.0002098830882459879
CS12290,0,0.00011959858238697052
CS12291,0,4.683888619183563e-05
CS12292,0,0.0004373344127088785
CS12293,0,0.0018969199154525995
CS12294,0,0.0004108485300093889
CS12295,0,0.00011235327110625803
CS12296,0,8.220189192797989e-05
CS12297,0,0.00024536947603337467
CS12298,0,0.0004802972252946347
CS12299,0,0.00029595711384899914
CS12300,0,0.004198795184493065
CS12301,0,0.00019716944370884448
CS12302,0,0.0002868540759664029
CS12303,1,0.9998058676719666
CS12304,1,0.0013885231455788016
CS12305,0,0.00020342698553577065
CS12306,0,0.00018522574100643396
CS12307,0,0.000656372809316963
CS12308,0,0.99935382604599
CS12309,0,0.0005112579092383385
CS12310,1,0.008847354911267757
CS12311,0,4.400118632474914e-05
CS12312,1,0.999931812286377
CS12313,0,0.0005884087877348065
CS12314,0,0.00023050671734381467
CS12315,0,9.610241977497935e-05
CS12316,1,0.0024343819823116064
CS12317,1,0.36817848682403564
CS12318,0,0.00015843621804378927
CS12319,0,0.0037072529084980488
CS12320,1,0.03308597952127457
CS12321,1,0.9999097585678101
CS12322,0,0.0004878571489825845
CS12323,0,0.00024156630388461053
CS12324,0,0.0005614787223748863
CS12325,0,6.014151585986838e-05
CS12326,0,0.00020662981842178851
CS12327,1,0.9998260140419006
CS12328,0,6.014151585986838e-05
CS12329,1,0.9998644590377808
CS12330,0,0.00033535013790242374
CS12331,0,0.00045831294846720994
CS12332,0,0.3265934884548187
CS12333,0,0.0006771942134946585
CS12334,0,0.0006361912819556892
CS12335,0,0.0003199982747901231
CS12336,0,0.0005033356137573719
CS12337,0,0.001151399570517242
CS12338,0,0.00033535013790242374
CS12339,0,0.0004373344127088785
CS12340,0,0.001081715221516788
CS12341,0,0.00023782206699252129
CS12342,0,0.00020027377468068153
CS12343,0,0.0003301527467556298
CS12344,0,6.205048703122884e-05
CS12345,0,0.011869121342897415
CS12346,1,0.014503580518066883
CS12347,0,0.00015356238873209804
CS12348,1,0.9998875856399536
CS12349,1,0.999783456325531
CS12350,0,0.0001795279822545126
CS12351,1,0.9998766183853149
CS12352,0,0.8074606657028198
CS12353,0,0.00047285447362810373
CS12354,1,0.9996373653411865
CS12355,0,8.750300185056403e-05
CS12356,0,0.24508501589298248
CS12357,1,0.9928786158561707
CS12358,0,0.00015843621804378927
CS12359,0,0.0002868540759664029
CS12360,0,0.0384661890566349
CS12361,0,7.722191367065534e-05
CS12362,0,0.0002611903182696551
CS12363,0,7.722191367065534e-05
CS12365,1,0.9997305274009705
CS12366,1,0.9991030693054199
CS12368,0,0.9891815781593323
CS12369,0,0.005469274241477251
CS12370,0,0.0017546144081279635
CS12371,0,0.00010229986219201237
CS12372,0,0.00021654405281879008
CS12373,0,5.829126530443318e-05
CS12374,1,0.9997346997261047
CS12375,0,0.00029595711384899914
CS12376,0,0.00010229986219201237
CS12377,0,0.00020342698553577065
CS12378,0,0.000656372809316963
CS12379,0,0.0006070755189284682
CS12380,0,8.220189192797989e-05
CS12381,0,0.00042388474685139954
CS12382,0,0.0001795279822545126
CS12383,0,0.00020342698553577065
CS12384,0,5.829126530443318e-05
CS12385,1,0.00031503866193816066
CS12386,0,0.00011591933434829116
CS12387,0,0.0002531563804950565
CS12388,0,0.0006986756343394518
CS12389,0,0.0007208380266092718
CS12390,1,0.9968273043632507
CS12391,0,0.00030534894904121757
CS12392,0,0.00039821307291276753
CS12393,0,9.314593626186252e-05
CS12394,1,0.00024536947603337467
CS12395,0,0.001622966956347227
CS12396,0,0.00019716944370884448
CS12397,0,0.0010162439430132508
CS12398,0,0.00011591933434829116
CS12399,1,0.9998557567596436
CS12400,0,0.00017400544311385602
CS12401,1,0.9998726844787598
CS12402,0,0.003649987280368805
CS12403,1,0.9995891451835632
CS12404,0,0.0035380860790610313
CS12405,0,0.0002098830882459879
CS12406,0,5.829126530443318e-05
CS12407,0,5.3075080359121785e-05
CS12408,0,0.0001795279822545126
CS12409,1,0.9986329674720764
CS12410,0,0.00025714197545312345
CS12411,1,0.9998534917831421
CS12412,0,0.034100428223609924
CS12413,0,0.02517884038388729
CS12414,0,0.00015843621804378927
CS12415,0,0.3479801118373871
CS12416,0,0.0007321813027374446
CS12417,0,0.00019110433640889823
CS12418,0,0.0012843082658946514
CS12419,1,0.45859116315841675
CS12420,0,0.002082970691844821
CS12421,0,0.00037998449988663197
CS12422,0,0.00010229986219201237
CS12423,0,0.0029810331761837006
CS12424,0,0.00024536947603337467
CS12425,0,0.9883127808570862
CS12426,0,0.00015356238873209804
CS12427,0,0.00023050671734381467
CS12428,0,0.9994115829467773
CS12429,0,0.0002611903182696551
CS12430,0,0.9937100410461426
CS12431,0,0.00016865275392774493
CS12432,1,0.9987550973892212
CS12433,0,0.9742394685745239
CS12434,0,8.220189192797989e-05
CS12435,0,0.0005976693355478346
CS12436,1,0.9998840093612671
CS12437,1,0.9998644590377808
CS12438,0,0.00214894930832088
CS12439,0,0.00016346470511052758
CS12440,0,0.00029595711384899914
CS12441,0,0.00011959858238697052
CS12442,1,0.9998644590377808
CS12443,0,0.00037409563083201647
CS12444,0,7.967301644384861e-05
CS12445,0,6.014151585986838e-05
CS12446,0,0.001573112327605486
CS12447,0,6.402006692951545e-05
CS12448,1,0.999312162399292
CS12449,1,0.9996947050094604
CS12450,0,7.254361116793007e-05
CS12451,1,0.9997546076774597
CS12452,0,0.0003859660937450826
CS12453,0,0.0013458604225888848
CS12454,1,0.9978172779083252
CS12455,0,0.9532750844955444
CS12456,0,0.0012843082658946514
CS12457,0,0.9996199607849121
CS12458,0,0.0005703156348317862
CS12459,0,0.00013135180051904172
CS12460,0,0.0011879054363816977
CS12461,0,0.00011959858238697052
CS12462,0,0.00014425987319555134
CS12463,0,0.0001713081874186173
CS12464,0,0.02161533571779728
CS12465,1,0.99991774559021
CS12466,1,0.9998944997787476
CS12467,1,0.873214840888977
CS12468,0,0.1233656257390976
CS12469,0,0.00013135180051904172
CS12470,0,0.0018675660248845816
CS12471,1,0.0015011822106316686
CS12472,0,0.007937993854284286
CS12473,0,0.0002868540759664029
CS12474,0,0.00017674513219390064
CS12475,0,0.00039821307291276753
CS12476,1,0.9991440773010254
CS12477,0,0.00020342698553577065
CS12478,0,0.00036259001353755593
CS12479,0,0.0008693674462847412
CS12480,0,0.00019110433640889823
CS12481,0,0.00021654405281879008
CS12482,0,0.00018522574100643396
CS12483,0,0.0011160143185406923
CS12484,0,0.0005193048273213208
CS12485,0,0.9991832375526428
CS12486,1,0.005220125894993544
CS12487,0,4.539786823443137e-05
CS12488,1,0.99991774559021
CS12489,0,0.00021654405281879008
CS12490,0,0.00030061634606681764
CS12491,1,0.99991774559021
CS12492,0,0.0007916296599432826
CS12493,1,0.0006070755189284682
CS12494,0,0.0014550628839060664
CS12495,0,0.00015356238873209804
CS12496,0,0.00015843621804378927
CS12497,0,7.722191367065534e-05
CS12498,1,0.00019110433640889823
CS12499,1,0.6347697377204895
CS12500,1,0.0006166296661831439
CS12501,1,0.007577241398394108
CS12502,1,0.999868631362915
CS12503,0,0.00030061634606681764
CS12504,1,0.9983769655227661
CS12505,0,0.00011235327110625803
CS12506,0,0.0009110512328334153
CS12507,0,0.0002098830882459879
CS12508,0,0.00037409563083201647
CS12509,1,0.999438464641571
CS12510,0,0.0004955359036102891
CS12511,0,0.00014883847325108945
CS12512,0,6.402006692951545e-05
CS12513,0,0.00015356238873209804
CS12514,0,0.0004373344127088785
CS12515,0,0.00018522574100643396
CS12516,0,0.00016865275392774493
CS12517,1,0.05033063143491745
CS12518,0,6.605214002775028e-05
CS12519,0,0.00021654405281879008
CS12520,0,9.314593626186252e-05
CS12521,0,0.0007554056355729699
CS12522,0,0.017442483454942703
CS12523,0,8.750300185056403e-05
CS12524,0,0.00023782206699252129
CS12525,0,0.00985985528677702
CS12526,0,0.00039821307291276753
CS12527,0,6.605214002775028e-05
CS12528,0,0.00020662981842178851
CS12529,1,0.9998766183853149
CS12530,0,0.0008040859247557819
CS12531,0,0.00031015597051009536
CS12532,1,9.314593626186252e-05
CS12533,0,0.00025714197545312345
CS12534,0,0.00014883847325108945
CS12535,1,0.9635062217712402
CS12536,1,0.9998875856399536
CS12537,0,0.00016346470511052758
CS12538,1,0.9092645049095154
CS12539,0,6.402006692951545e-05
CS12540,0,0.0001795279822545126
CS12541,1,0.9998058676719666
CS12542,0,0.00016346470511052758
CS12543,0,0.008985428139567375
CS12544,0,0.0005357805639505386
CS12545,0,0.0005274784634821117
CS12546,0,0.00029137005913071334
CS12547,0,0.00016865275392774493
CS12548,0,0.42453131079673767
CS12549,0,6.814871449023485e-05
CS12550,0,0.00029137005913071334
CS12551,0,0.019271135330200195
CS12552,0,0.000816738058347255
CS12553,0,0.0060975621454417706
CS12554,0,0.00013135180051904172
CS12555,0,0.9974884986877441
CS12556,1,0.04146227240562439
CS12557,1,0.0012843082658946514
CS12558,0,0.00022693387290928513
CS12559,0,0.0002780309587251395
CS12560,0,0.0003406293399166316
CS12561,0,0.00012339458044152707
CS12562,1,0.008985428139567375
CS12563,0,0.0005976693355478346
CS12564,1,0.0014779430348426104
CS12565,0,0.06142403930425644
CS12566,0,0.02822098694741726
CS12567,0,0.00010229986219201237
CS12568,0,6.014151585986838e-05
CS12569,1,0.00019716944370884448
CS12570,1,0.9996429681777954
CS12571,1,0.0001795279822545126
CS12572,0,0.0002824080584105104
CS12573,0,0.022457053884863853
CS12574,0,0.0007793660624884069
CS12575,1,0.9868786931037903
CS12576,1,0.0005033356137573719
CS12577,1,0.008445627987384796
CS12578,1,0.9992445707321167
CS12579,0,0.00017674513219390064
CS12580,0,0.0006667023408226669
CS12581,1,0.00015843621804378927
CS12582,0,0.07263670861721039
CS12583,0,0.00011959858238697052
CS12584,0,0.012241275049746037
CS12585,0,0.00021654405281879008
CS12586,0,0.7242856025695801
CS12587,0,0.00024536947603337467
CS12588,1,0.9998260140419006
CS12589,0,0.0003199982747901231
CS12590,1,0.9997262358665466
CS12591,0,0.008445627987384796
CS12592,1,0.9999008178710938
CS12593,0,0.00026530236937105656
CS12594,0,0.0003406293399166316
CS12595,1,0.9898303151130676
CS12596,0,0.0015011822106316686
CS12597,0,0.00019411317771300673
CS12598,0,7.722191367065534e-05
CS12599,1,0.9975274205207825
CS12600,0,0.00015356238873209804
CS12601,0,0.00015843621804378927
CS12602,0,9.314593626186252e-05
CS12603,0,4.683888619183563e-05
CS12604,1,0.9875683188438416
CS12605,0,0.0008040859247557819
CS12606,0,0.9988840222358704
CS12607,0,0.00026530236937105656
CS12608,0,5.829126530443318e-05
CS12609,0,0.0002611903182696551
CS12610,0,0.00012339458044152707
CS12611,0,0.0004442183708306402
CS12612,0,0.0005442132824100554
CS12613,1,0.9987157583236694
CS12614,0,0.00011235327110625803
CS12615,0,0.00019716944370884448
CS12616,1,0.0003250358859077096
CS12617,1,0.9999068975448608
CS12618,0,0.00015356238873209804
CS12619,0,0.0001398220774717629
CS12620,0,0.00018522574100643396
CS12621,0,8.750300185056403e-05
CS12622,0,0.0013670255430042744
CS12623,0,0.0001398220774717629
CS12624,0,0.0002492325147613883
CS12625,0,0.0002824080584105104
CS12626,0,0.00037998449988663197
CS12627,0,0.0004655269149225205
CS12628,0,0.00024156630388461053
CS12629,0,0.0006263342220336199
CS12630,0,0.0002492325147613883
CS12631,0,0.00012731103925034404
CS12632,1,0.07696083933115005
CS12633,0,0.0002611903182696551
CS12634,0,0.0002531563804950565
CS12635,1,0.9997997879981995
CS12636,0,0.0002868540759664029
CS12637,1,0.9961755275726318
CS12638,0,7.484622619813308e-05
CS12639,0,0.00015356238873209804
CS12640,0,0.00012731103925034404
CS12641,0,0.022457053884863853
CS12642,0,0.0006771942134946585
CS12643,0,0.00027372167096473277
CS12644,0,0.00023050671734381467
CS12645,0,0.00018522574100643396
CS12646,1,0.6074303388595581
CS12647,0,0.0013670255430042744
CS12648,0,0.002082970691844821
CS12649,1,0.9522199034690857
CS12650,0,0.0013250223128125072
CS12651,0,0.0002824080584105104
CS12652,0,0.00015356238873209804
CS12653,0,0.00015843621804378927
CS12654,0,0.0007437028689309955
CS12655,1,0.00025714197545312345
CS12656,0,0.0007554056355729699
CS12657,0,7.031184213701636e-05
CS12658,0,0.0015487611526623368
CS12659,0,0.00010889690020121634
CS12660,0,0.00172745855525136
CS12661,0,0.0005033356137573719
CS12662,0,0.00023782206699252129
CS12663,0,0.00023413580493070185
CS12664,0,0.00012731103925034404
CS12665,0,0.0027576221618801355
CS12666,0,0.010328153148293495
CS12667,0,7.967301644384861e-05
CS12668,0,0.0003920417802873999
CS12669,0,0.9971990585327148
CS12670,0,0.012722708284854889
CS12671,1,0.0019267345778644085
CS12672,0,6.402006692951545e-05
CS12674,1,0.9995344877243042
CS12675,1,0.8474634885787964
CS12676,0,0.003429603762924671
CS12677,0,0.00042388474685139954
CS12678,0,0.0009697519708424807
CS12679,0,0.00014883847325108945
CS12680,1,0.9998766183853149
CS12681,1,0.002889581024646759
CS12682,0,0.0005274784634821117
CS12683,0,0.08882028609514236
CS12684,0,5.144221358932555e-05
CS12685,0,0.00040448151412419975
CS12686,0,0.00023050671734381467
CS12687,0,7.254361116793007e-05
CS12688,0,0.0001795279822545126
CS12689,0,0.0005884087877348065
CS12690,0,0.00010229986219201237
CS12691,1,0.0022518474142998457
CS12692,0,0.00019716944370884448
CS12693,0,0.00014883847325108945
CS12694,0,0.998498797416687
CS12695,0,0.01001356914639473
CS12696,0,0.00029595711384899914
CS12697,0,0.0001398220774717629
CS12698,0,0.9905874133110046
CS12699,0,0.00031503866193816066
CS12700,0,0.00042388474685139954
CS12701,0,0.005384937860071659
CS12702,0,0.00012731103925034404
CS12703,0,0.00012731103925034404
CS12704,0,5.475977013702504e-05
CS12705,0,0.00018522574100643396
CS12706,0,6.402006692951545e-05
CS12707,0,0.027376487851142883
CS12708,0,0.00019110433640889823
CS12709,0,0.0025909794494509697
CS12710,0,8.220189192797989e-05
CS12711,0,0.00021995336282998323
CS12712,0,0.00014425987319555134
CS12713,0,8.750300185056403e-05
CS12714,0,0.0001398220774717629
CS12715,0,0.00018522574100643396
CS12716,0,0.0002492325147613883
CS12717,0,7.031184213701636e-05
CS12718,0,0.00016865275392774493
CS12719,0,0.0002824080584105104
CS12720,0,0.00014425987319555134
CS12721,0,0.00020662981842178851
CS12722,0,0.00033535013790242374
CS12723,0,0.9978510141372681
CS12724,0,0.9996199607849121
CS12725,0,6.814871449023485e-05
CS12726,0,0.0010162439430132508
CS12727,0,0.00017400544311385602
CS12728,0,0.0004373344127088785
CS12729,0,0.00016865275392774493
CS12730,1,0.9998365640640259
CS12731,0,0.0005976693355478346
CS12732,0,0.00024156630388461053
CS12733,0,0.00024536947603337467
CS12734,0,7.254361116793007e-05
CS12736,0,0.0003250358859077096
CS12737,1,0.9998313188552856
CS12738,0,0.0002694791473913938
CS12739,0,0.0012255674228072166
CS12740,0,0.0037654137704521418
CS12741,0,6.605214002775028e-05
CS12742,1,0.801314651966095
CS12743,1,0.0003301527467556298
CS12744,1,0.9658995866775513
CS12745,0,0.0004802972252946347
CS12746,0,0.00010889690020121634
CS12747,0,0.00011959858238697052
CS12748,0,0.00015356238873209804
CS12749,1,0.00255091255530715
CS12750,0,0.0018969199154525995
CS12751,0,6.014151585986838e-05
CS12752,1,0.9983515739440918
CS12753,1,0.0009850081987679005
CS12754,0,5.475977013702504e-05
CS12755,0,0.00012731103925034404
CS12756,1,0.961243748664856
CS12757,1,0.0005976693355478346
CS12758,1,0.9998623132705688
CS12759,0,8.220189192797989e-05
CS12760,1,0.9997730851173401
CS12761,0,0.0007916296599432826
CS12762,1,0.0007321813027374446
CS12763,0,0.0002780309587251395
CS12764,1,0.9999097585678101
CS12765,0,0.00031503866193816066
CS12766,0,0.00023413580493070185
CS12767,0,9.028038766700774e-05
CS12768,1,0.9980429410934448
CS12769,0,0.00012339458044152707
CS12770,0,9.314593626186252e-05
CS12771,1,0.9995827078819275
CS12772,0,0.0003301527467556298
CS12773,1,0.07263670861721039
CS12774,0,0.00482972152531147
CS12775,0,0.00023413580493070185
CS12776,0,0.9799765348434448
CS12777,0,0.0002694791473913938
CS12778,0,0.0004955359036102891
CS12779,0,0.00020342698553577065
CS12780,1,0.9999068975448608
CS12781,0,0.0003199982747901231
CS12782,0,0.0007672925130464137
CS12783,0,0.00018522574100643396
CS12784,0,0.0002098830882459879
CS12785,0,0.00040448151412419975
CS12786,0,0.00016346470511052758
CS12788,0,0.007460643537342548
CS12789,0,0.469033807516098
CS12790,1,0.005911069456487894
CS12791,0,0.00017400544311385602
CS12792,0,0.0004802972252946347
CS12793,0,9.915272676153108e-05
CS12794,1,0.9979493021965027
CS12795,0,0.00042388474685139954
CS12796,0,7.031184213701636e-05
CS12797,1,0.0008969393675215542
CS12798,0,0.00033535013790242374
CS12799,0,0.00010554686014074832
CS12800,1,0.002182716503739357
CS12801,0,0.000552778597921133
CS12802,0,0.0007916296599432826
CS12803,0,0.019568677991628647
CS12804,0,0.00029595711384899914
CS12805,0,5.829126530443318e-05
CS12806,0,5.6497930927434936e-05
CS12807,0,0.5640984773635864
CS12808,1,0.00037998449988663197
CS12809,1,0.7424216866493225
CS12810,0,0.0035380860790610313
CS12811,0,0.0838903859257698
CS12812,1,0.9998601675033569
CS12813,0,0.0009110512328334153
CS12814,0,0.00016603847325313836
CS12815,0,0.0011160143185406923
CS12816,0,0.0012644219677895308
CS12817,1,0.026155618950724602
CS12818,1,0.018404891714453697
CS12819,0,0.0004655269149225205
CS12820,0,0.00010889690020121634
CS12821,0,0.00172745855525136
CS12822,0,0.0002492325147613883
CS12823,0,0.00015356238873209804
CS12824,1,0.0009399439441040158
CS12825,0,0.00016865275392774493
CS12826,0,0.00037998449988663197
CS12827,0,0.00029595711384899914
CS12828,1,0.9999097585678101
CS12829,0,0.00030534894904121757
CS12830,0,6.205048703122884e-05
CS12831,0,0.9978172779083252
CS12832,0,0.00015356238873209804
CS12833,1,0.9995272159576416
CS12834,0,6.814871449023485e-05
CS12835,0,0.9918121099472046
CS12836,1,0.999868631362915
CS12837,0,9.028038766700774e-05
CS12838,0,0.0002611903182696551
CS12839,0,5.6497930927434936e-05
CS12840,0,0.00013135180051904172
CS12841,0,8.750300185056403e-05
CS12842,0,0.00255091255530715
CS12843,0,0.25349125266075134
CS12844,0,0.00023782206699252129
CS12845,1,0.976669192314148
CS12846,0,0.0014103584690019488
CS12847,1,0.000816738058347255
CS12848,1,0.9994966983795166
CS12849,0,0.7371581792831421
CS12850,1,0.9981613755226135
CS12851,0,0.009936419315636158
CS12852,0,0.00023050671734381467
CS12853,1,0.917302668094635
CS12854,0,0.0025909794494509697
CS12855,0,0.0003406293399166316
CS12856,0,0.00011591933434829116
CS12857,1,0.0009253848693333566
CS12858,0,9.610241977497935e-05
CS12859,1,0.9771973490715027
CS12860,0,0.00017400544311385602
CS12861,0,0.0009697519708424807
CS12862,0,0.00047285447362810373
CS12863,0,0.0002824080584105104
CS12864,1,0.9997546076774597
CS12865,0,0.00016346470511052758
CS12866,1,0.11920291185379028
CS12867,0,0.00017674513219390064
CS12868,0,0.0004442183708306402
CS12869,0,7.254361116793007e-05
CS12870,1,0.9997695088386536
CS12871,1,0.0012065897462889552
CS12872,0,0.0001398220774717629
CS12873,0,7.031184213701636e-05
CS12874,0,0.0006361912819556892
CS12875,0,8.750300185056403e-05
CS12876,0,0.00037409563083201647
CS12877,0,0.00036829791497439146
CS12878,1,0.0010649625910446048
CS12879,1,0.0005112579092383385
CS12880,0,0.00031503866193816066
CS12881,0,0.014392334967851639
CS12882,0,8.481104305246845e-05
CS12883,0,0.00018814207578543574
CS12884,0,7.967301644384861e-05
CS12885,0,0.00011235327110625803
CS12886,0,0.0002780309587251395
CS12887,0,5.144221358932555e-05
CS12888,0,0.00012731103925034404
CS12889,0,0.010818448849022388
CS12890,1,0.99991774559021
CS12891,0,9.314593626186252e-05
CS12892,0,0.08570928126573563
CS12893,0,0.0034834241960197687
CS12894,0,0.0012644219677895308
CS12895,0,0.00030061634606681764
CS12896,0,0.00019716944370884448
CS12897,0,6.814871449023485e-05
CS12898,0,0.00014883847325108945
CS12899,0,0.0038844768423587084
CS12900,0,0.00018522574100643396
CS12901,1,0.00010889690020121634
CS12902,0,0.0009697519708424807
CS12903,0,0.9522199034690857
CS12904,0,0.00016346470511052758
CS12905,0,0.00014425987319555134
CS12906,0,0.0010322310263291001
CS12907,0,0.0002098830882459879
CS12908,0,0.0002694791473913938
CS12909,0,0.0001795279822545126
CS12910,0,0.0027576221618801355
CS12911,0,0.00011235327110625803
CS12912,0,0.00037998449988663197
CS12913,0,0.0010005044750869274
CS12914,0,0.0004108485300093889
CS12915,1,0.00013765462790615857
CS12916,0,0.00019110433640889823
CS12917,0,0.00022693387290928513
CS12918,0,0.002217013156041503
CS12919,0,0.00015843621804378927
CS12920,0,0.000552778597921133
CS12921,1,0.0010322310263291001
CS12922,0,0.0004655269149225205
CS12923,0,0.0005112579092383385
CS12924,0,0.00012339458044152707
CS12926,0,0.4241734445095062
CS12927,0,0.0002492325147613883
CS12928,1,0.9429286122322083
CS12929,0,0.5256123542785645
CS12930,0,6.205048703122884e-05
CS12931,1,0.9998260140419006
CS12932,0,0.0006667023408226669
CS12933,0,0.0020190139766782522
CS12934,0,0.0016743993619456887
CS12935,1,0.9881309270858765
CS12936,0,0.00014883847325108945
CS12937,0,0.0004802972252946347
CS12938,1,0.9324532747268677
CS12939,1,0.998848557472229
CS12941,0,0.6113819479942322
CS12942,0,6.814871449023485e-05
CS12943,1,0.9983256459236145
CS12944,0,0.00018522574100643396
CS12945,0,0.0006166296661831439
CS12946,0,0.00010889690020121634
CS12947,0,0.0034834241960197687
CS12948,0,0.00010889690020121634
CS12949,0,0.0005033356137573719
CS12950,0,0.0004442183708306402
CS12951,0,0.00016865275392774493
CS12952,0,0.0005976693355478346
CS12953,1,0.9998365640640259
CS12955,1,0.9995761513710022
CS12956,0,0.9910145401954651
CS12957,0,0.00029137005913071334
CS12958,0,0.0006771942134946585
CS12959,0,0.00015843621804378927
CS12960,0,0.00036829791497439146
CS12961,0,0.9910145401954651
CS12962,0,0.999438464641571
CS12963,1,0.24006123840808868
CS12964,0,0.00014425987319555134
CS12965,0,0.33347609639167786
CS12966,0,0.0007554056355729699
CS12967,0,0.00037998449988663197
CS12968,0,0.0003859660937450826
CS12969,0,0.00027372167096473277
CS12970,0,0.004133968148380518
CS12971,0,0.00015356238873209804
CS12972,0,8.481104305246845e-05
CS12973,0,0.0002098830882459879
CS12974,0,0.0004173157794866711
CS12975,0,0.013428254052996635
CS12976,0,0.0006361912819556892
CS12977,0,0.00012731103925034404
CS12978,1,0.9998557567596436
CS12979,0,0.00015843621804378927
CS12980,0,0.0006166296661831439
CS12981,1,0.9719924926757812
CS12982,0,0.0002611903182696551
CS12983,0,0.00027372167096473277
CS12984,0,0.0004955359036102891
CS12985,0,0.00020342698553577065
CS12986,0,0.00307536986656487
CS12987,0,0.0011695101857185364
CS12988,0,0.0008693674462847412
CS12989,1,0.9997468590736389
CS12990,0,0.00012339458044152707
CS12991,0,7.254361116793007e-05
CS12992,0,0.0003514382697176188
CS12993,0,9.028038766700774e-05
CS12994,0,0.0009399439441040158
CS12995,0,0.00029137005913071334
CS12996,0,9.314593626186252e-05
CS12997,0,0.0002131875662598759
CS12998,0,8.481104305246845e-05
CS12999,0,0.0014550628839060664
CS13000,1,0.9998766183853149
CS13001,0,0.0001795279822545126
CS13002,0,0.00037998449988663197
CS13003,1,0.015543648041784763
CS13004,0,0.9955315589904785
CS13005,0,0.00039821307291276753
CS13006,1,0.003027835162356496
CS13007,0,0.0010005044750869274
CS13008,0,0.00020027377468068153
CS13009,1,0.9999008178710938
CS13010,0,0.0004802972252946347
CS13011,1,0.9997867941856384
CS13012,0,0.00035697061684913933
CS13013,0,0.00033535013790242374
CS13014,1,0.0003859660937450826
CS13015,0,0.00015356238873209804
CS13016,0,0.002396730938926339
CS13017,0,0.0001334200205747038
CS13018,0,0.00015356238873209804
CS13019,0,0.0002098830882459879
CS13020,0,6.814871449023485e-05
CS13021,0,0.00018522574100643396
CS13022,0,0.0005884087877348065
CS13023,1,0.9998804330825806
CS13024,0,0.0007208380266092718
CS13025,1,0.999322772026062
CS13026,0,0.00018522574100643396
CS13027,0,0.8333246111869812
CS13028,0,0.0003514382697176188
CS13029,0,0.00955939944833517
CS13030,0,0.00013135180051904172
CS13031,0,0.000552778597921133
CS13032,0,0.00018522574100643396
CS13033,0,0.00014425987319555134
CS13034,0,7.722191367065534e-05
CS13035,0,0.008187909610569477
CS13036,0,0.00014883847325108945
CS13037,0,0.0002531563804950565
CS13038,1,0.9996898174285889
CS13039,0,5.6497930927434936e-05
CS13040,1,0.04240383207798004
CS13041,0,0.00012731103925034404
CS13042,1,0.9996199607849121
CS13043,0,0.00955939944833517
CS13044,0,0.0006986756343394518
CS13045,1,0.9998726844787598
CS13046,0,0.006797531619668007
CS13047,0,0.0011879054363816977
CS13048,0,0.0008040859247557819
CS13049,0,0.0006361912819556892
CS13050,0,0.00011591933434829116
CS13051,0,0.00010554686014074832
CS13052,0,0.004007288720458746
CS13053,0,0.0002531563804950565
CS13054,0,0.0001713081874186173
CS13055,0,0.0022518474142998457
CS13056,0,0.00027372167096473277
CS13057,1,0.999783456325531
CS13058,0,0.0007437028689309955
CS13059,0,0.031618766486644745
CS13060,0,0.00015356238873209804
CS13061,0,0.00016346470511052758
CS13062,0,0.0003859660937450826
CS13063,0,0.23370636999607086
CS13064,0,0.02779562398791313
CS13065,0,0.00021654405281879008
CS13066,0,8.750300185056403e-05
CS13067,0,0.0003920417802873999
CS13068,0,0.0003406293399166316
CS13069,0,6.014151585986838e-05
CS13070,0,5.829126530443318e-05
CS13071,0,0.00019110433640889823
CS13072,0,0.00031503866193816066
CS13073,0,0.00030534894904121757
CS13075,1,0.9848109483718872
CS13076,0,0.9991704225540161
CS13077,0,0.0017546144081279635
CS13078,0,0.0007208380266092718
CS13079,0,0.1465752124786377
CS13080,0,0.00026530236937105656
CS13081,0,0.00019411317771300673
CS13082,0,0.0001795279822545126
CS13083,1,0.0026730059180408716
CS13084,1,0.9910145401954651
CS13085,1,0.9998205304145813
CS13086,0,5.144221358932555e-05
CS13087,0,0.00010554686014074832
CS13088,0,0.0003250358859077096
CS13089,0,0.00020027377468068153
CS13090,0,0.0015487611526623368
CS13091,0,0.0001795279822545126
CS13092,1,0.9994471669197083
CS13093,1,0.0038844768423587084
CS13094,1,0.9971990585327148
CS13095,0,0.0013458604225888848
CS13096,0,0.9991440773010254
CS13097,0,0.016029145568609238
CS13098,1,0.9989677667617798
CS13099,0,7.967301644384861e-05
CS13100,0,9.610241977497935e-05
CS13101,0,0.0005442132824100554
CS13102,0,0.0006070755189284682
CS13103,0,0.003945406526327133
CS13104,0,0.5377697348594666
CS13105,0,0.08756384253501892
CS13106,0,0.0010322310263291001
CS13107,1,0.9997933506965637
CS13108,0,0.0011695101857185364
CS13109,0,0.9600626826286316
CS13110,1,0.9996140599250793
CS13111,0,0.014281935058534145
CS13112,0,9.915272676153108e-05
CS13113,0,0.00019110433640889823
CS13114,0,0.00015356238873209804
CS13115,0,0.00011235327110625803
CS13116,0,0.0007321813027374446
CS13117,0,0.07978201657533646
CS13118,0,0.0003459916333667934
CS13119,0,0.00039821307291276753
CS13120,0,0.0001795279822545126
CS13121,1,0.0011879054363816977
CS13122,1,0.9998944997787476
CS13123,1,0.9998028874397278
CS13124,1,0.9983769655227661
CS13125,0,0.0443485826253891
CS13126,0,0.0008969393675215542
CS13127,0,0.0007208380266092718
CS13128,0,0.014063626527786255
CS13129,0,0.00020342698553577065
CS13130,0,0.0004373344127088785
CS13131,0,0.0005976693355478346
CS13132,0,0.0004512106243055314
CS13133,0,0.023870835080742836
CS13134,0,0.0011879054363816977
CS13135,0,0.023689471185207367
CS13136,0,0.00023050671734381467
CS13137,0,7.031184213701636e-05
CS13139,0,0.00015356238873209804
CS13140,0,0.0002694791473913938
CS13141,1,0.011687259189784527
CS13142,1,0.000816738058347255
CS13143,0,0.00012731103925034404
CS13144,0,0.0006667023408226669
CS13145,0,0.00025714197545312345
CS13146,1,0.9996429681777954
CS13147,1,0.0028449094388633966
CS13148,0,0.00025714197545312345
CS13149,1,0.0015487611526623368
CS13150,1,0.9998644590377808
CS13151,1,0.9998804330825806
CS13152,0,0.00027372167096473277
CS13153,0,0.08540366590023041
CS13154,0,7.031184213701636e-05
CS13155,0,0.011869121342897415
CS13156,0,0.0018969199154525995
CS13157,0,6.605214002775028e-05
CS13158,1,0.9997219443321228
CS13159,0,0.0006986756343394518
CS13160,0,0.0017546144081279635
CS13161,0,0.0007672925130464137
CS13162,0,0.0006667023408226669
CS13163,0,0.9993833303451538
CS13164,0,0.00019716944370884448
CS13165,0,0.00031503866193816066
CS13166,0,0.00020342698553577065
CS13167,0,0.00015843621804378927
CS13168,0,0.0002780309587251395
CS13169,0,0.2766905426979065
CS13170,0,0.00013552079326473176
CS13171,0,0.0001795279822545126
CS13172,1,0.9998644590377808
CS13173,0,0.0010649625910446048
CS13174,0,7.484622619813308e-05
CS13175,0,0.0008830458391457796
CS13176,0,0.0022518474142998457
CS13177,0,0.00011235327110625803
CS13178,0,0.0004955359036102891
CS13179,0,0.0014103584690019488
CS13180,0,0.0014779430348426104
CS13181,0,0.00012731103925034404
CS13182,0,0.00014425987319555134
CS13183,0,0.0008295892039313912
CS13184,0,0.0004305570910219103
CS13185,0,0.0002234163403045386
CS13186,0,0.0003406293399166316
CS13187,0,0.00021654405281879008
CS13188,0,0.00036259001353755593
CS13189,0,0.0005792917218059301
CS13190,0,0.0005884087877348065
CS13191,0,0.01971912756562233
CS13192,0,0.00039821307291276753
CS13193,0,6.814871449023485e-05
CS13194,0,0.030214587226510048
CS13195,0,0.00014425987319555134
CS13196,1,0.32831403613090515
CS13197,1,0.9998840093612671
CS13198,0,7.967301644384861e-05
CS13199,0,0.00011591933434829116
CS13200,0,0.8568122982978821
CS13201,0,0.00035697061684913933
CS13202,1,0.9719924926757812
CS13203,0,0.00019716944370884448
CS13204,0,0.00015598026220686734
CS13205,0,0.00033535013790242374
CS13206,0,0.00014425987319555134
CS13207,0,0.002396730938926339
CS13208,1,0.9997695088386536
CS13209,0,0.00011591933434829116
CS13210,0,0.9989677667617798
CS13211,1,0.9539660811424255
CS13212,0,0.0003859660937450826
CS13213,0,0.002082970691844821
CS13214,0,0.0038844768423587084
CS13215,0,0.00039821307291276753
CS13216,0,7.722191367065534e-05
CS13217,0,0.00010554686014074832
CS13218,0,0.00014425987319555134
CS13219,0,0.0002868540759664029
CS13220,1,0.9942697286605835
CS13221,0,0.00015356238873209804
CS13222,0,0.00029137005913071334
CS13223,0,0.4798693358898163
CS13224,0,0.00010889690020121634
CS13225,0,9.314593626186252e-05
CS13226,0,0.0007096704212017357
CS13227,0,7.722191367065534e-05
CS13228,0,0.00247262348420918
CS13229,0,0.0004305570910219103
CS13230,0,0.0026316740550100803
CS13231,0,9.314593626186252e-05
CS13232,0,0.00017400544311385602
CS13233,0,0.00023782206699252129
CS13234,0,0.00015356238873209804
CS13235,0,6.814871449023485e-05
CS13236,0,0.0007554056355729699
CS13237,1,0.9111796617507935
CS13238,0,0.0002234163403045386
CS13239,0,0.0007208380266092718
CS13240,0,0.00011591933434829116
CS13241,0,0.9895108342170715
CS13242,0,0.00020342698553577065
CS13243,0,0.00012339458044152707
CS13244,0,0.0009110512328334153
CS13245,0,6.205048703122884e-05
CS13246,0,0.00023050671734381467
CS13247,0,0.00027372167096473277
CS13248,0,0.00045831294846720994
CS13249,0,0.0001398220774717629
CS13250,0,9.915272676153108e-05
CS13251,1,0.9810219407081604
CS13252,0,0.00019110433640889823
CS13253,0,0.00036259001353755593
CS13254,0,0.0006462032906711102
CS13256,0,0.00024536947603337467
CS13257,1,0.9998557567596436
CS13258,0,7.722191367065534e-05
CS13259,0,0.0016484829830005765
CS13260,0,0.00031503866193816066
CS13261,0,0.0002531563804950565
CS13262,0,0.0002780309587251395
CS13263,0,0.00036829791497439146
CS13264,0,0.0002868540759664029
CS13265,0,0.0002098830882459879
CS13266,1,0.9961755275726318
CS13267,1,0.999868631362915
CS13268,0,0.00247262348420918
CS13269,1,0.0018969199154525995
CS13270,0,0.0011695101857185364
CS13271,0,0.00013135180051904172
CS13272,0,0.00021995336282998323
CS13273,0,0.0005884087877348065
CS13274,0,0.0002694791473913938
CS13275,0,7.484622619813308e-05
CS13276,0,0.00011235327110625803
CS13277,0,0.00016865275392774493
CS13278,0,0.0011335690505802631
CS13279,0,6.014151585986838e-05
CS13280,0,0.0002098830882459879
CS13281,1,0.9987157583236694
CS13282,0,9.028038766700774e-05
CS13283,0,0.00019716944370884448
CS13284,0,0.0014103584690019488
CS13285,0,0.4116429388523102
CS13286,0,9.028038766700774e-05
CS13287,1,0.9994725584983826
CS13288,0,0.00010889690020121634
CS13289,0,0.00037409563083201647
CS13290,0,0.0008693674462847412
CS13291,0,0.0002098830882459879
CS13292,0,0.005469274241477251
CS13293,0,0.0003406293399166316
CS13294,0,0.00033535013790242374
CS13295,1,0.9997428059577942
CS13296,0,0.00014425987319555134
CS13297,0,0.0004442183708306402
CS13298,0,0.0005112579092383385
CS13299,0,0.0003406293399166316
CS13300,0,0.0003406293399166316
CS13301,1,0.9879462122917175
CS13302,0,0.0003250358859077096
CS13303,0,0.024053553119301796
CS13304,1,0.0002234163403045386
CS13305,0,6.605214002775028e-05
CS13306,0,0.0002098830882459879
CS13307,0,0.0007096704212017357
CS13308,0,0.00021654405281879008
CS13309,0,0.0023596605751663446
CS13310,0,0.0013670255430042744
CS13311,0,0.00019110433640889823
CS13312,0,0.00172745855525136
CS13313,1,0.9991573095321655
CS13314,0,0.00019716944370884448
CS13315,0,0.00021654405281879008
CS13316,0,0.0002531563804950565
CS13317,1,0.00036259001353755593
CS13318,0,0.00024156630388461053
CS13319,0,0.00020342698553577065
CS13320,0,0.0010322310263291001
CS13321,0,6.205048703122884e-05
CS13322,0,0.00011959858238697052
CS13323,0,0.0002694791473913938
CS13324,0,0.00023050671734381467
CS13325,0,0.0006878511630930007
CS13326,0,0.0010322310263291001
CS13327,0,0.0003406293399166316
CS13328,0,9.915272676153108e-05
CS13329,1,0.9989182949066162
CS13330,0,0.004133968148380518
CS13331,1,0.9304582476615906
CS13332,0,0.0004878571489825845
CS13333,1,0.0004173157794866711
CS13334,0,0.00010229986219201237
CS13335,1,0.020645931363105774
CS13336,0,0.0037072529084980488
CS13338,0,7.722191367065534e-05
CS13339,1,0.999868631362915
CS13340,1,0.5516642928123474
CS13341,1,0.9997507929801941
CS13342,0,0.0002780309587251395
CS13343,0,0.00014883847325108945
CS13344,1,0.9981324076652527
CS13345,0,0.0003514382697176188
CS13346,0,0.00029137005913071334
CS13347,0,9.314593626186252e-05
CS13348,0,0.00016865275392774493
CS13349,0,0.0008426423300988972
CS13350,0,0.777637779712677
CS13351,0,0.00031015597051009536
CS13352,0,5.829126530443318e-05
CS13353,0,0.00019110433640889823
CS13354,0,6.402006692951545e-05
CS13355,0,0.0005112579092383385
CS13356,0,0.00039821307291276753
CS13357,0,0.00012339458044152707
CS13358,0,0.00019716944370884448
CS13359,0,0.16885696351528168
CS13360,0,0.0005193048273213208
CS13361,0,0.0008295892039313912
CS13362,0,8.750300185056403e-05
CS13363,0,0.00017400544311385602
CS13364,0,0.000816738058347255
CS13365,0,0.009268013760447502
CS13366,0,0.00013135180051904172
CS13367,0,0.0016484829830005765
CS13368,1,0.04535258188843727
CS13369,0,0.9987550973892212
CS13370,0,0.00017400544311385602
CS13371,0,0.00013135180051904172
CS13372,0,0.00030061634606681764
CS13373,0,0.0003459916333667934
CS13374,0,0.00030061634606681764
CS13375,1,0.999480664730072
CS13376,0,0.016029145568609238
CS13377,1,0.8958876132965088
CS13378,0,0.0006667023408226669
CS13379,0,0.00031015597051009536
CS13380,0,0.00030061634606681764
CS13381,0,0.00016603847325313836
CS13382,0,0.0002611903182696551
CS13383,0,0.0014103584690019488
CS13384,0,7.722191367065534e-05
CS13385,0,0.00255091255530715
CS13386,1,0.0005033356137573719
CS13387,0,0.0007672925130464137
CS13388,1,0.053403329104185104
CS13389,1,0.0005033356137573719
CS13390,0,0.00045831294846720994
CS13391,1,0.997368335723877
CS13392,0,0.0004512106243055314
CS13393,0,8.750300185056403e-05
CS13394,1,0.9998148083686829
CS13395,0,0.00021995336282998323
CS13396,1,0.9959927201271057
CS13397,0,0.00021654405281879008
CS13398,0,0.0001795279822545126
CS13399,0,0.0004373344127088785
CS13400,0,0.00014883847325108945
CS13401,1,0.9998601675033569
CS13402,0,7.967301644384861e-05
CS13403,0,0.00011959858238697052
CS13404,1,0.999868631362915
CS13405,0,0.00021995336282998323
CS13406,0,6.205048703122884e-05
CS13407,0,0.9947799444198608
CS13408,0,0.00016346470511052758
CS13409,0,0.010735162533819675
CS13410,0,0.00016865275392774493
CS13411,1,0.9997901320457458
CS13412,0,0.0026730059180408716
CS13413,0,0.09434341639280319
CS13414,0,0.966156005859375
CS13415,0,0.007937993854284286
CS13416,0,0.0015011822106316686
CS13417,0,0.00019110433640889823
CS13418,0,0.001622966956347227
CS13419,0,0.00019110433640889823
CS13420,0,0.8413047790527344
CS13421,0,7.031184213701636e-05
CS13422,0,0.0005193048273213208
CS13423,0,0.00018522574100643396
CS13424,0,0.00014883847325108945
CS13425,1,0.9996849298477173
CS13426,1,0.9999151229858398
CS13427,0,0.0002611903182696551
CS13428,0,0.0002234163403045386
CS13429,0,0.00016346470511052758
CS13430,0,0.00024156630388461053
CS13431,0,0.0004373344127088785
CS13432,1,0.942081868648529
CS13433,0,0.00013552079326473176
CS13434,0,0.0009697519708424807
CS13435,0,0.0004955359036102891
CS13436,0,0.00018522574100643396
CS13437,0,0.00037998449988663197
CS13438,0,0.9938070178031921
CS13439,0,0.00016865275392774493
CS13440,1,0.999841570854187
CS13441,1,0.9998488426208496
CS13442,0,7.722191367065534e-05
CS13443,0,0.28537192940711975
CS13444,0,0.4612594544887543
CS13445,0,0.0443485826253891
CS13446,0,0.00012731103925034404
CS13447,0,0.06656918674707413
CS13448,0,0.00037998449988663197
CS13449,1,0.9994557499885559
CS13450,0,0.017576880753040314
CS13451,0,0.00017400544311385602
CS13452,0,0.9167081117630005
CS13453,1,0.9998313188552856
CS13454,0,0.0012255674228072166
CS13455,0,6.205048703122884e-05
CS13456,0,0.017442483454942703
CS13457,0,0.00014425987319555134
CS13458,0,0.0002131875662598759
CS13459,0,0.00019110433640889823
CS13460,0,7.254361116793007e-05
CS13461,1,0.9989515542984009
CS13462,0,0.9991169571876526
CS13463,0,0.00021654405281879008
CS13464,0,0.00024536947603337467
CS13465,1,0.9943581223487854
CS13466,0,0.00012339458044152707
CS13467,0,0.00027372167096473277
CS13468,0,0.0002611903182696551
CS13469,0,0.00016865275392774493
CS13470,0,0.0009547316585667431
CS13471,1,0.0007554056355729699
CS13472,0,0.00011235327110625803
CS13473,0,0.0005614787223748863
CS13474,1,0.8238958716392517
CS13475,0,0.0005614787223748863
CS13476,0,0.00012339458044152707
CS13477,0,0.0003406293399166316
CS13478,1,0.00011235327110625803
CS13479,0,0.00024536947603337467
CS13480,0,0.00024156630388461053
CS13481,0,0.0003514382697176188
CS13482,0,0.00029137005913071334
CS13483,0,0.9980732202529907
CS13484,0,7.722191367065534e-05
CS13485,1,0.9993013143539429
CS13486,1,0.9926542043685913
CS13487,0,0.0003459916333667934
CS13488,0,0.0002234163403045386
CS13489,0,0.00027372167096473277
CS13490,0,0.0013250223128125072
CS13491,0,0.00039821307291276753
CS13492,0,0.0001398220774717629
CS13493,0,0.0002868540759664029
CS13494,0,8.481104305246845e-05
CS13495,0,7.031184213701636e-05
CS13496,0,0.0005033356137573719
CS13497,0,9.028038766700774e-05
CS13498,0,0.00026530236937105656
CS13499,0,0.00033535013790242374
CS13500,0,8.220189192797989e-05
CS13501,1,0.999841570854187
CS13502,0,0.0009697519708424807
CS13503,1,0.0037654137704521418
CS13504,0,0.00020342698553577065
CS13505,0,0.00010889690020121634
CS13506,0,8.220189192797989e-05
CS13507,1,0.9959927201271057
CS13508,0,0.00016346470511052758
CS13509,0,0.00035697061684913933
CS13510,0,0.0002780309587251395
CS13511,0,0.0003199982747901231
CS13512,0,0.00018522574100643396
CS13513,0,0.0018102109897881746
CS13514,0,0.0004878571489825845
CS13515,0,8.750300185056403e-05
CS13516,0,0.02145073004066944
CS13517,0,0.00031503866193816066
CS13518,0,0.001622966956347227
CS13519,0,0.00018522574100643396
CS13520,0,0.00013135180051904172
CS13521,1,0.0012843082658946514
CS13522,0,0.6297746300697327
CS13523,1,0.9999251365661621
CS13524,0,0.00017400544311385602
CS13525,0,0.00013552079326473176
CS13526,1,0.8688268065452576
CS13527,1,0.9953181147575378
CS13528,0,0.0008040859247557819
CS13529,1,0.9998766183853149
CS13530,0,0.0004955359036102891
CS13531,0,0.0004373344127088785
CS13532,1,0.9996373653411865
CS13533,0,0.001304506789892912
CS13534,0,0.00019110433640889823
CS13535,0,0.00023782206699252129
CS13536,0,0.00019110433640889823
CS13537,1,0.0013458604225888848
CS13538,0,0.0006667023408226669
CS13539,1,0.003649987280368805
CS13540,0,0.00021995336282998323
CS13541,1,0.9998804330825806
CS13542,0,0.00029137005913071334
CS13543,0,0.0010005044750869274
CS13544,0,0.00037998449988663197
CS13545,0,7.484622619813308e-05
CS13546,0,0.00015356238873209804
CS13547,0,0.00016346470511052758
CS13548,1,0.9998977184295654
CS13549,1,0.9999203681945801
CS13550,1,0.00030061634606681764
CS13551,0,0.00019110433640889823
CS13552,0,0.00011235327110625803
CS13553,0,0.0026730059180408716
CS13554,0,0.0007208380266092718
CS13555,0,0.0004802972252946347
CS13556,1,0.9988840222358704
CS13557,0,0.00031015597051009536
CS13558,1,0.020023442804813385
CS13559,1,0.0018102109897881746
CS13560,0,0.00013552079326473176
CS13561,1,0.9956005811691284
CS13562,0,0.0006462032906711102
CS13563,0,0.00019716944370884448
CS13564,0,0.0002611903182696551
CS13565,0,6.205048703122884e-05
CS13566,1,0.9681411385536194
CS13567,0,0.0002492325147613883
CS13568,0,0.0005792917218059301
CS13569,0,0.9284088015556335
CS13570,0,0.00010229986219201237
CS13571,0,0.0003301527467556298
CS13572,1,0.013020489364862442
CS13573,1,0.9114953279495239
CS13574,0,0.0002531563804950565
CS13575,1,0.7431679368019104
CS13576,0,0.03875619173049927
CS13577,0,0.0003199982747901231
CS13578,1,0.22918999195098877
CS13579,1,0.9606574773788452
CS13580,0,0.00023782206699252129
CS13581,1,0.9998028874397278
CS13582,0,0.842863142490387
CS13583,0,0.00010889690020121634
CS13584,0,0.00019110433640889823
CS13585,1,0.9722043871879578
CS13586,0,0.0004173157794866711
CS13587,0,0.00025714197545312345
CS13588,0,0.00023050671734381467
CS13589,1,0.002714985515922308
CS13590,1,0.9998666048049927
CS13591,0,0.0009253848693333566
CS13592,0,0.9959927201271057
CS13593,0,8.220189192797989e-05
CS13594,1,0.9984021782875061
CS13595,0,0.00021995336282998323
CS13596,0,0.00015843621804378927
CS13597,1,0.9998148083686829
CS13598,0,0.00014425987319555134
CS13599,1,0.01798621006309986
CS13600,0,0.0004955359036102891
CS13601,1,0.010328153148293495
CS13602,0,9.610241977497935e-05
CS13603,0,7.967301644384861e-05
CS13604,0,0.00031503866193816066
CS13605,0,0.00017400544311385602
CS13606,1,0.9998623132705688
CS13607,1,0.9901401400566101
CS13608,0,9.915272676153108e-05
CS13609,0,6.605214002775028e-05
CS13610,1,0.9998205304145813
CS13611,0,0.0002531563804950565
CS13612,0,0.5098940134048462
CS13613,0,0.00018522574100643396
CS13614,0,0.00019716944370884448
CS13615,0,0.0002531563804950565
CS13616,0,0.0019570167642086744
CS13617,1,0.9995197057723999
CS13618,1,0.9998804330825806
CS13619,1,0.9998464584350586
CS13620,0,0.0002868540759664029
CS13621,1,0.963230550289154
CS13622,0,0.6829967498779297
CS13623,0,7.031184213701636e-05
CS13624,0,0.00019110433640889823
CS13625,0,6.402006692951545e-05
CS13626,0,0.00017400544311385602
CS13627,1,0.0060035958886146545
CS13628,0,0.9407896995544434
CS13629,0,0.00014425987319555134
CS13630,1,0.03488088771700859
CS13631,0,0.00015356238873209804
CS13632,0,0.00015356238873209804
CS13633,0,0.0005112579092383385
CS13634,0,0.00036829791497439146
CS13635,1,0.9933071732521057
CS13636,0,0.0004802972252946347
CS13637,1,0.9998557567596436
CS13638,0,0.0001795279822545126
CS13639,0,0.00023050671734381467
CS13640,0,0.00014653131074737757
CS13641,0,0.00025714197545312345
CS13642,1,0.999868631362915
CS13643,0,0.00012731103925034404
CS13644,1,0.9353464841842651
CS13645,0,0.0002824080584105104
CS13646,0,0.0001398220774717629
CS13647,0,5.144221358932555e-05
CS13648,1,0.9988840222358704
CS13649,0,0.0009547316585667431
CS13650,1,0.9403530955314636
CS13651,0,0.00036259001353755593
CS13652,0,0.0006166296661831439
CS13653,0,0.9700134992599487
CS13654,0,0.00036829791497439146
CS13655,0,6.402006692951545e-05
CS13656,0,0.00013135180051904172
CS13657,0,0.00307536986656487
CS13658,0,0.00029595711384899914
CS13659,0,0.0060035958886146545
CS13660,0,0.0006667023408226669
CS13661,1,0.9953181147575378
CS13662,0,0.897335946559906
CS13663,0,0.00023050671734381467
CS13664,0,5.829126530443318e-05
CS13665,0,0.00012731103925034404
CS13666,0,7.722191367065534e-05
CS13667,0,7.484622619813308e-05
CS13668,0,0.00015356238873209804
CS13669,0,0.00020027377468068153
CS13670,1,0.9983515739440918
CS13671,0,0.00015843621804378927
CS13672,1,0.0002531563804950565
CS13673,1,0.9998286962509155
CS13674,0,0.00011591933434829116
CS13675,0,0.004331502132117748
CS13676,0,0.8563323616981506
CS13677,0,0.0005193048273213208
CS13678,0,0.00033535013790242374
CS13679,0,0.00036829791497439146
CS13680,0,0.003649987280368805
CS13681,0,0.0002611903182696551
CS13682,0,0.0003250358859077096
CS13683,0,9.314593626186252e-05
CS13684,0,0.005554925184696913
CS13685,0,0.00013135180051904172
CS13686,0,0.00010554686014074832
CS13687,0,0.0001398220774717629
CS13688,1,0.999868631362915
CS13689,0,0.9959927201271057
CS13690,1,0.9998028874397278
CS13691,0,0.0003406293399166316
CS13692,0,0.00010229986219201237
CS13693,0,0.00017400544311385602
CS13694,0,0.9805806875228882
CS13696,0,0.0002234163403045386
CS13697,0,0.00013552079326473176
CS13698,0,0.00012731103925034404
CS13699,0,0.00015843621804378927
CS13700,0,0.00026530236937105656
CS13701,0,0.0001823546044761315
CS13702,1,0.9791954755783081
CS13703,0,0.00033535013790242374
CS13704,0,0.0037072529084980488
CS13705,0,0.00021995336282998323
CS13706,0,0.00016346470511052758
CS13707,1,0.8543993234634399
CS13708,0,8.750300185056403e-05
CS13709,0,0.00020342698553577065
CS13710,0,0.00014883847325108945
CS13711,1,0.6143361926078796
CS13712,0,0.00012339458044152707
CS13713,0,0.00020342698553577065
CS13714,1,0.9996316432952881
CS13715,1,0.9974090456962585
CS13716,0,5.6497930927434936e-05
CS13717,1,0.00030061634606681764
CS13718,0,0.00019716944370884448
CS13719,0,0.954308032989502
CS13720,0,5.6497930927434936e-05
CS13721,0,0.0003199982747901231
CS13722,0,0.0007554056355729699
CS13723,1,0.995866060256958
CS13724,0,0.002800926798954606
CS13725,0,0.00016865275392774493
CS13726,0,0.0007437028689309955
CS13727,0,0.00024536947603337467
CS13728,1,0.9252300262451172
CS13729,0,6.205048703122884e-05
CS13730,0,0.0006070755189284682
CS13731,0,0.000656372809316963
CS13732,0,0.0006263342220336199
CS13733,1,0.9998766183853149
CS13734,1,0.999464213848114
CS13735,1,0.9878528118133545
CS13736,0,0.00017400544311385602
CS13738,1,0.9997997879981995
CS13739,0,5.6497930927434936e-05
CS13740,0,0.00010229986219201237
CS13741,1,0.9989182949066162
CS13742,0,0.00023413580493070185
CS13743,0,5.475977013702504e-05
CS13744,1,0.00015843621804378927
CS13745,1,0.35488009452819824
CS13746,0,0.00012731103925034404
CS13747,0,0.00019716944370884448
CS13748,0,0.0002531563804950565
CS13749,1,0.9998766183853149
CS13750,1,0.0024343819823116064
CS13751,0,0.00020342698553577065
CS13752,1,0.9947799444198608
CS13753,0,0.00013135180051904172
CS13754,1,0.9998089671134949
CS13755,1,0.9998910427093506
CS13756,0,0.0009253848693333566
CS13757,0,0.00010554686014074832
CS13758,0,0.011961097829043865
CS13759,0,0.0009110512328334153
CS13760,0,0.00010554686014074832
CS13761,0,0.00015356238873209804
CS13762,0,0.00037409563083201647
CS13763,1,0.9998205304145813
CS13765,0,0.00017400544311385602
CS13766,0,0.00020342698553577065
CS13767,0,0.00016346470511052758
CS13768,0,0.0005884087877348065
CS13769,1,0.9983256459236145
CS13770,1,0.0035936026833951473
CS13771,0,8.220189192797989e-05
CS13772,0,0.00040448151412419975
CS13773,0,0.0006263342220336199
CS13774,0,0.00019716944370884448
CS13775,0,7.967301644384861e-05
CS13776,0,0.002217013156041503
CS13777,0,0.003945406526327133
CS13778,1,0.9924227595329285
CS13779,0,0.00020662981842178851
CS13780,0,0.00015843621804378927
CS13781,0,0.00037998449988663197
CS13782,0,7.722191367065534e-05
CS13783,1,0.9991832375526428
CS13784,0,0.0002492325147613883
CS13785,0,0.0003406293399166316
CS13786,0,0.00016346470511052758
CS13787,1,0.9999097585678101
CS13788,1,0.9997965693473816
CS13789,0,0.00011959858238697052
CS13790,0,0.00029595711384899914
CS13791,1,0.9999008178710938
CS13792,0,0.13028542697429657
CS13793,0,0.00019110433640889823
CS13794,0,0.00027372167096473277
CS13795,0,0.00018522574100643396
CS13796,0,0.002800926798954606
CS13797,0,0.0002098830882459879
CS13798,0,0.9591543078422546
CS13799,0,6.605214002775028e-05
CS13800,0,9.610241977497935e-05
CS13801,0,0.18330106139183044
CS13802,0,0.0038844768423587084
CS13803,1,0.999762237071991
CS13804,0,0.00030534894904121757
CS13805,0,0.0045384312979876995
CS13806,0,7.484622619813308e-05
CS13807,0,0.0002492325147613883
CS13808,0,0.00039821307291276753
CS13809,0,0.00014883847325108945
CS13810,0,7.484622619813308e-05
CS13811,0,0.00015356238873209804
CS13812,1,0.9971990585327148
CS13813,0,0.9921841025352478
CS13814,1,0.9987550973892212
CS13815,1,0.9997305274009705
CS13817,0,0.002396730938926339
CS13818,0,0.0006667023408226669
CS13819,0,0.003429603762924671
CS13820,0,0.00018522574100643396
CS13821,1,0.9539660811424255
CS13822,1,0.9993435740470886
CS13823,0,0.00015356238873209804
CS13824,0,0.0005792917218059301
CS13825,1,0.9998766183853149
CS13826,0,0.0002531563804950565
CS13827,1,0.8787311315536499
CS13828,0,0.00029595711384899914
CS13829,0,0.033589500933885574
CS13830,0,0.0002492325147613883
CS13831,0,0.0012448432389646769
CS13832,1,0.019271135330200195
CS13833,1,0.9985674619674683
CS13834,0,0.0002780309587251395
CS13835,0,0.0004655269149225205
CS13836,1,0.9996429681777954
CS13837,0,0.0003301527467556298
CS13838,1,0.9933071732521057
CS13839,0,0.0003250358859077096
CS13840,0,0.00037998449988663197
CS13841,0,0.00015356238873209804
CS13842,1,0.7397986054420471
CS13843,0,0.0005442132824100554
CS13844,0,0.0020507436711341143
CS13845,0,0.0007672925130464137
CS13846,0,6.814871449023485e-05
CS13847,1,0.9995761513710022
CS13848,0,0.00011591933434829116
CS13849,0,0.00027372167096473277
CS13850,0,0.00214894930832088
CS13851,1,0.9967774748802185
CS13852,0,0.00011235327110625803
CS13853,0,0.00015356238873209804
CS13854,1,0.9996849298477173
CS13855,0,0.003649987280368805
CS13856,0,0.0004878571489825845
CS13857,0,0.00013135180051904172
CS13858,0,0.002714985515922308
CS13859,0,0.00021654405281879008
CS13860,0,0.00026530236937105656
CS13861,0,7.031184213701636e-05
CS13862,1,0.9974090456962585
CS13863,0,0.0001795279822545126
CS13864,0,0.0023231625091284513
CS13865,0,0.00012731103925034404
CS13866,1,0.9998944997787476
CS13867,0,0.001524786464869976
CS13868,0,6.402006692951545e-05
CS13869,0,0.00014653131074737757
CS13870,1,0.0004655269149225205
CS13871,0,9.028038766700774e-05
CS13872,0,0.00036829791497439146
CS13873,1,0.9991573095321655
CS13874,0,7.031184213701636e-05
CS13875,0,0.00019716944370884448
CS13876,0,0.00029595711384899914
CS13877,0,6.402006692951545e-05
CS13878,0,0.00020342698553577065
CS13879,1,0.9936116337776184
CS13880,0,0.00017400544311385602
CS13881,1,0.9967774748802185
CS13882,1,0.9994115829467773
CS13883,0,0.0005792917218059301
CS13884,1,0.9970190525054932
CS13885,0,0.0005792917218059301
CS13886,1,0.9996373653411865
CS13887,0,0.0004802972252946347
CS13888,0,8.220189192797989e-05
CS13889,0,0.00016346470511052758
CS13890,1,0.07585818320512772
CS13891,1,0.002082970691844821
CS13892,0,6.014151585986838e-05
CS13893,0,0.00019411317771300673
CS13894,0,0.00013552079326473176
CS13895,1,0.00030061634606681764
CS13896,0,9.915272676153108e-05
CS13897,0,0.0001398220774717629
CS13898,0,0.0003301527467556298
CS13899,0,0.0001398220774717629
CS13900,1,0.9886682629585266
CS13901,0,0.00015843621804378927
CS13902,0,7.254361116793007e-05
CS13903,1,0.9998148083686829
CS13904,1,0.6742650270462036
CS13905,0,0.05108273774385452
CS13906,0,0.00019110433640889823
CS13907,0,0.001524786464869976
CS13908,0,0.00015843621804378927
CS13909,0,5.144221358932555e-05
CS13910,1,0.23757591843605042
CS13911,0,0.0013885231455788016
CS13912,0,0.8128673434257507
CS13913,1,0.00010229986219201237
CS13914,0,4.832564081880264e-05
CS13915,0,0.0033244371879845858
CS13916,0,0.7154240012168884
CS13917,0,0.00023050671734381467
CS13918,0,0.00016346470511052758
CS13919,0,0.3119506239891052
CS13920,0,0.00014883847325108945
CS13921,0,0.0003199982747901231
CS13922,0,0.0003920417802873999
CS13923,0,0.00021654405281879008
CS13924,0,0.0013250223128125072
CS13925,0,0.00018522574100643396
CS13926,0,0.0004305570910219103
CS13927,0,0.02909075655043125
CS13928,0,0.00012731103925034404
CS13929,0,0.00013135180051904172
CS13930,0,0.00033535013790242374
CS13931,0,0.004755199886858463
CS13932,0,0.00014425987319555134
CS13933,1,0.9970190525054932
CS13934,0,0.001304506789892912
CS13935,0,0.00019716944370884448
CS13936,0,7.254361116793007e-05
CS13937,1,0.9978510141372681
CS13938,0,0.00013552079326473176
CS13939,0,0.0004512106243055314
CS13940,1,0.8006919622421265
CS13941,0,0.00024156630388461053
CS13942,1,0.99991774559021
CS13943,0,0.034358687698841095
CS13944,1,0.9996429681777954
CS13945,0,0.00018522574100643396
CS13946,0,0.00019716944370884448
CS13947,0,0.00047285447362810373
CS13948,0,0.004198795184493065
CS13949,0,0.00015843621804378927
CS13950,0,0.00031503866193816066
CS13951,1,0.9989515542984009
CS13952,0,0.0002098830882459879
CS13953,0,0.001304506789892912
CS13954,0,0.0002531563804950565
CS13955,0,0.00022693387290928513
CS13956,0,0.08570928126573563
CS13957,0,8.220189192797989e-05
CS13958,0,0.00024156630388461053
CS13959,0,0.0002694791473913938
CS13960,0,0.00016346470511052758
CS13961,0,0.0004955359036102891
CS13962,1,0.9998644590377808
CS13963,0,0.00029137005913071334
CS13964,0,9.028038766700774e-05
CS13965,0,9.915272676153108e-05
CS13966,0,0.00045831294846720994
CS13967,0,0.0001795279822545126
CS13969,0,0.9994115829467773
CS13970,0,0.00012731103925034404
CS13971,1,0.9999251365661621
CS13972,0,0.9019206762313843
CS13973,1,0.001098731067031622
CS13974,1,0.9999397993087769
CS13975,0,0.00045831294846720994
CS13976,0,0.00013552079326473176
CS13977,0,0.00307536986656487
CS13978,1,0.9988664388656616
CS13979,0,7.967301644384861e-05
CS13980,0,0.0012843082658946514
CS13981,0,0.00023050671734381467
CS13982,0,8.750300185056403e-05
CS13983,0,9.314593626186252e-05
CS13984,1,0.9997965693473816
CS13985,0,0.00014883847325108945
CS13986,1,0.9989677667617798
CS13987,0,0.00027372167096473277
CS13988,0,0.00912563782185316
CS13989,0,8.220189192797989e-05
CS13990,1,0.9997346997261047
CS13991,0,0.00023782206699252129
CS13992,0,0.00013552079326473176
CS13993,1,0.9997730851173401
CS13994,0,0.00015843621804378927
CS13995,0,0.0008426423300988972
CS13996,0,0.00011235327110625803
CS13997,0,0.0007096704212017357
CS13998,0,0.00023050671734381467
CS13999,0,0.002115703420713544
CS14000,0,0.0015011822106316686
CS14001,1,0.07423136383295059
CS14002,0,0.9986749291419983
CS14003,0,0.002082970691844821
CS14004,1,0.9998840093612671
CS14005,1,0.02779562398791313
CS14006,1,0.9962345957756042
CS14007,1,0.9999008178710938
CS14008,0,0.06371499598026276
CS14009,0,0.001151399570517242
CS14010,0,0.0002131875662598759
CS14011,0,0.0002780309587251395
CS14012,0,0.0002234163403045386
CS14013,0,0.0002234163403045386
CS14014,0,0.00045831294846720994
CS14015,1,0.9989182949066162
CS14016,1,0.9998058676719666
CS14017,0,0.00010229986219201237
CS14018,0,0.00013135180051904172
CS14019,0,0.0012448432389646769
CS14020,0,0.00015843621804378927
CS14021,1,0.9981613755226135
CS14022,0,0.0014325365191325545
CS14023,0,0.00029595711384899914
CS14024,0,0.0004955359036102891
CS14025,0,0.03760863468050957
CS14026,0,0.00021995336282998323
CS14027,0,0.00010554686014074832
CS14028,0,0.0015011822106316686
CS14029,0,0.025565214455127716
CS14030,0,0.00023050671734381467
CS14031,1,0.999713122844696
CS14032,0,0.1766715943813324
CS14033,0,0.004755199886858463
CS14034,0,0.00022693387290928513
CS14035,0,0.00012339458044152707
CS14036,0,0.00020342698553577065
CS14037,0,0.00012731103925034404
CS14038,0,0.0005614787223748863
CS14039,0,9.314593626186252e-05
CS14040,0,8.220189192797989e-05
CS14041,1,0.9958011507987976
CS14042,1,0.9957352876663208
CS14043,0,0.6210813522338867
CS14044,0,0.00020027377468068153
CS14045,0,0.0003859660937450826
CS14046,0,0.00018522574100643396
CS14047,1,0.9994725584983826
CS14048,1,0.8116759657859802
CS14049,0,0.00017400544311385602
CS14050,0,0.00017400544311385602
CS14051,1,0.0005976693355478346
CS14052,1,0.9637799859046936
CS14053,0,0.034100428223609924
CS14054,0,0.0008559006382711232
CS14055,0,0.008061991073191166
CS14056,0,0.0004442183708306402
CS14057,0,0.0005442132824100554
CS14058,0,0.0008295892039313912
CS14059,0,7.031184213701636e-05
CS14060,0,0.00045831294846720994
CS14061,0,0.0006878511630930007
CS14062,0,6.402006692951545e-05
CS14063,0,0.00024536947603337467
CS14064,1,0.731442391872406
CS14065,0,0.0004173157794866711
CS14066,0,0.0001398220774717629
CS14067,0,0.00014425987319555134
CS14068,1,0.9957352876663208
CS14069,0,0.0006462032906711102
CS14070,0,0.0026730059180408716
CS14071,1,0.5532035827636719
CS14072,0,0.0006263342220336199
CS14073,0,0.00010554686014074832
CS14074,1,0.9941800832748413
CS14075,0,0.0006878511630930007
CS14076,1,0.9998944997787476
CS14077,1,0.9944451451301575
CS14078,1,0.9999251365661621
CS14079,0,5.829126530443318e-05
CS14080,0,5.829126530443318e-05
CS14081,0,0.00014883847325108945
CS14082,0,0.0006667023408226669
CS14083,0,0.0007554056355729699
CS14084,0,0.0002780309587251395
CS14085,0,0.00024536947603337467
CS14086,0,0.00025714197545312345
CS14087,0,0.8665847778320312
CS14088,0,0.001573112327605486
CS14089,0,0.00015356238873209804
CS14090,0,0.013020489364862442
CS14091,1,0.9995417594909668
CS14092,0,0.0005792917218059301
CS14093,0,0.0003250358859077096
CS14094,1,0.00040448151412419975
CS14095,1,0.826151430606842
CS14096,0,0.00019411317771300673
CS14097,0,0.014503580518066883
CS14098,0,5.475977013702504e-05
CS14099,0,0.0002234163403045386
CS14100,1,0.26170814037323
CS14101,0,0.00015356238873209804
CS14102,0,0.07004895806312561
CS14103,0,0.9977481961250305
CS14104,0,0.00023050671734381467
CS14105,0,0.9967268705368042
CS14106,0,0.00016346470511052758
CS14107,1,0.9600626826286316
CS14108,0,0.0010322310263291001
CS14109,1,0.9998766183853149
CS14110,0,0.9981897473335266
CS14111,0,0.0002234163403045386
CS14112,0,0.00016865275392774493
CS14113,0,0.00036829791497439146
CS14114,0,0.00016346470511052758
CS14115,0,0.009633652865886688
CS14116,0,0.00010229986219201237
CS14117,0,0.001622966956347227
CS14118,0,7.722191367065534e-05
CS14119,0,0.0005357805639505386
CS14120,0,0.999555766582489
CS14121,1,0.9978510141372681
CS14122,0,0.0003250358859077096
CS14123,0,0.0001795279822545126
CS14124,0,0.022977370768785477
CS14125,0,0.0002868540759664029
CS14126,0,0.00015843621804378927
CS14127,0,0.0061929901130497456
CS14128,0,6.814871449023485e-05
CS14129,0,0.0002098830882459879
CS14130,0,0.0015487611526623368
CS14131,0,0.00024156630388461053
CS14132,0,9.314593626186252e-05
CS14133,0,0.0002611903182696551
CS14134,0,0.9895108342170715
CS14135,0,0.00247262348420918
CS14136,0,0.00023050671734381467
CS14137,0,0.966663122177124
CS14138,0,0.9969245791435242
CS14139,0,7.484622619813308e-05
CS14140,0,0.004905405919998884
CS14141,0,0.0005884087877348065
CS14142,0,4.985958366887644e-05
CS14143,1,0.9998644590377808
CS14144,0,0.9997658133506775
CS14145,0,0.0002131875662598759
CS14146,0,0.0017007224960252643
CS14147,0,0.00023782206699252129
CS14148,1,0.9997933506965637
CS14149,0,0.00045831294846720994
CS14150,0,7.722191367065534e-05
CS14151,0,0.9986541271209717
CS14152,0,0.0015011822106316686
CS14153,0,0.0002098830882459879
CS14154,0,0.0026316740550100803
CS14155,0,0.00018522574100643396
CS14156,0,6.814871449023485e-05
CS14157,0,0.0007437028689309955
CS14158,0,0.5985468626022339
CS14159,0,0.06560483574867249
CS14160,0,0.0003250358859077096
CS14161,1,0.0013250223128125072
CS14162,1,0.9992327690124512
CS14163,0,0.0009850081987679005
CS14164,0,0.00033535013790242374
CS14165,0,0.3019792437553406
CS14166,1,0.9981897473335266
CS14167,0,0.03308597952127457
CS14168,1,0.9994207620620728
CS14169,0,0.00024156630388461053
CS14170,0,0.00019716944370884448
CS14171,0,5.475977013702504e-05
CS14172,0,0.005060331895947456
CS14173,0,7.031184213701636e-05
CS14174,0,0.00036829791497439146
CS14175,1,0.9990745782852173
CS14176,0,0.0003459916333667934
CS14177,0,0.001524786464869976
CS14178,0,0.004755199886858463
CS14179,0,7.967301644384861e-05
CS14180,0,5.829126530443318e-05
CS14181,0,0.008061991073191166
CS14182,1,0.0009547316585667431
CS14183,0,0.9899086952209473
CS14184,0,7.254361116793007e-05
CS14185,0,0.0025909794494509697
CS14186,0,0.0009399439441040158
CS14187,1,0.9998910427093506
CS14188,0,0.006289901677519083
CS14189,1,0.9996947050094604
CS14190,0,0.8910549879074097
CS14191,0,0.001098731067031622
CS14192,0,0.00023782206699252129
CS14193,0,7.031184213701636e-05
CS14194,0,0.9719924926757812
CS14195,1,0.9961155652999878
CS14196,0,0.9991306662559509
CS14197,0,0.0045384312979876995
CS14198,0,9.915272676153108e-05
CS14199,0,0.0010484692174941301
CS14200,0,0.0014325365191325545
CS14201,0,0.00026530236937105656
CS14202,0,0.00011959858238697052
CS14203,0,0.0006667023408226669
CS14204,0,0.001081715221516788
CS14205,0,0.001304506789892912
CS14206,0,0.00010229986219201237
CS14207,0,0.007460643537342548
CS14208,0,0.00015843621804378927
CS14209,0,0.0005884087877348065
CS14210,0,0.00016346470511052758
CS14211,1,0.0005357805639505386
CS14212,1,0.07107366621494293
CS14213,1,0.0002098830882459879
CS14214,0,0.0002492325147613883
CS14215,0,0.00026530236937105656
CS14216,1,0.0008295892039313912
CS14217,0,0.0003406293399166316
CS14218,1,0.9974090456962585
CS14219,0,0.00017400544311385602
CS14220,1,0.9995694756507874
CS14221,0,0.9940890073776245
CS14222,0,0.0005884087877348065
CS14223,0,0.00024156630388461053
CS14224,0,9.314593626186252e-05
CS14225,0,0.00031015597051009536
CS14226,0,0.00018522574100643396
CS14227,0,0.0006263342220336199
CS14228,0,0.00037409563083201647
CS14229,0,6.605214002775028e-05
CS14230,1,0.9960545301437378
CS14231,0,5.829126530443318e-05
CS14232,0,0.0002694791473913938
CS14233,0,0.008445627987384796
CS14234,0,0.00024156630388461053
CS14235,0,0.001151399570517242
CS14236,1,0.9989012479782104
CS14237,1,0.9998464584350586
CS14238,1,0.9997658133506775
CS14239,0,0.00015356238873209804
CS14240,1,0.9985449314117432
CS14241,0,0.00018814207578543574
CS14242,0,0.00013135180051904172
CS14243,1,0.9997546076774597
CS14244,0,0.0002098830882459879
CS14245,0,0.9950946569442749
CS14246,0,0.9971990585327148
CS14247,0,8.220189192797989e-05
CS14248,0,0.00030534894904121757
CS14249,0,0.0004108485300093889
CS14250,0,0.00012339458044152707
CS14251,0,0.06371499598026276
CS14252,0,0.00021654405281879008
CS14253,0,0.00040448151412419975
CS14254,0,0.00015843621804378927
CS14255,0,0.00013552079326473176
CS14256,0,0.0002234163403045386
CS14257,0,0.0005442132824100554
CS14258,1,0.999464213848114
CS14259,0,0.00037998449988663197
CS14260,1,0.9902915358543396
CS14261,0,0.0009253848693333566
CS14262,0,4.832564081880264e-05
CS14263,0,0.00026530236937105656
CS14264,0,0.0003459916333667934
CS14265,0,0.00016865275392774493
CS14266,0,0.9938070178031921
CS14267,0,0.0020507436711341143
CS14268,0,0.0003514382697176188
CS14269,0,0.00010229986219201237
CS14270,1,0.9993435740470886
CS14271,0,0.0001823546044761315
CS14272,1,0.025760559365153313
CS14273,0,0.0005357805639505386
CS14274,0,0.00017400544311385602
CS14275,0,0.00016865275392774493
CS14276,0,0.00012339458044152707
CS14277,0,5.6497930927434936e-05
CS14278,0,0.0004878571489825845
CS14279,1,0.9989995360374451
CS14280,0,0.0004802972252946347
CS14281,0,0.00018522574100643396
CS14282,0,0.0019267345778644085
CS14283,0,0.00024156630388461053
CS14284,0,0.00023782206699252129
CS14285,0,0.00024156630388461053
CS14286,1,0.9997765421867371
CS14287,0,0.0004878571489825845
CS14288,0,0.00014883847325108945
CS14289,0,6.402006692951545e-05
CS14290,0,0.00013135180051904172
CS14291,0,0.0010162439430132508
CS14292,0,0.00016346470511052758
CS14293,1,0.9985895752906799
CS14294,0,0.00035697061684913933
CS14295,0,0.004681821912527084
CS14296,0,0.00011235327110625803
CS14297,0,0.002182716503739357
CS14298,0,0.0010162439430132508
CS14299,0,7.031184213701636e-05
CS14300,0,0.0010649625910446048
CS14301,0,6.814871449023485e-05
CS14302,0,0.00015356238873209804
CS14303,0,0.0022518474142998457
CS14304,0,0.13986563682556152
CS14305,0,0.0004442183708306402
CS14306,1,0.9998089671134949
CS14307,0,0.00022693387290928513
CS14308,0,0.00030061634606681764
CS14309,0,0.07585818320512772
CS14310,0,0.00023050671734381467
CS14311,0,0.00019110433640889823
CS14312,0,0.00017400544311385602
CS14313,0,0.05623634159564972
CS14314,0,0.0005193048273213208
CS14315,1,0.9998726844787598
CS14316,0,0.0002824080584105104
CS14318,0,6.814871449023485e-05
CS14319,0,0.06301946938037872
CS14320,0,0.0003514382697176188
CS14321,0,0.00017400544311385602
CS14322,0,0.011331753805279732
CS14323,1,0.9990302324295044
CS14324,0,7.031184213701636e-05
CS14325,0,0.00018522574100643396
CS14326,1,0.9353464841842651
CS14327,0,0.00022693387290928513
CS14328,0,0.00019110433640889823
CS14329,0,0.00011235327110625803
CS14330,1,0.0037072529084980488
CS14331,0,0.00015356238873209804
CS14332,1,0.9987550973892212
CS14333,0,0.0001795279822545126
CS14334,0,0.00012339458044152707
CS14335,0,0.00016346470511052758
CS14336,0,0.0001334200205747038
CS14337,1,0.9961155652999878
CS14338,0,0.0006263342220336199
CS14339,0,6.205048703122884e-05
CS14340,1,0.9998601675033569
CS14341,0,0.0002780309587251395
CS14342,0,0.0003920417802873999
CS14343,0,0.052618954330682755
CS14344,0,0.0002531563804950565
CS14345,0,0.0012843082658946514
CS14346,1,0.9995487332344055
CS14347,0,0.0002531563804950565
CS14348,0,0.00011591933434829116
CS14349,0,0.0001795279822545126
CS14350,0,0.00015843621804378927
CS14351,0,0.000816738058347255
CS14352,0,0.0018102109897881746
CS14353,1,0.026155618950724602
CS14354,0,7.031184213701636e-05
CS14355,0,7.967301644384861e-05
CS14356,1,0.02498779445886612
CS14357,0,0.004755199886858463
CS14358,0,0.00012339458044152707
CS14359,1,0.9999125003814697
CS14360,0,0.0003514382697176188
CS14361,0,0.00031015597051009536
CS14362,0,7.722191367065534e-05
CS14363,0,0.00012731103925034404
CS14364,0,0.0001398220774717629
CS14365,0,0.9987550973892212
CS14366,0,0.003273064736276865
CS14367,1,0.9929881691932678
CS14368,0,0.00018522574100643396
CS14369,0,0.007345826830714941
CS14370,0,4.539786823443137e-05
CS14371,0,0.8591918349266052
CS14372,0,0.00025714197545312345
CS14373,0,0.0003514382697176188
CS14374,1,0.9997933506965637
CS14375,0,0.00017400544311385602
CS14376,0,0.0004442183708306402
CS14377,0,7.722191367065534e-05
CS14378,1,0.997368335723877
CS14379,0,0.9008791446685791
CS14380,0,0.0002098830882459879
CS14381,0,0.026759283617138863
CS14382,1,0.9991573095321655
CS14383,0,0.00021995336282998323
CS14384,0,0.0008559006382711232
CS14385,0,0.00010554686014074832
CS14386,0,0.0003514382697176188
CS14387,0,0.00011591933434829116
CS14388,1,0.001987774157896638
CS14389,0,0.0023596605751663446
CS14390,0,0.00023782206699252129
CS14391,1,0.0019570167642086744
CS14392,0,0.00011959858238697052
CS14393,1,0.9477691650390625
CS14394,0,0.00024156630388461053
CS14395,0,0.00019716944370884448
CS14396,0,9.610241977497935e-05
CS14397,0,0.002511463360860944
CS14398,0,7.722191367065534e-05
CS14399,0,9.915272676153108e-05
CS14400,0,0.00016603847325313836
CS14401,1,0.004982269834727049
CS14402,0,5.475977013702504e-05
CS14403,0,0.0001398220774717629
CS14404,0,0.0006462032906711102
CS14405,0,0.00016346470511052758
CS14406,1,0.00031503866193816066
CS14407,1,0.0007096704212017357
CS14408,0,0.00027372167096473277
CS14409,0,0.00023413580493070185
CS14410,0,0.00019716944370884448
CS14411,0,0.0005442132824100554
CS14412,0,0.9994557499885559
CS14413,0,9.314593626186252e-05
CS14414,0,0.0005112579092383385
CS14415,0,0.0011879054363816977
CS14416,1,0.9952448010444641
CS14417,0,0.19559408724308014
CS14418,1,0.00039821307291276753
CS14419,0,0.0005274784634821117
CS14420,1,0.0003250358859077096
CS14421,0,0.00033535013790242374
CS14422,0,0.0004305570910219103
CS14423,0,0.00010229986219201237
CS14424,0,0.00014425987319555134
CS14425,0,0.00019110433640889823
CS14426,0,0.0011335690505802631
CS14427,0,7.967301644384861e-05
CS14428,0,0.004982269834727049
CS14429,0,7.484622619813308e-05
CS14430,1,0.04778006300330162
CS14431,0,0.018404891714453697
CS14432,0,0.019419347867369652
CS14433,0,8.481104305246845e-05
CS14434,0,0.00014883847325108945
CS14435,1,0.9979493021965027
CS14436,1,0.9996699094772339
CS14437,0,0.0005614787223748863
CS14438,0,0.00010554686014074832
CS14439,0,0.8255897164344788
CS14440,0,0.003376612439751625
CS14441,0,0.003027835162356496
CS14442,0,0.0002234163403045386
CS14443,0,0.00021654405281879008
CS14444,0,0.00023782206699252129
CS14445,0,0.0005976693355478346
CS14446,0,7.484622619813308e-05
CS14447,1,0.999480664730072
CS14448,0,0.0006462032906711102
CS14449,0,0.06052938848733902
CS14450,0,0.0004655269149225205
CS14451,0,8.750300185056403e-05
CS14452,0,0.0004655269149225205
CS14453,0,0.2267836481332779
CS14454,0,0.00010889690020121634
CS14455,0,0.00031503866193816066
CS14456,0,0.00016865275392774493
CS14457,0,0.00014883847325108945
CS14458,0,0.00039821307291276753
CS14459,0,8.220189192797989e-05
CS14460,0,0.00010889690020121634
CS14461,0,0.00014883847325108945
CS14462,0,0.00037998449988663197
CS14463,1,0.9995044469833374
CS14464,0,0.0005112579092383385
CS14465,0,0.0007096704212017357
CS14466,0,0.00030061634606681764
CS14467,0,6.014151585986838e-05
CS14468,0,7.031184213701636e-05
CS14469,0,0.9362850189208984
CS14470,0,0.002115703420713544
CS14471,0,0.0023231625091284513
CS14472,1,0.9998944997787476
CS14473,0,5.829126530443318e-05
CS14474,0,0.00247262348420918
CS14475,1,0.9991440773010254
CS14476,0,0.0002531563804950565
CS14477,1,0.9983256459236145
CS14478,0,7.967301644384861e-05
CS14479,1,0.0007672925130464137
CS14480,1,0.9999039173126221
CS14481,1,0.9820137619972229
CS14482,0,0.6693127155303955
CS14483,0,0.00012339458044152707
CS14484,0,0.00019110433640889823
CS14485,0,9.915272676153108e-05
CS14486,0,0.0001795279822545126
CS14487,0,7.484622619813308e-05
CS14488,1,0.9977830052375793
CS14489,0,0.0007793660624884069
CS14490,0,0.0004173157794866711
CS14491,0,7.722191367065534e-05
CS14492,0,0.6808785796165466
CS14493,0,5.144221358932555e-05
CS14494,0,9.028038766700774e-05
CS14495,0,0.9943581223487854
CS14496,0,0.00025714197545312345
CS14497,0,0.00015356238873209804
CS14498,1,0.9976403713226318
CS14499,0,0.00026530236937105656
CS14500,1,0.9314625263214111
CS14501,0,0.00010889690020121634
CS14502,0,0.0038844768423587084
CS14503,1,0.999220609664917
CS14504,1,0.0009253848693333566
CS14505,1,0.0007321813027374446
CS14506,0,0.9968273043632507
CS14507,0,0.0001795279822545126
CS14508,0,0.00010889690020121634
CS14509,0,0.00011235327110625803
CS14510,0,5.144221358932555e-05
CS14511,0,0.00037998449988663197
CS14512,0,0.0008426423300988972
CS14513,1,0.01615283451974392
CS14514,1,0.9998875856399536
CS14515,0,0.0005112579092383385
CS14516,0,0.0006771942134946585
CS14517,0,9.314593626186252e-05
CS14518,0,7.722191367065534e-05
CS14519,0,0.00247262348420918
CS14520,0,0.5824910402297974
CS14521,0,0.0001823546044761315
CS14522,1,0.9998058676719666
CS14523,0,0.00015843621804378927
CS14524,0,0.00010889690020121634
CS14525,0,0.00013552079326473176
CS14526,0,0.0008426423300988972
CS14527,0,0.00017400544311385602
CS14528,0,0.002182716503739357
CS14529,0,9.915272676153108e-05
CS14530,1,0.0002492325147613883
CS14531,1,0.9989836812019348
CS14532,0,0.0002234163403045386
CS14533,1,0.9995417594909668
CS14534,0,0.0005884087877348065
CS14535,1,0.024798160418868065
CS14536,0,0.0008969393675215542
CS14537,0,0.0002824080584105104
CS14538,0,0.0002868540759664029
CS14539,0,7.484622619813308e-05
CS14540,0,0.004070138093084097
CS14541,0,0.00035697061684913933
CS14542,0,6.402006692951545e-05
CS14543,1,0.9998339414596558
CS14544,0,0.00021654405281879008
CS14545,1,0.9986749291419983
CS14546,1,0.9965165853500366
CS14547,1,0.9996259212493896
CS14548,0,0.001151399570517242
CS14549,0,0.0001795279822545126
CS14550,0,4.985958366887644e-05
CS14551,0,0.05623634159564972
CS14552,0,0.0002531563804950565
CS14553,1,0.006903837900608778
CS14554,0,0.0007793660624884069
CS14555,0,0.9987744688987732
CS14556,0,9.610241977497935e-05
CS14557,0,7.254361116793007e-05
CS14558,0,0.00016865275392774493
CS14559,0,0.0006070755189284682
CS14560,0,0.0004955359036102891
CS14561,0,0.0003406293399166316
CS14562,0,0.002182716503739357
CS14563,0,0.0004108485300093889
CS14564,0,0.0004173157794866711
CS14565,0,0.0020507436711341143
CS14566,0,0.00018522574100643396
CS14567,0,0.0002234163403045386
CS14568,0,0.0010649625910446048
CS14569,0,0.004070138093084097
CS14570,0,0.00010229986219201237
CS14571,0,6.605214002775028e-05
CS14572,0,0.03384403884410858
CS14573,0,0.01784873940050602
CS14574,0,0.00014425987319555134
CS14575,0,0.0002531563804950565
CS14576,0,0.930962085723877
CS14577,0,0.0005976693355478346
CS14578,0,0.0003199982747901231
CS14579,1,0.999595582485199
CS14580,1,0.13341520726680756
CS14581,0,0.0009253848693333566
CS14582,1,0.9999125003814697
CS14583,0,0.00025714197545312345
CS14584,0,0.04535258188843727
CS14585,1,0.9755768775939941
CS14586,1,0.9975274205207825
CS14587,0,0.00011959858238697052
CS14588,0,6.605214002775028e-05
CS14589,0,7.967301644384861e-05
CS14590,1,0.9996199607849121
CS14591,0,0.06418264657258987
CS14592,0,0.0004305570910219103
CS14593,1,0.0009850081987679005
CS14594,0,0.0005357805639505386
CS14595,1,0.1225232183933258
CS14596,0,0.002800926798954606
CS14597,0,0.00014883847325108945
CS14598,0,0.0011160143185406923
CS14599,1,0.9985895752906799
CS14600,1,0.020964240655303
CS14601,0,0.00017400544311385602
CS14602,0,0.00011959858238697052
CS14603,0,0.0001795279822545126
CS14604,0,0.00014883847325108945
CS14605,1,0.9992327690124512
CS14606,1,0.9999068975448608
CS14607,0,0.00015356238873209804
CS14608,0,0.00031015597051009536
CS14609,0,0.0009399439441040158
CS14610,0,0.0003250358859077096
CS14611,0,0.00033535013790242374
CS14612,1,0.9988840222358704
CS14613,0,0.0001398220774717629
CS14614,0,0.00036259001353755593
CS14615,0,0.0014779430348426104
CS14616,0,0.0004442183708306402
CS14617,0,0.9994887113571167
CS14618,1,0.0006771942134946585
CS14619,0,0.00019110433640889823
CS14620,0,0.01001356914639473
CS14621,1,0.9997730851173401
CS14622,0,0.00047285447362810373
CS14623,1,0.9623913168907166
CS14624,0,0.7178038358688354
CS14625,0,0.0002694791473913938
CS14626,1,0.591221809387207
CS14627,0,0.000656372809316963
CS14628,0,8.750300185056403e-05
CS14629,1,0.9904406070709229
CS14630,0,9.915272676153108e-05
CS14631,1,0.999312162399292
CS14632,0,0.9991169571876526
CS14633,0,0.002396730938926339
CS14634,0,0.7472472190856934
CS14635,0,0.41834041476249695
CS14636,0,0.0020190139766782522
CS14637,0,0.00026530236937105656
CS14638,1,0.9690910577774048
CS14639,0,0.0005193048273213208
CS14640,0,0.00015356238873209804
CS14641,0,0.9230391979217529
CS14642,1,0.004609571769833565
CS14643,0,0.00031503866193816066
CS14644,0,0.999312162399292
CS14645,0,0.00012731103925034404
CS14646,0,0.0006361912819556892
CS14647,0,0.001987774157896638
CS14648,0,0.0001398220774717629
CS14649,0,0.0002492325147613883
CS14650,0,0.0003301527467556298
CS14651,0,7.967301644384861e-05
CS14652,0,9.915272676153108e-05
CS14653,1,0.9997468590736389
CS14654,0,0.2689414322376251
CS14655,0,0.0005884087877348065
CS14656,0,0.0004655269149225205
CS14657,0,0.00011591933434829116
CS14658,0,8.481104305246845e-05
CS14659,1,0.9996898174285889
CS14660,0,0.0004108485300093889
CS14661,0,0.00014883847325108945
CS14662,0,0.0001795279822545126
CS14663,0,0.0008040859247557819
CS14664,0,0.0002492325147613883
CS14665,0,0.0004802972252946347
CS14666,0,0.00019716944370884448
CS14667,0,0.0004955359036102891
CS14668,0,0.0007208380266092718
CS14669,0,0.00011235327110625803
CS14670,0,0.00019110433640889823
CS14671,0,0.003027835162356496
CS14672,0,0.007121428847312927
CS14673,1,0.9979169964790344
CS14674,0,0.0003514382697176188
CS14675,0,0.0002234163403045386
CS14676,1,0.9916841983795166
CS14677,0,0.00022693387290928513
CS14678,1,0.0005614787223748863
CS14679,1,0.9076402187347412
CS14680,0,0.00011235327110625803
CS14681,1,0.9994296431541443
CS14682,1,0.957912266254425
CS14683,0,0.0014325365191325545
CS14684,0,0.0010005044750869274
CS14685,0,0.00030061634606681764
CS14686,0,9.314593626186252e-05
CS14687,1,0.9948603510856628
CS14688,0,6.814871449023485e-05
CS14689,0,0.00011235327110625803
CS14690,1,0.9998766183853149
CS14691,0,0.0005614787223748863
CS14692,1,0.9916841983795166
CS14693,0,0.0003459916333667934
CS14694,0,5.829126530443318e-05
CS14695,1,0.9465966820716858
CS14696,0,0.0003301527467556298
CS14697,0,0.00020662981842178851
CS14698,0,0.0002531563804950565
CS14699,0,0.00016346470511052758
CS14700,0,6.814871449023485e-05
CS14701,1,0.004070138093084097
CS14702,0,0.00015356238873209804
CS14703,1,0.977022647857666
CS14704,0,0.00013135180051904172
CS14705,1,0.9998726844787598
CS14706,0,0.00013135180051904172
CS14707,1,0.9998726844787598
CS14708,1,0.9997658133506775
CS14709,0,0.00010229986219201237
CS14710,0,0.0005033356137573719
CS14711,0,0.0001795279822545126
CS14712,0,0.008847354911267757
CS14713,0,0.00017400544311385602
CS14714,0,0.00036259001353755593
CS14715,0,0.14033624529838562
CS14716,0,0.0003459916333667934
CS14717,0,0.0002694791473913938
CS14718,0,0.00020342698553577065
CS14719,0,0.0008426423300988972
CS14720,0,0.00026530236937105656
CS14721,0,0.9989995360374451
CS14722,1,0.9995891451835632
CS14723,0,0.00016865275392774493
CS14724,1,0.986151397228241
CS14725,0,4.539786823443137e-05
CS14726,0,0.0004373344127088785
CS14727,0,0.003027835162356496
CS14728,0,0.00017400544311385602
CS14729,0,0.0013250223128125072
CS14730,0,7.967301644384861e-05
CS14731,0,0.00020027377468068153
CS14732,0,0.0009850081987679005
CS14733,0,0.0005792917218059301
CS14734,0,7.031184213701636e-05
CS14735,0,0.00021654405281879008
CS14736,0,7.722191367065534e-05
CS14737,1,0.9998726844787598
CS14738,1,0.9971550703048706
CS14739,0,0.0003199982747901231
CS14740,0,0.00020342698553577065
CS14741,0,0.00042388474685139954
CS14742,1,0.999779999256134
CS14743,0,0.0004802972252946347
CS14744,0,0.00019110433640889823
CS14745,0,0.0004512106243055314
CS14746,0,0.02080448903143406
CS14747,0,0.00039821307291276753
CS14748,0,0.0044683837331831455
CS14749,0,9.610241977497935e-05
CS14750,1,0.002082970691844821
CS14751,0,0.00013135180051904172
CS14752,0,7.967301644384861e-05
CS14753,0,0.0002824080584105104
CS14754,0,0.00019411317771300673
CS14755,1,0.0004878571489825845
CS14756,0,0.00011235327110625803
CS14757,1,0.9998464584350586
CS14758,0,0.00036259001353755593
CS14759,0,0.00010554686014074832
CS14760,1,0.9997546076774597
CS14761,1,0.00036829791497439146
CS14762,0,0.0002234163403045386
CS14763,0,7.722191367065534e-05
CS14764,0,0.005730246659368277
CS14765,0,5.475977013702504e-05
CS14766,0,0.00016346470511052758
CS14767,0,0.00029595711384899914
CS14768,1,0.804405927658081
CS14769,0,9.610241977497935e-05
CS14770,0,7.484622619813308e-05
CS14771,1,0.02178117074072361
CS14772,0,7.484622619813308e-05
CS14773,0,0.00019110433640889823
CS14774,1,0.9981030225753784
CS14775,0,0.0001398220774717629
CS14776,0,0.0001398220774717629
CS14777,0,0.00017400544311385602
CS14778,1,0.9998944997787476
CS14779,0,0.0015487611526623368
CS14780,0,0.0007554056355729699
CS14781,0,0.00011959858238697052
CS14782,1,0.9951702952384949
CS14783,0,0.0002611903182696551
CS14784,0,0.07585818320512772
CS14785,1,0.9981324076652527
CS14786,0,0.0007208380266092718
CS14787,1,0.999373733997345
CS14788,0,0.052618954330682755
CS14789,1,0.0011695101857185364
CS14790,0,0.00017400544311385602
CS14791,0,0.0001398220774717629
CS14792,0,0.0013885231455788016
CS14793,0,0.999464213848114
CS14794,1,0.022977370768785477
CS14795,0,0.00020342698553577065
CS14796,0,0.00033535013790242374
CS14797,0,0.0001795279822545126
CS14798,1,0.998217761516571
CS14799,0,0.00021654405281879008
CS14800,0,0.00035697061684913933
CS14801,0,0.002714985515922308
CS14802,0,0.00014883847325108945
CS14803,0,0.00010229986219201237
CS14804,0,0.0004802972252946347
CS14805,0,0.0002824080584105104
CS14806,0,0.00018522574100643396
CS14807,0,0.00037409563083201647
CS14808,1,0.006589771248400211
CS14809,0,0.00025714197545312345
CS14810,0,0.00016865275392774493
CS14811,0,6.014151585986838e-05
CS14812,0,0.2516476809978485
CS14813,0,0.00030061634606681764
CS14814,0,0.06512755155563354
CS14815,1,0.0004305570910219103
CS14816,1,0.0042646341025829315
CS14817,1,0.9995272159576416
CS14818,0,0.0002694791473913938
CS14819,0,0.00021995336282998323
CS14820,0,0.00023782206699252129
CS14821,0,0.00015356238873209804
CS14822,0,0.00011235327110625803
CS14823,1,0.22988080978393555
CS14824,1,0.15765489637851715
CS14825,0,0.00016093082376755774
CS14826,0,0.00021654405281879008
CS14827,0,0.0001795279822545126
CS14828,1,0.9938070178031921
CS14829,0,7.722191367065534e-05
CS14830,0,0.0010005044750869274
CS14831,0,0.010328153148293495
CS14832,0,0.00045831294846720994
CS14833,0,0.10158944875001907
CS14834,1,0.999779999256134
CS14835,0,6.205048703122884e-05
CS14836,0,5.3075080359121785e-05
CS14837,0,0.6297746300697327
CS14838,0,0.00033535013790242374
CS14839,0,0.00026530236937105656
CS14840,0,0.008061991073191166
CS14841,0,0.0002824080584105104
CS14842,0,0.0002234163403045386
CS14843,1,0.9998944997787476
CS14844,1,0.9998944997787476
CS14845,0,0.00011959858238697052
CS14846,0,0.00016346470511052758
CS14847,0,0.0006070755189284682
CS14848,0,0.1250653862953186
CS14849,0,0.004905405919998884
CS14850,0,8.481104305246845e-05
CS14851,0,0.00016865275392774493
CS14852,0,0.0001795279822545126
CS14853,1,0.99991774559021
CS14854,0,0.00017400544311385602
CS14855,1,0.008315778337419033
CS14856,0,0.200557678937912
CS14857,0,7.722191367065534e-05
CS14858,0,0.00020662981842178851
CS14859,1,0.9998511075973511
CS14860,0,0.00045831294846720994
CS14861,1,0.9676556587219238
CS14862,0,0.0005703156348317862
CS14863,0,0.0002234163403045386
CS14864,0,7.254361116793007e-05
CS14865,0,0.0004305570910219103
CS14866,0,9.314593626186252e-05
CS14867,0,8.750300185056403e-05
CS14868,0,0.00015356238873209804
CS14869,0,0.06853749603033066
CS14870,0,0.00036259001353755593
CS14871,0,0.0008040859247557819
CS14872,0,0.0009850081987679005
CS14873,0,0.00014425987319555134
CS14874,0,0.034358687698841095
CS14875,0,0.0004108485300093889
CS14876,1,0.9965165853500366
CS14877,0,8.481104305246845e-05
CS14878,0,0.00017400544311385602
CS14879,0,0.0061929901130497456
CS14880,0,0.0020507436711341143
CS14881,0,0.00021654405281879008
CS14882,0,0.0010322310263291001
CS14883,0,0.0002611903182696551
CS14884,1,0.9998804330825806
CS14885,0,0.0001713081874186173
CS14886,0,0.001524786464869976
CS14887,0,0.000816738058347255
CS14888,0,6.205048703122884e-05
CS14889,0,0.5595307350158691
CS14890,0,0.0008830458391457796
CS14891,0,6.014151585986838e-05
CS14892,0,0.00019411317771300673
CS14893,0,0.00021995336282998323
CS14894,0,0.00018522574100643396
CS14895,0,0.00024536947603337467
CS14896,0,0.00012731103925034404
CS14897,0,0.00015843621804378927
CS14898,0,6.014151585986838e-05
CS14899,0,0.0002868540759664029
CS14900,0,0.00031503866193816066
CS14901,1,0.001782196224667132
CS14902,0,5.829126530443318e-05
CS14903,0,0.00214894930832088
CS14904,0,0.0004442183708306402
CS14905,0,0.00172745855525136
CS14906,0,0.00014883847325108945
CS14907,0,0.9960545301437378
CS14908,0,0.0007321813027374446
CS14909,0,8.481104305246845e-05
CS14910,0,0.0005703156348317862
CS14911,0,0.00014425987319555134
CS14912,1,0.332852303981781
CS14913,0,0.0008426423300988972
CS14914,0,8.750300185056403e-05
CS14915,0,0.00040448151412419975
CS14916,0,0.0032224843744188547
CS14917,0,0.00011959858238697052
CS14918,0,0.0006070755189284682
CS14919,0,0.00027372167096473277
CS14920,1,0.9994966983795166
CS14921,0,0.0002611903182696551
CS14922,0,0.0002492325147613883
CS14923,0,0.00172745855525136
CS14924,0,0.14706452190876007
CS14925,0,8.220189192797989e-05
CS14926,0,0.0005033356137573719
CS14927,0,7.031184213701636e-05
CS14928,0,0.0011695101857185364
CS14929,1,0.0002694791473913938
CS14930,0,0.00014425987319555134
CS14931,0,0.00019110433640889823
CS14932,1,0.9998840093612671
CS14933,0,9.028038766700774e-05
CS14934,0,0.00014883847325108945
CS14935,0,9.915272676153108e-05
CS14936,0,0.0001398220774717629
CS14937,0,0.06465348601341248
CS14939,0,0.0002611903182696551
CS14940,1,0.9987744688987732
CS14941,1,0.944587230682373
CS14942,0,0.00024156630388461053
CS14943,0,0.0002611903182696551
CS14944,0,0.0025909794494509697
CS14945,0,7.031184213701636e-05
CS14946,0,0.0001398220774717629
CS14947,0,0.00031015597051009536
CS14948,0,0.00018522574100643396
CS14949,1,0.9996646642684937
CS14950,0,0.00014883847325108945
CS14951,0,0.00039821307291276753
CS14952,0,0.00011591933434829116
CS14953,0,0.00014425987319555134
CS14954,0,0.00012731103925034404
CS14955,0,0.0003199982747901231
CS14956,0,0.00025714197545312345
CS14957,0,0.0032224843744188547
CS14958,1,0.9999227523803711
CS14959,0,0.00020342698553577065
CS14960,0,0.00010554686014074832
CS14961,0,0.00021654405281879008
CS14962,0,0.41917234659194946
CS14963,0,0.001098731067031622
CS14964,0,0.00019110433640889823
CS14965,1,0.9998365640640259
CS14966,0,0.00018522574100643396
CS14967,0,0.001098731067031622
CS14968,0,0.000656372809316963
CS14969,0,0.00024536947603337467
CS14970,0,0.0002234163403045386
CS14971,0,0.0012644219677895308
CS14972,0,0.00019110433640889823
CS14973,1,0.0010322310263291001
CS14974,0,0.00214894930832088
CS14975,0,0.0010162439430132508
CS14976,0,8.481104305246845e-05
CS14977,0,0.0006771942134946585
CS14978,0,0.9995044469833374
CS14979,0,9.610241977497935e-05
CS14980,0,0.9704646468162537
CS14981,0,5.144221358932555e-05
CS14982,0,0.00017400544311385602
CS14983,0,0.007011794950813055
CS14984,0,0.5999539494514465
CS14985,0,0.00012731103925034404
CS14986,0,0.00015356238873209804
CS14987,0,0.0007437028689309955
CS14988,0,0.0007208380266092718
CS14989,0,0.0010484692174941301
CS14990,0,0.00021654405281879008
CS14991,0,0.0004305570910219103
CS14992,0,0.000552778597921133
CS14993,0,0.0002780309587251395
CS14994,0,0.00027372167096473277
CS14995,0,0.010986942797899246
CS14996,0,0.0033244371879845858
CS14997,0,9.314593626186252e-05
CS14998,1,0.9998058676719666
CS14999,1,0.00027372167096473277
CS15000,1,0.9999251365661621
CS15001,0,0.00023050671734381467
CS15002,1,0.9637799859046936
CS15003,0,7.484622619813308e-05
CS15004,0,0.00030061634606681764
CS15005,0,0.00247262348420918
CS15006,0,0.00039821307291276753
CS15007,1,0.9998840093612671
CS15008,0,0.00023050671734381467
CS15009,0,0.0012255674228072166
CS15010,0,0.0002531563804950565
CS15011,0,0.0003406293399166316
CS15012,0,0.0013458604225888848
CS15013,0,0.00015843621804378927
CS15014,1,0.00255091255530715
CS15015,0,0.000552778597921133
CS15016,0,0.00021995336282998323
CS15017,0,0.00014883847325108945
CS15018,0,0.9489172697067261
CS15019,0,0.0002611903182696551
CS15020,0,0.0011695101857185364
CS15021,0,7.484622619813308e-05
CS15022,0,0.0003859660937450826
CS15023,1,0.00214894930832088
CS15024,1,0.9997933506965637
CS15025,1,0.8464508652687073
CS15026,0,6.205048703122884e-05
CS15027,0,0.00247262348420918
CS15028,0,0.001098731067031622
CS15029,0,0.00013552079326473176
CS15030,0,0.00014883847325108945
CS15031,0,0.0006070755189284682
CS15032,0,0.0006263342220336199
CS15033,1,0.018833130598068237
CS15034,0,0.0010484692174941301
CS15035,1,0.999438464641571
CS15036,0,0.0006361912819556892
CS15037,0,0.00018522574100643396
CS15038,0,0.00010554686014074832
CS15039,0,0.0001398220774717629
CS15040,0,0.00015843621804378927
CS15041,0,0.00023050671734381467
CS15042,0,0.0002531563804950565
CS15043,0,0.00040448151412419975
CS15044,0,0.00019716944370884448
CS15046,0,0.01384861022233963
CS15047,1,0.0007321813027374446
CS15048,0,0.00011959858238697052
CS15049,1,0.9991169571876526
CS15050,1,0.999868631362915
CS15051,1,0.9958011507987976
CS15052,1,0.05223086103796959
CS15053,0,0.00011959858238697052
CS15054,0,0.00012339458044152707
CS15055,0,0.011597362346947193
CS15056,0,0.00018522574100643396
CS15057,0,0.00013135180051904172
CS15058,1,0.0064882696606218815
CS15059,0,0.000552778597921133
CS15060,0,0.005641908850520849
CS15061,0,0.8397339582443237
CS15062,1,0.9998028874397278
CS15063,0,0.0002234163403045386
CS15064,1,0.8504685759544373
CS15065,0,0.00031503866193816066
CS15066,0,0.0002694791473913938
CS15067,0,8.481104305246845e-05
CS15068,0,0.3703392446041107
CS15069,0,0.00010229986219201237
CS15070,0,0.00012731103925034404
CS15071,0,0.0014325365191325545
CS15072,0,0.00022693387290928513
CS15073,1,0.9998089671134949
CS15074,0,0.00042388474685139954
CS15075,0,0.0001823546044761315
CS15076,0,0.9385759830474854
CS15077,0,0.0002694791473913938
CS15078,0,0.0003514382697176188
CS15079,0,0.9998313188552856
CS15080,0,0.00021654405281879008
CS15081,1,0.9991030693054199
CS15082,0,0.9995121955871582
CS15083,0,0.0002694791473913938
CS15084,0,0.00036829791497439146
CS15085,0,0.0002694791473913938
CS15086,0,0.00036259001353755593
CS15087,0,0.0002234163403045386
CS15088,0,7.254361116793007e-05
CS15089,1,0.9998118281364441
CS15090,1,0.9997965693473816
CS15091,0,0.00016346470511052758
CS15092,0,0.998217761516571
CS15093,0,7.967301644384861e-05
CS15094,0,0.0005033356137573719
CS15095,0,0.07369626313447952
CS15096,0,0.00016865275392774493
CS15097,0,0.00036259001353755593
CS15098,0,0.0002694791473913938
CS15099,0,0.00024536947603337467
CS15100,0,0.00019716944370884448
CS15101,0,0.0002234163403045386
CS15102,1,0.9998601675033569
CS15103,1,0.9984512329101562
CS15104,1,0.99991774559021
CS15105,0,0.00020662981842178851
CS15106,0,0.0001795279822545126
CS15107,0,0.00011959858238697052
CS15108,0,0.0003406293399166316
CS15109,0,0.00023050671734381467
CS15110,0,0.0001713081874186173
CS15111,0,0.0001823546044761315
CS15112,1,0.0038244836032390594
CS15113,0,0.0002824080584105104
CS15114,0,0.0001795279822545126
CS15115,0,0.008061991073191166
CS15116,0,0.0002824080584105104
CS15117,0,8.481104305246845e-05
CS15118,0,0.9997219443321228
CS15119,0,0.007011794950813055
CS15120,0,0.0001795279822545126
CS15121,0,0.00019110433640889823
CS15122,0,0.0005033356137573719
CS15123,0,0.0007321813027374446
CS15124,0,0.00013135180051904172
CS15125,0,0.00015843621804378927
CS15126,0,0.00013135180051904172
CS15127,0,0.0002780309587251395
CS15128,0,0.0005274784634821117
CS15129,0,0.9939024448394775
CS15130,0,0.0003859660937450826
CS15131,0,0.0011695101857185364
CS15132,0,0.00017400544311385602
CS15133,0,0.00024536947603337467
CS15134,1,0.9996849298477173
CS15135,1,0.9998601675033569
CS15136,0,0.00023413580493070185
CS15137,0,0.0037654137704521418
CS15138,0,0.00023050671734381467
CS15139,0,0.00013552079326473176
CS15140,0,0.0007916296599432826
CS15141,0,0.00031503866193816066
CS15142,0,0.00015843621804378927
CS15143,0,7.031184213701636e-05
CS15144,0,0.00036829791497439146
CS15145,1,0.0009253848693333566
CS15146,0,0.9998804330825806
CS15147,0,7.254361116793007e-05
CS15148,0,0.00019110433640889823
CS15149,0,0.0005193048273213208
CS15150,0,0.00014883847325108945
CS15151,0,0.0001398220774717629
CS15152,0,0.0002531563804950565
CS15153,0,0.00014425987319555134
CS15154,0,0.11124120652675629
CS15155,0,0.00030534894904121757
CS15156,0,0.00026530236937105656
CS15157,0,0.0006667023408226669
CS15158,0,0.00029595711384899914
CS15159,0,9.610241977497935e-05
CS15160,0,0.00010554686014074832
CS15161,1,0.998848557472229
CS15162,0,0.0002868540759664029
CS15163,1,0.9998601675033569
CS15164,0,0.00030534894904121757
CS15165,0,0.00012339458044152707
CS15166,0,0.003429603762924671
CS15167,0,0.3830641806125641
CS15168,0,0.00016346470511052758
CS15169,1,0.8244618773460388
CS15170,0,0.00036259001353755593
CS15171,0,0.00016865275392774493
CS15172,1,0.999438464641571
CS15173,1,0.9999008178710938
CS15174,0,0.9949396848678589
CS15175,0,0.00019716944370884448
CS15176,1,0.9319595694541931
CS15177,0,0.007577241398394108
CS15178,0,0.00012731103925034404
CS15179,0,0.0006986756343394518
CS15180,0,0.00010554686014074832
CS15181,0,7.967301644384861e-05
CS15182,1,0.9994115829467773
CS15183,0,0.0003406293399166316
CS15184,0,0.00047285447362810373
CS15185,0,0.0004955359036102891
CS15186,0,0.000552778597921133
CS15187,0,0.0012843082658946514
CS15188,1,0.9998601675033569
CS15190,1,0.9993333220481873
CS15191,1,0.9997262358665466
CS15192,0,0.00020342698553577065
CS15193,0,0.00023050671734381467
CS15194,0,0.00015843621804378927
CS15195,0,0.0002694791473913938
CS15196,1,0.48108813166618347
CS15197,0,8.481104305246845e-05
CS15198,1,0.9997468590736389
CS15199,0,0.8998278379440308
CS15200,0,0.00019110433640889823
CS15201,0,0.0001795279822545126
CS15202,0,0.0002780309587251395
CS15203,0,0.0009850081987679005
CS15204,0,0.0003199982747901231
CS15205,1,0.9998365640640259
CS15206,0,7.484622619813308e-05
CS15207,0,0.0002234163403045386
CS15208,0,0.00031015597051009536
CS15209,0,0.0014325365191325545
CS15210,0,8.481104305246845e-05
CS15211,0,0.00015843621804378927
CS15212,0,0.00012339458044152707
CS15213,0,0.00023782206699252129
CS15214,0,0.013222821988165379
CS15215,0,0.0001823546044761315
CS15216,0,5.144221358932555e-05
CS15217,0,0.0006878511630930007
CS15218,0,0.00023050671734381467
CS15219,0,0.0004955359036102891
CS15220,1,0.9998766183853149
CS15221,0,0.0009850081987679005
CS15222,0,0.00014883847325108945
CS15223,1,0.00035697061684913933
CS15224,1,0.9998644590377808
CS15225,1,0.9856076240539551
CS15226,1,0.012431650422513485
CS15227,0,0.00037998449988663197
CS15228,0,0.4763360321521759
CS15229,0,0.0001795279822545126
CS15230,1,0.7094219326972961
CS15231,0,0.00016865275392774493
CS15232,0,0.0008040859247557819
CS15233,0,0.0002694791473913938
CS15234,0,0.00025714197545312345
CS15235,0,9.028038766700774e-05
CS15236,0,9.610241977497935e-05
CS15237,0,9.314593626186252e-05
CS15238,1,0.9995272159576416
CS15239,0,0.00214894930832088
CS15240,0,0.00031015597051009536
CS15241,0,0.001573112327605486
CS15242,1,0.9977830052375793
CS15243,0,0.00045831294846720994
CS15244,1,0.9990600943565369
CS15245,1,0.9999097585678101
CS15246,0,7.967301644384861e-05
CS15247,1,8.220189192797989e-05
CS15248,0,6.205048703122884e-05
CS15249,0,0.00012339458044152707
CS15250,1,0.9996017813682556
CS15251,0,0.0018675660248845816
CS15252,0,0.00023782206699252129
CS15253,0,0.00011235327110625803
CS15254,0,0.00017674513219390064
CS15255,0,0.0001795279822545126
CS15256,0,0.00037409563083201647
CS15257,0,0.0001795279822545126
CS15258,0,0.00016346470511052758
CS15259,0,0.00021995336282998323
CS15260,0,0.0012843082658946514
CS15261,1,0.0037072529084980488
CS15262,0,0.0005274784634821117
CS15263,1,0.011158030480146408
CS15264,0,0.00020027377468068153
CS15265,0,0.00020342698553577065
CS15266,1,0.0010484692174941301
CS15267,0,0.0002234163403045386
CS15268,0,0.00025714197545312345
CS15269,0,0.00030061634606681764
CS15270,0,0.001987774157896638
CS15271,1,0.9999227523803711
CS15272,1,0.0012065897462889552
CS15273,0,8.481104305246845e-05
CS15274,0,0.011158030480146408
CS15275,0,0.0044683837331831455
CS15276,0,7.254361116793007e-05
CS15277,1,0.004982269834727049
CS15278,0,0.0003514382697176188
CS15279,0,0.00029137005913071334
CS15280,0,0.027376487851142883
CS15281,1,0.0008040859247557819
CS15282,1,0.07807816565036774
CS15283,1,0.9997933506965637
CS15284,1,0.999562680721283
CS15285,0,7.967301644384861e-05
CS15286,0,0.00010889690020121634
CS15287,1,0.0005193048273213208
CS15288,0,5.144221358932555e-05
CS15289,0,0.00013552079326473176
CS15290,1,0.00016346470511052758
CS15291,1,0.0019267345778644085
CS15292,0,0.00016346470511052758
CS15293,1,0.9995487332344055
CS15295,0,0.00014883847325108945
CS15296,0,0.00023782206699252129
CS15297,1,0.0019570167642086744
CS15298,0,0.000816738058347255
CS15299,0,0.00016346470511052758
CS15300,1,0.02498779445886612
CS15301,0,0.0002868540759664029
CS15302,1,0.0006986756343394518
CS15303,0,0.0010484692174941301
CS15304,0,0.9648551344871521
CS15305,0,0.00024536947603337467
CS15306,0,0.00010889690020121634
CS15307,0,0.00024156630388461053
CS15308,0,0.00030061634606681764
CS15309,1,0.9998910427093506
CS15310,0,0.00019110433640889823
CS15311,0,0.01784873940050602
CS15312,0,6.014151585986838e-05
CS15313,0,0.0005884087877348065
CS15314,1,0.9997901320457458
CS15315,0,0.0006462032906711102
CS15316,0,0.00039821307291276753
CS15317,0,0.00012339458044152707
CS15318,0,0.0004442183708306402
CS15319,0,0.00029595711384899914
CS15320,0,0.00020662981842178851
CS15321,0,7.722191367065534e-05
CS15322,0,0.0009547316585667431
CS15323,0,9.915272676153108e-05
CS15324,0,0.018833130598068237
CS15325,0,0.00016865275392774493
CS15326,0,0.00024536947603337467
CS15327,0,0.0010005044750869274
CS15328,0,0.007460643537342548
CS15329,0,0.002511463360860944
CS15330,0,0.00010554686014074832
CS15331,0,0.00022693387290928513
CS15332,0,0.0008295892039313912
CS15334,0,0.008061991073191166
CS15335,0,9.028038766700774e-05
CS15336,0,5.3075080359121785e-05
CS15337,0,6.814871449023485e-05
CS15338,0,0.0009110512328334153
CS15339,1,0.9998875856399536
CS15340,0,0.0006166296661831439
CS15341,1,0.9972423315048218
CS15342,0,0.00026530236937105656
CS15343,1,0.9899863600730896
CS15344,0,0.0004373344127088785
CS15345,0,0.0003301527467556298
CS15346,0,0.00013552079326473176
CS15347,0,0.0010649625910446048
CS15348,0,8.750300185056403e-05
CS15349,0,5.475977013702504e-05
CS15350,1,0.9940890073776245
CS15351,0,0.00022693387290928513
CS15352,0,0.0003459916333667934
CS15353,0,0.00036259001353755593
CS15354,0,0.0010005044750869274
CS15355,0,0.01484241709113121
CS15356,0,0.0010484692174941301
CS15357,0,8.750300185056403e-05
CS15358,0,5.475977013702504e-05
CS15359,0,0.00010889690020121634
CS15360,0,0.03384403884410858
CS15361,0,0.0007554056355729699
CS15362,0,0.06705628335475922
CS15363,0,0.9511421918869019
CS15364,0,0.0007916296599432826
CS15365,1,0.9997305274009705
CS15366,1,0.0006166296661831439
CS15367,1,0.9998726844787598
CS15368,0,0.0004108485300093889
CS15369,0,0.0037072529084980488
CS15370,0,0.0004373344127088785
CS15371,0,0.00016865275392774493
CS15372,0,0.0004373344127088785
CS15373,0,0.014503580518066883
CS15374,0,0.00025714197545312345
CS15375,0,0.0027576221618801355
CS15376,0,0.0002694791473913938
CS15377,0,7.722191367065534e-05
CS15378,0,0.9790357351303101
CS15379,0,0.999480664730072
CS15380,0,0.00029595711384899914
CS15381,0,0.00014425987319555134
CS15382,0,0.00012731103925034404
CS15383,1,0.9927672147750854
CS15384,0,8.220189192797989e-05
CS15385,0,0.00045831294846720994
CS15386,1,0.7256485819816589
CS15387,0,6.814871449023485e-05
CS15388,0,0.0005614787223748863
CS15389,1,0.00031503866193816066
CS15390,1,0.9998804330825806
CS15391,0,0.0002824080584105104
CS15392,0,0.00020342698553577065
CS15393,1,0.00035697061684913933
CS15394,1,0.8902942538261414
CS15395,0,0.0006771942134946585
CS15396,0,0.00016865275392774493
CS15397,0,0.027376487851142883
CS15398,1,0.007937993854284286
CS15399,0,0.0002098830882459879
CS15400,1,0.9996540546417236
CS15401,0,0.00023050671734381467
CS15402,0,0.0004655269149225205
CS15403,0,0.00023782206699252129
CS15404,0,0.0003859660937450826
CS15405,0,0.00030534894904121757
CS15406,1,0.0004512106243055314
CS15407,1,0.9997658133506775
CS15408,1,0.9999203681945801
CS15409,0,0.0003250358859077096
CS15410,0,5.144221358932555e-05
CS15411,0,0.9695556163787842
CS15412,0,0.0003301527467556298
CS15413,0,0.01001356914639473
CS15414,0,0.00014883847325108945
CS15415,1,0.9998464584350586
CS15416,0,0.00023050671734381467
CS15417,1,0.9998644590377808
CS15418,0,0.003273064736276865
CS15419,0,0.00010889690020121634
CS15420,0,0.00011959858238697052
CS15421,1,0.1761041134595871
CS15422,1,0.05460060387849808
CS15423,0,7.031184213701636e-05
CS15424,0,0.9973269701004028
CS15425,0,0.00011959858238697052
CS15426,0,0.9433475732803345
CS15427,0,0.00020342698553577065
CS15428,0,0.00014425987319555134
CS15429,0,0.00035697061684913933
CS15430,0,0.00019110433640889823
CS15431,0,9.610241977497935e-05
CS15432,0,0.00020342698553577065
CS15433,1,0.9651191234588623
CS15434,0,0.00255091255530715
CS15435,0,0.0005614787223748863
CS15436,1,0.9678993225097656
CS15437,0,0.00018522574100643396
CS15438,0,0.0038844768423587084
CS15439,1,0.9997730851173401
CS15440,0,0.0003514382697176188
CS15441,0,0.00014425987319555134
CS15442,0,0.0013885231455788016
CS15443,0,6.814871449023485e-05
CS15444,0,0.00021654405281879008
CS15445,0,0.010328153148293495
CS15446,1,0.9992445707321167
CS15447,0,6.402006692951545e-05
CS15448,0,0.0024343819823116064
CS15449,0,0.0002868540759664029
CS15450,1,0.997368335723877
CS15451,0,0.00026530236937105656
CS15452,0,0.001304506789892912
CS15453,0,0.0001398220774717629
CS15454,0,0.8719117641448975
CS15455,0,0.00040448151412419975
CS15456,1,0.9998511075973511
CS15457,0,0.03993731737136841
CS15458,0,6.205048703122884e-05
CS15459,0,9.028038766700774e-05
CS15460,1,0.001304506789892912
CS15461,0,0.00019716944370884448
CS15462,0,0.00047285447362810373
CS15463,0,0.0029349515680223703
CS15464,0,0.018124720081686974
CS15465,0,0.0060975621454417706
CS15466,0,5.3075080359121785e-05
CS15467,1,0.9998840093612671
CS15469,1,0.974821150302887
CS15470,0,0.00016093082376755774
CS15471,0,0.00012339458044152707
CS15472,0,0.0002531563804950565
CS15473,0,0.00025714197545312345
CS15474,0,0.0005033356137573719
CS15475,0,8.750300185056403e-05
CS15476,0,0.0003250358859077096
CS15477,1,0.9588471055030823
CS15478,0,0.0001398220774717629
CS15479,1,0.998498797416687
CS15480,0,0.00023782206699252129
CS15481,0,0.0005033356137573719
CS15482,0,7.722191367065534e-05
CS15483,0,0.00021654405281879008
CS15484,0,0.0004173157794866711
CS15485,0,0.00013135180051904172
CS15486,0,0.0001795279822545126
CS15487,1,0.9999359846115112
CS15488,0,0.00027372167096473277
CS15489,0,0.00019110433640889823
CS15490,0,0.0006986756343394518
CS15491,0,0.00010229986219201237
CS15492,0,0.0002694791473913938
CS15493,0,0.00017400544311385602
CS15494,0,0.23405632376670837
CS15495,1,0.9998875856399536
CS15496,0,0.0014550628839060664
CS15497,0,0.00010229986219201237
CS15498,0,0.0004655269149225205
CS15499,0,0.02161533571779728
CS15500,0,0.9877586960792542
CS15501,0,0.00024536947603337467
CS15502,0,0.00020342698553577065
CS15503,1,0.9998339414596558
CS15504,0,8.750300185056403e-05
CS15505,0,0.00018522574100643396
CS15506,0,0.0006263342220336199
CS15507,0,0.0002824080584105104
CS15508,1,0.9954615235328674
CS15509,0,0.000656372809316963
CS15510,0,0.0004305570910219103
CS15511,0,0.001151399570517242
CS15512,0,0.0002531563804950565
CS15513,0,7.031184213701636e-05
CS15514,0,0.0008040859247557819
CS15515,0,0.4410710632801056
CS15516,0,9.314593626186252e-05
CS15517,1,0.026963500306010246
CS15518,0,5.6497930927434936e-05
CS15519,0,0.0005033356137573719
CS15520,0,0.00019716944370884448
CS15521,1,0.0003920417802873999
CS15522,0,0.0008693674462847412
CS15523,0,0.0004802972252946347
CS15524,1,0.9998601675033569
CS15525,0,0.00033535013790242374
CS15526,1,0.03258974477648735
CS15527,0,0.00016346470511052758
CS15528,1,0.9975656270980835
CS15529,0,0.00013135180051904172
CS15530,0,0.0002131875662598759
CS15531,0,0.00014425987319555134
CS15532,0,0.0004878571489825845
CS15533,0,0.0001795279822545126
CS15534,0,0.0006361912819556892
CS15535,0,0.004331502132117748
CS15536,0,0.00014425987319555134
CS15537,0,0.00019716944370884448
CS15538,0,0.004133968148380518
CS15539,0,0.00010554686014074832
CS15540,0,0.00013135180051904172
CS15541,1,0.9979169964790344
CS15542,0,8.481104305246845e-05
CS15543,1,0.0006771942134946585
CS15544,0,0.00029137005913071334
CS15545,0,0.00029137005913071334
CS15546,1,0.9998910427093506
CS15547,0,0.2037075161933899
CS15548,0,7.967301644384861e-05
CS15549,1,0.0008969393675215542
CS15550,0,0.00013552079326473176
CS15551,0,0.0006166296661831439
CS15552,0,0.8976953029632568
CS15553,0,0.008187909610569477
CS15554,0,0.00023782206699252129
CS15555,0,0.0016743993619456887
CS15556,0,0.00030534894904121757
CS15557,0,0.00021654405281879008
CS15558,0,0.019271135330200195
CS15559,1,0.9992903470993042
CS15560,0,0.00015356238873209804
CS15561,0,5.475977013702504e-05
CS15562,0,5.6497930927434936e-05
CS15563,0,0.0045384312979876995
CS15564,0,0.04208773002028465
CS15565,0,0.01001356914639473
CS15566,0,0.0004955359036102891
CS15567,0,8.750300185056403e-05
CS15568,0,0.0009697519708424807
CS15569,0,0.00014425987319555134
CS15570,1,0.0018386653391644359
CS15571,0,0.00016865275392774493
CS15572,1,0.9992792010307312
CS15573,1,0.9997346997261047
CS15574,0,0.0013250223128125072
CS15575,0,0.00023050671734381467
CS15576,0,0.0001398220774717629
CS15577,0,0.00018522574100643396
CS15578,1,0.9994022846221924
CS15579,0,0.007937993854284286
CS15580,0,6.014151585986838e-05
CS15581,0,0.0005442132824100554
CS15582,0,0.00037409563083201647
CS15583,0,0.00011959858238697052
CS15584,0,0.00013552079326473176
CS15585,1,0.27708157896995544
CS15586,0,0.0001795279822545126
CS15587,0,0.00011959858238697052
CS15588,1,0.9997695088386536
CS15589,0,0.0002234163403045386
CS15590,0,0.001573112327605486
CS15591,0,0.0009547316585667431
CS15592,1,0.00014425987319555134
CS15593,0,0.00010554686014074832
CS15594,0,0.00014883847325108945
CS15595,0,0.00013135180051904172
CS15596,0,9.915272676153108e-05
CS15597,0,0.00019716944370884448
CS15598,1,0.9998944997787476
CS15599,0,0.00025714197545312345
CS15600,1,0.8856314420700073
CS15601,0,0.00016865275392774493
CS15602,0,0.0003920417802873999
CS15603,0,0.0015487611526623368
CS15604,1,0.0042646341025829315
CS15605,0,0.9981030225753784
CS15606,0,0.026355354115366936
CS15607,0,0.0002098830882459879
CS15608,1,0.00015843621804378927
CS15609,0,0.00023050671734381467
CS15610,0,0.0035380860790610313
CS15611,0,0.0004305570910219103
CS15612,0,0.00016865275392774493
CS15613,0,0.002115703420713544
CS15614,0,0.00029137005913071334
CS15615,0,0.00014425987319555134
CS15616,0,0.00037409563083201647
CS15617,0,0.00023413580493070185
CS15618,0,0.9796676635742188
CS15619,0,7.967301644384861e-05
CS15620,0,0.00014425987319555134
CS15621,0,0.00014425987319555134
CS15622,0,0.00023782206699252129
CS15623,0,0.00047285447362810373
CS15624,0,0.0002868540759664029
CS15625,0,0.005641908850520849
CS15626,0,0.0003514382697176188
CS15627,0,0.001081715221516788
CS15628,0,0.9953181147575378
CS15629,1,0.11516223102807999
CS15630,0,9.915272676153108e-05
CS15631,1,0.9998644590377808
CS15632,0,0.00026530236937105656
CS15633,0,0.0006361912819556892
CS15634,1,0.3956010639667511
CS15635,0,0.0004802972252946347
CS15636,0,0.00020342698553577065
CS15637,0,0.9978510141372681
CS15638,1,0.030214587226510048
CS15639,0,0.0003250358859077096
CS15640,0,9.610241977497935e-05
CS15641,0,0.00024536947603337467
CS15642,0,0.0002234163403045386
CS15643,0,6.605214002775028e-05
CS15644,1,0.9973269701004028
CS15645,1,0.9989995360374451
CS15646,0,0.00018522574100643396
CS15647,1,0.9989836812019348
CS15648,1,0.9998205304145813
CS15649,1,0.9957352876663208
CS15650,0,0.0004305570910219103
CS15651,0,0.0035380860790610313
CS15652,1,0.9993928670883179
CS15653,0,9.915272676153108e-05
CS15654,1,0.9996594190597534
CS15655,0,6.402006692951545e-05
CS15656,0,0.00011959858238697052
CS15657,1,0.9998176693916321
CS15658,0,0.0010649625910446048
CS15659,0,8.481104305246845e-05
CS15660,0,0.00013552079326473176
CS15661,0,0.0002694791473913938
CS15662,0,0.00045831294846720994
CS15663,0,0.0001795279822545126
CS15664,0,0.00019716944370884448
CS15665,0,8.481104305246845e-05
CS15666,0,0.000552778597921133
CS15667,0,0.0008559006382711232
CS15668,0,0.0011879054363816977
CS15669,1,0.9935117363929749
CS15670,0,0.0010005044750869274
CS15671,0,0.007577241398394108
CS15672,0,5.475977013702504e-05
CS15673,1,0.99991774559021
CS15674,0,0.00014883847325108945
CS15675,1,0.999868631362915
CS15676,0,0.00015356238873209804
CS15677,1,0.9974884986877441
CS15678,0,0.004755199886858463
CS15679,0,0.0005614787223748863
CS15680,0,0.00030534894904121757
CS15681,0,0.0005274784634821117
CS15682,0,0.00255091255530715
CS15683,1,0.999841570854187
CS15684,0,0.0002098830882459879
CS15685,0,0.00020342698553577065
CS15686,0,0.0006667023408226669
CS15687,0,0.00025714197545312345
CS15688,0,0.0014325365191325545
CS15689,0,6.605214002775028e-05
CS15690,0,0.0012843082658946514
CS15691,0,8.220189192797989e-05
CS15692,0,0.00010889690020121634
CS15693,0,0.0012065897462889552
CS15694,0,0.00023050671734381467
CS15695,1,0.997065007686615
CS15696,1,0.00035697061684913933
CS15697,0,9.915272676153108e-05
CS15698,0,0.28517282009124756
CS15699,1,0.0013670255430042744
CS15700,0,0.9908744096755981
CS15701,1,0.999562680721283
CS15702,0,0.0002531563804950565
CS15703,1,0.999868631362915
CS15704,1,0.000552778597921133
CS15705,0,0.00016346470511052758
CS15706,0,0.0004442183708306402
CS15707,0,0.00013552079326473176
CS15708,0,0.00015356238873209804
CS15709,0,0.0001398220774717629
CS15710,0,0.0002868540759664029
CS15711,1,0.0014779430348426104
CS15712,0,0.0002531563804950565
CS15713,1,0.9997175335884094
CS15714,0,9.028038766700774e-05
CS15715,0,0.0007208380266092718
CS15716,0,0.5041502714157104
CS15717,0,6.814871449023485e-05
CS15718,0,0.0003301527467556298
CS15719,0,0.000552778597921133
CS15720,0,0.00030061634606681764
CS15721,0,9.028038766700774e-05
CS15722,1,0.08850466459989548
CS15723,0,0.0003459916333667934
CS15724,1,0.9978510141372681
CS15725,0,0.0003459916333667934
CS15726,0,0.00012731103925034404
CS15727,0,0.01590639166533947
CS15728,0,0.0003301527467556298
CS15729,1,0.9999097585678101
CS15730,0,0.00014883847325108945
CS15731,0,0.0005614787223748863
CS15732,0,0.00013135180051904172
CS15733,0,0.00015356238873209804
CS15734,0,0.00011235327110625803
CS15735,0,0.00016346470511052758
CS15736,0,0.0004305570910219103
CS15737,0,0.9923043847084045
CS15738,0,0.0004655269149225205
CS15739,0,0.0002868540759664029
CS15740,1,0.00047285447362810373
CS15741,0,0.0002098830882459879
CS15742,0,0.0002098830882459879
CS15743,0,0.0006361912819556892
CS15744,0,0.00030534894904121757
CS15745,0,0.0029810331761837006
CS15746,1,0.9813107252120972
CS15747,0,5.6497930927434936e-05
CS15748,0,0.0012843082658946514
CS15749,0,7.484622619813308e-05
CS15750,0,0.002800926798954606
CS15751,1,0.879561185836792
CS15752,0,0.0004173157794866711
CS15753,1,0.9998644590377808
CS15754,0,8.220189192797989e-05
CS15755,1,0.0001795279822545126
CS15756,0,4.985958366887644e-05
CS15757,0,0.00010229986219201237
CS15758,0,7.254361116793007e-05
CS15759,1,0.9997507929801941
CS15760,0,0.00011235327110625803
CS15761,1,0.0020190139766782522
CS15762,0,4.832564081880264e-05
CS15763,0,8.750300185056403e-05
CS15764,0,0.0004373344127088785
CS15765,1,0.0012065897462889552
CS15766,1,0.9925393462181091
CS15767,1,0.0010484692174941301
CS15768,1,0.0013458604225888848
CS15769,0,0.6793914437294006
CS15770,0,0.0011335690505802631
CS15771,0,9.028038766700774e-05
CS15772,0,0.0006986756343394518
CS15773,0,0.00022693387290928513
CS15774,0,0.00011959858238697052
CS15775,0,0.00013552079326473176
CS15776,1,0.0009850081987679005
CS15777,1,0.9525741338729858
CS15778,0,0.0001795279822545126
CS15779,1,0.00019110433640889823
CS15780,0,0.00011235327110625803
CS15781,0,0.0015011822106316686
CS15782,0,0.0001795279822545126
CS15783,0,0.0002694791473913938
CS15784,0,0.0002131875662598759
CS15785,0,8.481104305246845e-05
CS15786,0,0.00023050671734381467
CS15787,0,0.00036259001353755593
CS15788,0,0.00030061634606681764
CS15789,1,0.9991958737373352
CS15790,0,0.00029595711384899914
CS15791,0,0.00040448151412419975
CS15792,1,0.004905405919998884
CS15793,0,0.9842154383659363
CS15794,0,0.00011235327110625803
CS15795,0,0.00019716944370884448
CS15797,1,0.997368335723877
CS15798,0,0.00014883847325108945
CS15799,0,0.0002234163403045386
CS15800,0,0.00013135180051904172
CS15801,0,0.00011235327110625803
CS15802,0,0.06371499598026276
CS15803,0,0.00013552079326473176
CS15804,0,0.00030534894904121757
CS15805,0,0.00020662981842178851
CS15806,0,0.1883239597082138
CS15807,1,0.9008791446685791
CS15808,0,0.011687259189784527
CS15809,0,0.0009547316585667431
CS15810,0,0.00020342698553577065
CS15811,1,0.0012065897462889552
CS15812,1,0.9997387528419495
CS15813,1,0.9937100410461426
CS15814,1,0.9963500499725342
CS15815,0,0.30115649104118347
CS15816,0,0.00026530236937105656
CS15817,0,0.0010649625910446048
CS15818,0,0.00255091255530715
CS15819,0,0.00014883847325108945
CS15820,1,0.9993833303451538
CS15821,1,0.9999068975448608
CS15822,0,0.0005033356137573719
CS15823,0,0.00016865275392774493
CS15824,1,0.9840936064720154
CS15825,0,0.00018522574100643396
CS15826,0,0.00011235327110625803
CS15827,0,0.000656372809316963
CS15828,0,0.0001795279822545126
CS15829,0,0.0004655269149225205
CS15830,0,0.06608538329601288
CS15831,1,0.0443485826253891
CS15832,0,7.484622619813308e-05
CS15833,1,0.9995761513710022
CS15834,1,0.9969722032546997
CS15835,0,0.000656372809316963
CS15836,1,0.9998601675033569
CS15837,0,0.00021654405281879008
CS15838,1,0.3195459246635437
CS15839,0,0.0004173157794866711
CS15840,0,0.00011235327110625803
CS15841,0,0.0013885231455788016
CS15842,0,0.0002234163403045386
CS15843,0,0.0002492325147613883
CS15844,0,0.00024536947603337467
CS15845,0,0.00013552079326473176
CS15846,0,0.00016346470511052758
CS15847,0,0.00020342698553577065
CS15848,0,0.0002098830882459879
CS15849,0,0.00031015597051009536
CS15850,0,0.0002611903182696551
CS15851,0,0.0003250358859077096
CS15852,0,0.00016865275392774493
CS15853,1,0.9998944997787476
CS15854,0,0.00020662981842178851
CS15855,0,8.220189192797989e-05
CS15856,0,0.02080448903143406
CS15857,0,0.0004802972252946347
CS15858,0,0.00019110433640889823
CS15859,0,8.750300185056403e-05
CS15860,0,0.00015356238873209804
CS15861,1,0.9566342234611511
CS15862,0,7.031184213701636e-05
CS15863,0,0.00016865275392774493
CS15864,0,0.00012339458044152707
CS15865,0,0.4632013738155365
CS15866,0,0.0006462032906711102
CS15867,0,0.0002531563804950565
CS15868,1,0.0064882696606218815
CS15869,0,0.00013552079326473176
CS15870,1,0.996570348739624
CS15871,1,0.9996594190597534
CS15872,0,0.0029349515680223703
CS15873,0,0.0003859660937450826
CS15874,0,0.00040448151412419975
CS15875,0,0.00015843621804378927
CS15876,1,0.9996849298477173
CS15877,0,0.00039821307291276753
CS15878,0,0.0002824080584105104
CS15879,0,0.005554925184696913
CS15880,1,0.8955226540565491
CS15881,1,0.8104788661003113
CS15882,0,0.00047285447362810373
CS15883,0,0.0009253848693333566
CS15884,1,0.9998365640640259
CS15885,0,0.0013458604225888848
CS15886,1,0.5223849415779114
CS15887,0,0.00020342698553577065
CS15888,0,0.00037409563083201647
CS15889,0,0.00013135180051904172
CS15890,0,0.0024343819823116064
CS15891,0,0.00019716944370884448
CS15892,1,0.1629120260477066
CS15893,0,0.00021654405281879008
CS15894,0,0.00026530236937105656
CS15895,0,0.0013250223128125072
CS15896,0,8.481104305246845e-05
CS15897,0,0.0003859660937450826
CS15898,0,0.0003301527467556298
CS15899,0,0.0002868540759664029
CS15900,1,0.9005298018455505
CS15901,0,0.00013135180051904172
CS15902,1,0.0008969393675215542
CS15903,1,0.14953136444091797
CS15904,1,0.9998910427093506
CS15905,1,0.9893474578857422
CS15906,0,8.481104305246845e-05
CS15907,0,0.023689471185207367
CS15908,0,0.00024156630388461053
CS15909,0,0.0002131875662598759
CS15910,0,0.13477592170238495
CS15911,0,0.0007096704212017357
CS15912,1,0.9998058676719666
CS15913,0,0.6063454747200012
CS15914,0,0.0002234163403045386
CS15915,1,0.2762998342514038
CS15916,0,0.00011959858238697052
CS15917,0,0.0008969393675215542
CS15918,0,0.00010229986219201237
CS15919,0,0.001782196224667132
CS15920,0,0.0005976693355478346
CS15921,0,0.0005357805639505386
CS15922,1,0.00255091255530715
CS15923,0,8.220189192797989e-05
CS15924,0,7.967301644384861e-05
CS15925,1,0.9990890026092529
CS15926,0,0.001081715221516788
CS15927,0,0.00010554686014074832
CS15928,1,0.0003250358859077096
CS15929,0,0.0001795279822545126
CS15930,0,0.00015356238873209804
CS15931,0,0.0022518474142998457
CS15932,0,0.0008830458391457796
CS15933,0,0.00011591933434829116
CS15934,0,0.00985985528677702
CS15935,0,0.00019110433640889823
CS15936,0,8.481104305246845e-05
CS15937,0,0.3077739477157593
CS15938,0,0.0001398220774717629
CS15939,0,6.814871449023485e-05
CS15940,1,0.9997584223747253
CS15941,1,0.9996800422668457
CS15942,1,0.9999227523803711
CS15943,1,0.9960545301437378
CS15944,0,0.00047285447362810373
CS15945,0,0.0044683837331831455
CS15946,0,0.0005112579092383385
CS15947,0,0.0004955359036102891
CS15948,1,0.024609927088022232
CS15949,0,0.003945406526327133
CS15950,1,0.9984752535820007
CS15951,0,8.750300185056403e-05
CS15952,0,7.967301644384861e-05
CS15953,0,0.0006070755189284682
CS15954,0,0.0014779430348426104
CS15955,0,0.0007793660624884069
CS15956,0,0.00031015597051009536
CS15957,0,0.9991573095321655
CS15958,0,0.00017400544311385602
CS15959,0,0.00018522574100643396
CS15960,1,0.9001793265342712
CS15961,1,0.12635333836078644
CS15962,0,0.00019716944370884448
CS15963,0,0.002511463360860944
CS15964,0,0.0002492325147613883
CS15965,1,0.998217761516571
CS15966,0,0.00020342698553577065
CS15967,0,9.915272676153108e-05
CS15968,0,0.0002131875662598759
CS15969,0,4.400118632474914e-05
CS15970,0,0.0002611903182696551
CS15971,0,0.00019110433640889823
CS15972,0,0.0029349515680223703
CS15973,0,5.6497930927434936e-05
CS15974,0,0.00011235327110625803
CS15975,0,0.9056565761566162
CS15976,0,0.9976769089698792
CS15977,1,0.9971550703048706
CS15978,0,0.0026730059180408716
CS15979,0,0.0009547316585667431
CS15980,0,0.00016865275392774493
CS15981,0,0.0007096704212017357
CS15982,0,0.00039821307291276753
CS15983,0,0.0038244836032390594
CS15984,0,0.005641908850520849
CS15985,1,0.10087861865758896
CS15986,0,0.0044683837331831455
CS15987,1,0.6918097138404846
CS15989,1,0.9895108342170715
CS15990,0,0.00014883847325108945
CS15991,0,8.750300185056403e-05
CS15992,0,0.0004173157794866711
CS15993,1,0.9998944997787476
CS15994,0,0.9994115829467773
CS15995,1,0.0006462032906711102
CS15996,0,0.0032224843744188547
CS15997,1,0.6716859340667725
CS15998,0,0.0005112579092383385
CS15999,0,0.0011160143185406923
CS16000,0,0.009412589482963085
CS16001,1,0.0020190139766782522
CS16002,0,0.0004512106243055314
CS16003,0,0.0007916296599432826
CS16004,0,0.00015356238873209804
CS16005,1,0.9996017813682556
CS16006,0,0.000816738058347255
CS16007,1,0.9995344877243042
CS16008,0,0.0006878511630930007
CS16009,1,0.003273064736276865
CS16010,0,7.254361116793007e-05
CS16011,0,0.0012065897462889552
CS16012,0,0.007636216469109058
CS16013,0,9.915272676153108e-05
CS16014,0,0.00017400544311385602
CS16015,0,0.0002780309587251395
CS16016,1,0.999555766582489
CS16017,0,8.220189192797989e-05
CS16018,1,0.9983515739440918
CS16019,0,0.0002234163403045386
CS16020,1,0.999322772026062
CS16021,0,4.2647468944778666e-05
CS16022,0,0.0003920417802873999
CS16023,0,0.00015356238873209804
CS16024,0,0.00014425987319555134
CS16025,0,0.0002098830882459879
CS16026,0,7.484622619813308e-05
CS16027,0,9.028038766700774e-05
CS16028,0,0.00029595711384899914
CS16029,0,4.832564081880264e-05
CS16030,1,0.005641908850520849
CS16031,0,0.00023413580493070185
CS16032,0,0.005730246659368277
CS16033,1,0.9996540546417236
CS16034,0,0.0004955359036102891
CS16035,0,0.01784873940050602
CS16036,0,0.00016865275392774493
CS16037,1,0.2643583416938782
CS16038,0,0.00018522574100643396
CS16039,0,0.0002098830882459879
CS16040,0,0.0002098830882459879
CS16041,0,0.00017400544311385602
CS16042,0,0.00030534894904121757
CS16043,0,9.610241977497935e-05
CS16044,0,0.00015843621804378927
CS16045,0,0.00018522574100643396
CS16046,1,0.9984752535820007
CS16047,0,5.475977013702504e-05
CS16048,0,0.0003406293399166316
CS16049,0,0.00014425987319555134
CS16050,0,0.0002098830882459879
CS16051,1,0.9998726844787598
CS16052,0,0.003027835162356496
CS16053,1,0.9999125003814697
CS16054,0,0.0002098830882459879
CS16055,0,0.0005703156348317862
CS16056,0,0.00024536947603337467
CS16057,0,0.0003859660937450826
CS16058,1,0.966156005859375
CS16059,0,7.722191367065534e-05
CS16060,0,0.999823272228241
CS16061,0,0.31573596596717834
CS16062,0,0.00016346470511052758
CS16063,0,0.0002492325147613883
CS16064,1,0.998498797416687
CS16065,0,0.0002531563804950565
CS16066,1,0.99935382604599
CS16067,0,0.00036259001353755593
CS16068,0,0.00019716944370884448
CS16069,0,0.00037998449988663197
CS16070,0,0.0011695101857185364
CS16071,1,0.9998644590377808
CS16072,0,9.028038766700774e-05
CS16073,0,0.00040448151412419975
CS16074,0,0.00011591933434829116
CS16075,1,0.9939963817596436
CS16076,0,0.0004878571489825845
CS16077,0,0.010169656947255135
CS16078,0,0.02822098694741726
CS16079,0,0.00013135180051904172
CS16080,0,0.0002694791473913938
CS16081,0,0.00018522574100643396
CS16082,0,0.0004802972252946347
CS16083,0,0.00015843621804378927
CS16084,0,0.002287227427586913
CS16085,0,0.00024536947603337467
CS16086,0,0.06325052678585052
CS16087,0,0.8134608268737793
CS16088,0,0.0002694791473913938
CS16090,0,9.610241977497935e-05
CS16091,0,0.00013552079326473176
CS16092,0,0.00014425987319555134
CS16093,0,8.481104305246845e-05
CS16094,0,7.967301644384861e-05
CS16095,0,0.0005442132824100554
CS16096,0,0.0004802972252946347
CS16097,1,0.9787126779556274
CS16098,1,0.999868631362915
CS16099,0,0.0003920417802873999
CS16100,0,0.0004802972252946347
CS16101,0,9.314593626186252e-05
CS16102,1,0.0008040859247557819
CS16103,0,0.0001398220774717629
CS16104,1,0.0006878511630930007
CS16105,0,0.9999097585678101
CS16106,0,0.0002098830882459879
CS16107,0,0.00024156630388461053
CS16108,0,0.0005442132824100554
CS16109,1,0.9997867941856384
CS16110,0,0.371364563703537
CS16111,0,0.00020662981842178851
CS16112,1,0.9934101700782776
CS16113,0,0.00014425987319555134
CS16114,0,0.0003250358859077096
CS16115,0,0.00012731103925034404
CS16116,0,0.00011959858238697052
CS16117,0,0.0002531563804950565
CS16118,0,0.0014550628839060664
CS16119,0,0.0003459916333667934
CS16120,0,0.00023782206699252129
CS16121,0,0.0004373344127088785
CS16122,1,0.14033624529838562
CS16123,1,0.9997867941856384
CS16124,0,0.0002098830882459879
CS16125,0,5.6497930927434936e-05
CS16126,0,7.484622619813308e-05
CS16127,0,0.00255091255530715
CS16128,0,0.043691061437129974
CS16129,0,0.00016603847325313836
CS16130,0,0.24762336909770966
CS16131,0,0.00016346470511052758
CS16132,0,0.0010484692174941301
CS16133,0,0.00016865275392774493
CS16134,0,0.00014883847325108945
CS16135,0,7.254361116793007e-05
CS16136,0,0.0006361912819556892
CS16137,0,0.0001398220774717629
CS16138,1,0.08882028609514236
CS16139,0,0.00011235327110625803
CS16140,1,0.999783456325531
CS16142,0,8.750300185056403e-05
CS16143,1,0.9996259212493896
CS16144,1,0.999868631362915
CS16145,0,0.00040448151412419975
CS16146,1,0.999841570854187
CS16147,1,0.9994207620620728
CS16148,0,0.00018814207578543574
CS16149,0,0.00010889690020121634
CS16150,0,0.00024156630388461053
CS16151,0,0.000816738058347255
CS16152,1,0.9995827078819275
CS16153,0,0.00019110433640889823
CS16154,0,0.0015011822106316686
CS16155,1,0.999562680721283
CS16156,0,7.254361116793007e-05
CS16157,1,0.9998910427093506
CS16158,1,0.34814631938934326
CS16159,0,0.0007321813027374446
CS16160,0,4.400118632474914e-05
CS16161,0,6.605214002775028e-05
CS16162,0,0.00037998449988663197
CS16163,1,0.47865068912506104
CS16164,0,7.031184213701636e-05
CS16165,0,0.0005884087877348065
CS16166,0,0.00020027377468068153
CS16167,0,0.0008830458391457796
CS16168,0,0.00042388474685139954
CS16169,0,0.0008693674462847412
CS16170,0,9.028038766700774e-05
CS16171,0,0.0007096704212017357
CS16172,0,0.0006771942134946585
CS16173,0,0.0008559006382711232
CS16174,1,0.9998726844787598
CS16175,0,0.004070138093084097
CS16176,0,9.610241977497935e-05
CS16177,1,0.00042388474685139954
CS16178,0,0.0010322310263291001
CS16179,1,0.0007096704212017357
CS16180,0,0.00011959858238697052
CS16181,0,0.0008426423300988972
CS16182,0,0.0006986756343394518
CS16183,1,0.9999203681945801
CS16184,0,0.00012731103925034404
CS16186,0,0.00016346470511052758
CS16187,0,0.00029137005913071334
CS16188,0,0.00039821307291276753
CS16189,1,0.9941800832748413
CS16190,0,0.09138211607933044
CS16191,0,0.0018675660248845816
CS16192,1,0.9998089671134949
CS16193,0,0.007232763804495335
CS16194,0,0.0004108485300093889
CS16195,0,0.0014325365191325545
CS16196,0,0.002217013156041503
CS16197,0,0.0002868540759664029
CS16198,1,0.8316905498504639
CS16199,0,0.0007672925130464137
CS16200,0,0.0017546144081279635
CS16201,0,0.0003250358859077096
CS16202,0,0.0003406293399166316
CS16203,0,9.915272676153108e-05
CS16204,0,0.00020342698553577065
CS16205,1,0.9998804330825806
CS16206,0,6.814871449023485e-05
CS16207,0,0.9987157583236694
CS16208,0,8.481104305246845e-05
CS16209,1,0.9990302324295044
CS16210,0,7.722191367065534e-05
CS16211,0,0.0004305570910219103
CS16212,0,0.0004512106243055314
CS16213,1,0.9999339580535889
CS16214,0,0.0032224843744188547
CS16215,0,0.0011879054363816977
CS16216,0,0.00025714197545312345
CS16217,0,0.0064882696606218815
CS16218,0,0.00033535013790242374
CS16219,0,6.205048703122884e-05
CS16220,1,0.08632347732782364
CS16221,1,0.9998726844787598
CS16222,0,0.00023050671734381467
CS16223,1,0.9993013143539429
CS16224,0,6.605214002775028e-05
CS16225,0,0.00912563782185316
CS16226,0,9.028038766700774e-05
CS16227,0,0.0005976693355478346
CS16228,0,0.0005274784634821117
CS16229,1,0.13341520726680756
CS16230,1,0.9998557567596436
CS16231,0,0.0002131875662598759
CS16232,0,0.0002234163403045386
CS16233,0,0.006692850962281227
CS16234,1,0.8524448275566101
CS16235,0,0.00040448151412419975
CS16236,0,0.00023050671734381467
CS16237,0,0.00017400544311385602
CS16238,1,0.6069644689559937
CS16239,0,0.00037998449988663197
CS16240,0,0.0001795279822545126
CS16241,0,0.00013552079326473176
CS16242,0,0.00019110433640889823
CS16243,1,0.00035697061684913933
CS16244,0,0.00011959858238697052
CS16245,0,0.057918086647987366
CS16246,0,0.0013885231455788016
CS16247,0,0.0005274784634821117
CS16248,0,0.00015598026220686734
CS16249,0,0.0005193048273213208
CS16250,0,0.00011591933434829116
CS16251,0,7.254361116793007e-05
CS16252,0,4.400118632474914e-05
CS16253,0,0.0007437028689309955
CS16254,1,0.9998028874397278
CS16255,0,9.028038766700774e-05
CS16256,0,8.481104305246845e-05
CS16257,0,7.031184213701636e-05
CS16258,0,0.4968262016773224
CS16259,1,0.3402658998966217
CS16260,0,0.00016865275392774493
CS16261,0,0.00012339458044152707
CS16262,0,0.00035697061684913933
CS16263,0,0.00012339458044152707
CS16264,0,0.0009850081987679005
CS16265,0,0.0001713081874186173
CS16266,0,0.00021654405281879008
CS16267,1,0.005911069456487894
CS16268,0,0.4916999638080597
CS16269,1,0.9999068975448608
CS16270,0,0.002115703420713544
CS16271,0,0.02080448903143406
CS16272,0,0.00035697061684913933
CS16273,0,6.402006692951545e-05
CS16274,1,0.9992327690124512
CS16275,0,0.00010229986219201237
CS16276,0,7.484622619813308e-05
CS16277,0,0.0011335690505802631
CS16278,0,0.00029595711384899914
CS16279,0,0.002714985515922308
CS16280,0,7.484622619813308e-05
CS16281,0,0.00021654405281879008
CS16282,0,0.00023050671734381467
CS16283,0,0.0008040859247557819
CS16284,0,0.016029145568609238
CS16285,0,0.000552778597921133
CS16286,0,5.475977013702504e-05
CS16287,0,0.004905405919998884
CS16288,0,0.0005274784634821117
CS16289,0,0.00030534894904121757
CS16290,0,0.0016484829830005765
CS16291,1,0.9996898174285889
CS16292,0,0.0002694791473913938
CS16293,0,8.220189192797989e-05
CS16294,1,0.010328153148293495
CS16295,0,0.00021654405281879008
CS16296,1,0.0009110512328334153
CS16297,0,0.0007208380266092718
CS16299,0,0.00027372167096473277
CS16300,0,0.00019110433640889823
CS16301,0,0.0005193048273213208
CS16302,0,0.00023782206699252129
CS16303,0,0.998498797416687
CS16304,1,0.9998910427093506
CS16305,1,0.0038244836032390594
CS16306,1,0.00482972152531147
CS16307,0,6.605214002775028e-05
CS16308,0,0.0005442132824100554
CS16309,1,0.9998601675033569
CS16310,1,0.9998339414596558
CS16311,1,0.9953904151916504
CS16312,0,0.004133968148380518
CS16313,0,0.0001795279822545126
CS16314,0,0.0026316740550100803
CS16315,0,0.00019110433640889823
CS16316,1,0.0005884087877348065
CS16317,1,0.20465964078903198
CS16318,0,9.028038766700774e-05
CS16319,0,0.3622920513153076
CS16320,0,0.00015356238873209804
CS16321,0,0.0007321813027374446
CS16322,0,6.205048703122884e-05
CS16323,1,0.9998840093612671
CS16324,0,0.00017674513219390064
CS16325,0,0.001304506789892912
CS16326,0,0.00015356238873209804
CS16327,1,0.19072401523590088
CS16328,1,0.0035936026833951473
CS16329,1,0.4827796518802643
CS16330,0,0.00029137005913071334
CS16331,0,8.481104305246845e-05
CS16332,1,0.2501792907714844
CS16333,0,8.481104305246845e-05
CS16334,0,0.9235922694206238
CS16335,0,0.1672186702489853
CS16336,0,5.144221358932555e-05
CS16337,1,0.13432104885578156
CS16338,0,0.00018522574100643396
CS16339,0,0.0005193048273213208
CS16340,0,0.00020342698553577065
CS16341,0,0.00042388474685139954
CS16342,1,0.9998910427093506
CS16343,1,0.9997997879981995
CS16344,0,0.00020342698553577065
CS16345,0,0.00016865275392774493
CS16346,1,0.9998726844787598
CS16347,0,0.00024536947603337467
CS16348,1,0.055005285888910294
CS16349,0,0.00022693387290928513
CS16350,1,0.9984752535820007
CS16351,0,0.00031503866193816066
CS16352,0,0.0003859660937450826
CS16353,1,0.0012843082658946514
CS16354,1,0.9958011507987976
CS16355,0,8.750300185056403e-05
CS16356,0,4.985958366887644e-05
CS16357,0,0.0001398220774717629
CS16358,0,0.00013552079326473176
CS16359,0,9.028038766700774e-05
CS16360,1,0.999823272228241
CS16361,0,0.00019110433640889823
CS16362,0,0.00012731103925034404
CS16363,0,0.00017400544311385602
CS16364,0,0.0005884087877348065
CS16365,0,0.00013552079326473176
CS16366,0,0.00016865275392774493
CS16367,0,0.0003301527467556298
CS16368,0,0.37102270126342773
CS16369,0,0.0005703156348317862
CS16370,0,0.00016865275392774493
CS16371,0,0.00036259001353755593
CS16372,0,0.00036829791497439146
CS16373,0,7.967301644384861e-05
CS16374,0,0.00019716944370884448
CS16375,0,0.0002780309587251395
CS16376,0,6.014151585986838e-05
CS16377,1,0.9871788024902344
CS16378,0,5.829126530443318e-05
CS16379,0,0.00033535013790242374
CS16380,0,7.031184213701636e-05
CS16381,0,6.814871449023485e-05
CS16382,0,0.00015843621804378927
CS16383,1,0.9998726844787598
CS16384,0,0.00023050671734381467
CS16385,0,0.0006263342220336199
CS16386,1,0.9246877431869507
CS16387,0,0.00015843621804378927
CS16388,0,0.0002531563804950565
CS16389,0,0.0004878571489825845
CS16390,0,0.9019206762313843
CS16391,0,0.0002531563804950565
CS16392,0,0.0003514382697176188
CS16393,1,0.847967803478241
CS16394,0,0.00042388474685139954
CS16395,0,0.00024536947603337467
CS16396,0,0.00023782206699252129
CS16397,0,0.001151399570517242
CS16398,1,0.997065007686615
CS16399,0,7.722191367065534e-05
CS16400,1,0.9918121099472046
CS16401,0,9.915272676153108e-05
CS16402,1,0.00047285447362810373
CS16403,0,0.05184546858072281
CS16404,0,0.00013552079326473176
CS16405,1,0.7769615650177002
CS16406,0,0.0002492325147613883
CS16407,0,0.00036259001353755593
CS16408,1,0.004982269834727049
CS16409,1,0.9998644590377808
CS16410,0,0.0005884087877348065
CS16411,0,0.0001398220774717629
CS16412,0,0.0029349515680223703
CS16413,0,0.0007916296599432826
CS16414,1,0.9971103668212891
CS16415,0,0.0001398220774717629
CS16416,0,5.475977013702504e-05
CS16417,1,0.008187909610569477
CS16418,0,0.47828516364097595
CS16419,0,0.00042388474685139954
CS16420,0,0.0004108485300093889
CS16421,0,0.00018522574100643396
CS16422,0,0.0004173157794866711
CS16423,0,9.610241977497935e-05
CS16424,0,0.0005792917218059301
CS16425,0,4.985958366887644e-05
CS16426,0,4.832564081880264e-05
CS16427,1,0.45519861578941345
CS16428,0,0.0008295892039313912
CS16429,1,0.9998804330825806
CS16430,0,0.00011959858238697052
CS16431,0,0.00011235327110625803
CS16432,1,0.0006878511630930007
CS16433,0,0.0002611903182696551
CS16434,0,0.00016093082376755774
CS16435,0,0.00017400544311385602
CS16436,0,0.00019716944370884448
CS16437,0,0.00023782206699252129
CS16438,0,0.00023050671734381467
CS16439,0,0.9161096215248108
CS16440,1,0.9883127808570862
CS16441,0,0.0004955359036102891
CS16442,1,0.9998511075973511
CS16443,0,0.0016484829830005765
CS16444,0,0.0004108485300093889
CS16445,0,0.0004802972252946347
CS16446,0,0.0001398220774717629
CS16447,0,6.205048703122884e-05
CS16448,0,0.0004108485300093889
CS16449,0,0.00017400544311385602
CS16450,0,0.9845753908157349
CS16451,0,0.0002824080584105104
CS16452,1,0.0007554056355729699
CS16453,1,0.999783456325531
CS16454,0,6.014151585986838e-05
CS16455,0,0.0005442132824100554
CS16456,0,0.023870835080742836
CS16457,1,0.09073548763990402
CS16458,0,0.0005357805639505386
CS16459,1,0.00019716944370884448
CS16460,0,0.0001398220774717629
CS16461,0,0.00172745855525136
CS16462,0,9.915272676153108e-05
CS16463,1,0.9998944997787476
CS16464,1,0.9989182949066162
CS16465,0,0.00024536947603337467
CS16466,1,0.9992792010307312
CS16467,0,0.0006462032906711102
CS16468,0,0.00030061634606681764
CS16469,0,0.00025714197545312345
CS16470,0,0.00036259001353755593
CS16471,0,0.0012255674228072166
CS16472,0,0.00010554686014074832
CS16473,0,0.00020342698553577065
CS16474,0,5.6497930927434936e-05
CS16475,0,0.0009399439441040158
CS16476,0,0.0007208380266092718
CS16477,1,0.9407896995544434
CS16478,0,0.00029595711384899914
CS16479,0,0.00030534894904121757
CS16480,0,0.00022693387290928513
CS16481,0,0.00017400544311385602
CS16482,1,0.000656372809316963
CS16483,0,7.484622619813308e-05
CS16484,0,0.002800926798954606
CS16485,0,0.00040448151412419975
CS16486,0,0.0001398220774717629
CS16487,0,0.9927672147750854
CS16488,0,0.00030061634606681764
CS16489,0,0.017442483454942703
CS16490,0,0.0009850081987679005
CS16491,1,0.9998944997787476
CS16492,1,0.9996079802513123
CS16493,0,0.0333368219435215
CS16494,0,0.00045831294846720994
CS16495,0,0.9942697286605835
CS16496,0,0.0004802972252946347
CS16497,0,6.402006692951545e-05
CS16498,0,0.00010229986219201237
CS16499,1,0.9852713346481323
CS16500,0,0.0009697519708424807
CS16501,0,0.00019716944370884448
CS16502,0,0.34687307476997375
CS16503,0,0.0012843082658946514
CS16504,0,0.9965165853500366
CS16505,0,0.00014425987319555134
CS16506,0,0.0044683837331831455
CS16507,0,0.00035697061684913933
CS16508,0,0.0003250358859077096
CS16509,0,0.016657041385769844
CS16510,1,0.9980429410934448
CS16511,0,0.001622966956347227
CS16512,0,0.0006361912819556892
CS16513,0,0.0005884087877348065
CS16514,1,0.0005033356137573719
CS16515,0,0.00016346470511052758
CS16516,0,0.00015356238873209804
CS16517,0,0.00015356238873209804
CS16518,0,0.0006878511630930007
CS16519,0,0.0002824080584105104
CS16520,0,0.0008426423300988972
CS16521,1,0.9998089671134949
CS16522,0,0.0003514382697176188
CS16523,0,0.0012448432389646769
CS16524,0,0.00018522574100643396
CS16525,0,9.028038766700774e-05
CS16526,0,0.00015356238873209804
CS16527,0,0.2422056347131729
CS16528,0,0.0005274784634821117
CS16529,0,0.999438464641571
CS16530,0,6.814871449023485e-05
CS16531,1,0.9985221028327942
CS16532,0,0.00037409563083201647
CS16533,0,0.0018386653391644359
CS16534,0,0.00011235327110625803
CS16535,0,0.999595582485199
CS16536,0,0.010169656947255135
CS16537,1,0.9998601675033569
CS16538,0,0.00020342698553577065
CS16539,0,0.004070138093084097
CS16540,0,0.00019716944370884448
CS16541,0,0.0008969393675215542
CS16542,0,0.003945406526327133
CS16543,1,0.3757064640522003
CS16544,1,0.9994296431541443
CS16545,0,0.00011959858238697052
CS16546,0,0.00014883847325108945
CS16547,0,0.00035697061684913933
CS16548,0,0.9983769655227661
CS16549,0,0.00042388474685139954
CS16550,0,0.00023050671734381467
CS16551,0,0.00019716944370884448
CS16552,0,0.9994207620620728
CS16553,0,0.00026530236937105656
CS16554,0,0.00013135180051904172
CS16555,0,0.005384937860071659
CS16556,0,0.00036829791497439146
CS16557,1,0.0044683837331831455
CS16558,0,0.0002098830882459879
CS16559,1,0.002800926798954606
CS16560,0,0.0001795279822545126
CS16561,0,0.0001398220774717629
CS16562,0,0.0004802972252946347
CS16563,1,0.9997901320457458
CS16564,0,0.002217013156041503
CS16565,0,0.00039821307291276753
CS16566,0,0.0009547316585667431
CS16567,1,0.9998804330825806
CS16568,0,0.00013552079326473176
CS16569,0,0.0001795279822545126
CS16570,0,0.0004173157794866711
CS16571,0,5.144221358932555e-05
CS16572,1,0.9998511075973511
CS16573,0,0.9210741519927979
CS16574,0,7.967301644384861e-05
CS16575,0,0.0003459916333667934
CS16576,1,0.9998726844787598
CS16578,1,0.9998804330825806
CS16579,0,0.00247262348420918
CS16580,1,0.9998089671134949
CS16581,1,0.004681821912527084
CS16582,0,0.00015356238873209804
CS16583,0,9.915272676153108e-05
CS16584,0,0.00019110433640889823
CS16585,1,0.9999251365661621
CS16586,0,0.00020342698553577065
CS16587,1,0.9904406070709229
CS16588,1,0.9998205304145813
CS16589,0,0.00026530236937105656
CS16590,0,0.00036829791497439146
CS16591,0,0.0001795279822545126
CS16592,1,0.0008295892039313912
CS16593,0,0.00014425987319555134
CS16594,0,0.0005274784634821117
CS16595,0,0.9908744096755981
CS16596,0,0.0009110512328334153
CS16597,1,0.9978510141372681
CS16598,0,8.481104305246845e-05
CS16599,0,0.00027372167096473277
CS16600,1,0.9997584223747253
CS16601,0,0.00021995336282998323
CS16602,0,0.00022693387290928513
CS16603,1,0.9998557567596436
CS16604,1,0.998217761516571
CS16605,0,0.00036259001353755593
CS16606,0,0.00010554686014074832
CS16607,0,0.00011959858238697052
CS16608,0,0.012431650422513485
CS16609,1,0.9999068975448608
CS16610,0,0.7287483215332031
CS16611,0,0.0031236486975103617
CS16612,0,0.00031503866193816066
CS16613,0,6.014151585986838e-05
CS16614,0,0.9986541271209717
CS16615,0,0.0001795279822545126
CS16616,0,0.00018522574100643396
CS16617,1,0.9999008178710938
CS16618,0,0.002217013156041503
CS16619,0,6.402006692951545e-05
CS16620,0,0.00047285447362810373
CS16621,0,6.814871449023485e-05
CS16622,0,0.00020342698553577065
CS16623,0,0.0005112579092383385
CS16624,0,7.967301644384861e-05
CS16625,0,8.220189192797989e-05
CS16626,0,0.0007321813027374446
CS16627,0,0.00015843621804378927
CS16628,0,0.00039821307291276753
CS16629,0,0.0007096704212017357
CS16630,0,0.031143832951784134
CS16631,0,0.44954368472099304
CS16632,0,6.402006692951545e-05
CS16633,0,0.0009850081987679005
CS16634,1,0.9981613755226135
CS16635,0,0.00018522574100643396
CS16636,0,0.00031503866193816066
CS16637,0,0.0005274784634821117
CS16638,0,5.6497930927434936e-05
CS16639,0,0.00023050671734381467
CS16640,1,0.9489172697067261
CS16641,0,0.00012339458044152707
CS16642,1,0.9742394685745239
CS16643,0,0.956308901309967
CS16644,0,7.484622619813308e-05
CS16645,0,0.00023413580493070185
CS16646,0,0.0032224843744188547
CS16647,1,0.015663649886846542
CS16648,0,0.00013552079326473176
CS16649,0,0.00011235327110625803
CS16650,1,0.9888418912887573
CS16651,1,0.0446808747947216
CS16652,0,0.00016865275392774493
CS16653,1,0.9984269142150879
CS16654,0,0.00019716944370884448
CS16655,1,0.006797531619668007
CS16656,0,0.0004373344127088785
CS16657,0,0.00011959858238697052
CS16658,0,0.002115703420713544
CS16659,0,0.0011335690505802631
CS16660,0,0.0014779430348426104
CS16661,0,0.00019716944370884448
CS16662,0,0.0008969393675215542
CS16663,0,0.0005703156348317862
CS16664,0,0.0014325365191325545
CS16665,0,0.00023413580493070185
CS16666,1,0.9998910427093506
CS16667,1,0.9998205304145813
CS16668,0,0.00012339458044152707
CS16669,0,0.0001398220774717629
CS16670,0,0.04054073989391327
CS16671,1,0.9939963817596436
CS16672,0,0.0060975621454417706
CS16673,0,0.00020027377468068153
CS16674,0,9.915272676153108e-05
CS16675,0,0.00015356238873209804
CS16676,0,0.00015356238873209804
CS16677,0,0.976669192314148
CS16678,0,8.481104305246845e-05
CS16679,0,0.00010889690020121634
CS16680,0,0.00031503866193816066
CS16681,0,0.0037654137704521418
CS16682,0,0.00023050671734381467
CS16683,0,0.002714985515922308
CS16684,0,0.00023050671734381467
CS16685,0,0.00011235327110625803
CS16686,1,0.9980121850967407
CS16687,0,0.00014425987319555134
CS16688,0,0.0002098830882459879
CS16689,0,0.985496461391449
CS16690,0,0.0018969199154525995
CS16692,1,0.9965165853500366
CS16693,0,0.0009253848693333566
CS16694,0,0.04885777831077576
CS16695,0,8.481104305246845e-05
CS16696,1,0.9995891451835632
CS16697,1,0.998498797416687
CS16698,0,0.00023413580493070185
CS16699,0,0.5990160703659058
CS16700,0,0.00011591933434829116
CS16701,0,6.014151585986838e-05
CS16702,1,0.9975274205207825
CS16703,0,0.00016346470511052758
CS16704,0,0.011869121342897415
CS16705,0,0.0003250358859077096
CS16706,1,0.9732407331466675
CS16707,0,0.00023782206699252129
CS16708,0,0.0001795279822545126
CS16709,0,0.00019716944370884448
CS16710,0,0.9978843331336975
CS16711,0,0.0006263342220336199
CS16712,0,0.00030534894904121757
CS16713,0,0.0009399439441040158
CS16714,0,0.0001823546044761315
CS16715,0,0.0006986756343394518
CS16716,0,0.0001795279822545126
CS16717,0,0.00012731103925034404
CS16718,0,0.00047285447362810373
CS16719,0,0.0002098830882459879
CS16720,0,0.9224823713302612
CS16721,0,0.0001398220774717629
CS16723,0,0.9999097585678101
CS16724,0,0.00030534894904121757
CS16725,0,0.0008969393675215542
CS16726,0,0.004331502132117748
CS16727,0,6.814871449023485e-05
CS16729,0,6.814871449023485e-05
CS16730,0,0.00016346470511052758
CS16731,0,0.00040448151412419975
CS16732,0,0.00019716944370884448
CS16733,0,0.0002824080584105104
CS16734,0,0.00040448151412419975
CS16735,0,0.0006667023408226669
CS16736,0,0.0010649625910446048
CS16737,0,0.002714985515922308
CS16738,1,0.9942697286605835
CS16739,0,0.021948253735899925
CS16740,0,0.00016865275392774493
CS16741,0,8.750300185056403e-05
CS16742,0,0.00017400544311385602
CS16743,0,6.814871449023485e-05
CS16744,0,0.00013552079326473176
CS16745,0,0.00024156630388461053
CS16746,0,0.0004305570910219103
CS16747,0,5.3075080359121785e-05
CS16748,1,0.38144996762275696
CS16749,0,0.0011160143185406923
CS16750,1,0.9996429681777954
CS16751,1,0.9997997879981995
CS16752,1,0.9998977184295654
CS16753,0,0.01640303246676922
CS16754,0,0.00012731103925034404
CS16755,0,0.00015356238873209804
CS16756,1,0.9995197057723999
CS16757,1,0.9988664388656616
CS16758,0,0.0002492325147613883
CS16759,0,0.00015843621804378927
CS16760,1,0.12721826136112213
CS16761,1,0.9998644590377808
CS16762,0,6.605214002775028e-05
CS16763,0,0.00010889690020121634
CS16764,0,0.00013552079326473176
CS16765,0,0.00016346470511052758
CS16766,0,0.00033535013790242374
CS16767,0,0.001573112327605486
CS16768,0,0.0002868540759664029
CS16769,1,0.47536176443099976
CS16770,1,0.9998601675033569
CS16771,0,0.9637799859046936
CS16772,0,0.00023782206699252129
CS16773,0,0.0001795279822545126
CS16774,1,0.9997428059577942
CS16775,0,5.6497930927434936e-05
CS16776,0,0.00042388474685139954
CS16777,0,7.254361116793007e-05
CS16778,0,0.00020662981842178851
CS16779,1,0.9700134992599487
CS16780,0,0.26971015334129333
CS16781,1,0.9987356066703796
CS16782,0,0.00019110433640889823
CS16783,1,0.9998148083686829
CS16784,0,0.00014425987319555134
CS16785,0,0.0027576221618801355
CS16786,0,0.00016346470511052758
CS16787,0,0.0008040859247557819
CS16788,0,0.00021995336282998323
CS16789,0,0.0005792917218059301
CS16790,0,0.0010649625910446048
CS16791,0,0.00019110433640889823
CS16792,0,0.0002694791473913938
CS16793,1,0.986151397228241
CS16794,0,0.003649987280368805
CS16795,0,0.026963500306010246
CS16796,0,0.0002611903182696551
CS16797,0,0.0011879054363816977
CS16798,0,0.0004802972252946347
CS16799,0,0.00020342698553577065
CS16800,1,0.9995044469833374
CS16801,0,0.004007288720458746
CS16802,0,0.0001795279822545126
CS16803,0,0.00014883847325108945
CS16804,0,7.031184213701636e-05
CS16805,0,0.00015356238873209804
CS16806,1,0.0010322310263291001
CS16807,0,0.0014103584690019488
CS16808,0,0.002396730938926339
CS16809,0,7.967301644384861e-05
CS16810,0,0.9190633296966553
CS16811,0,0.9995694756507874
CS16812,0,0.0008830458391457796
CS16813,1,9.028038766700774e-05
CS16814,0,0.0001795279822545126
CS16815,0,6.605214002775028e-05
CS16816,1,0.9998644590377808
CS16817,0,8.750300185056403e-05
CS16818,1,0.021287353709340096
CS16819,0,0.0003920417802873999
CS16820,0,0.0003250358859077096
CS16821,0,0.00011235327110625803
CS16822,0,7.254361116793007e-05
CS16823,0,0.00013135180051904172
CS16824,0,0.00029595711384899914
CS16825,1,0.9914224743843079
CS16826,0,0.0002694791473913938
CS16827,0,0.00033535013790242374
CS16828,1,0.9976032376289368
CS16829,0,0.18359361588954926
CS16830,0,0.0003406293399166316
CS16831,0,0.00020027377468068153
CS16832,0,0.0002234163403045386
CS16833,0,0.00023413580493070185
CS16834,0,0.00016346470511052758
CS16835,0,0.0015978454612195492
CS16836,0,6.014151585986838e-05
CS16837,1,0.2624635696411133
CS16838,0,0.00016346470511052758
CS16839,1,0.06371499598026276
CS16840,0,0.00011235327110625803
CS16841,0,0.0006462032906711102
CS16842,0,0.004681821912527084
CS16843,0,9.610241977497935e-05
CS16844,1,0.9998840093612671
CS16845,0,0.00013552079326473176
CS16846,1,0.9998875856399536
CS16847,0,0.00022693387290928513
CS16848,0,0.9987744688987732
CS16849,1,0.999562680721283
CS16850,0,9.915272676153108e-05
CS16851,0,0.0002868540759664029
CS16852,0,0.0003459916333667934
CS16853,0,0.00018522574100643396
CS16854,1,0.998217761516571
CS16855,0,0.0020507436711341143
CS16856,0,0.00020027377468068153
CS16857,0,6.402006692951545e-05
CS16858,0,0.0001795279822545126
CS16859,0,0.0004373344127088785
CS16860,1,0.999322772026062
CS16861,1,0.7386690378189087
CS16862,0,0.00015356238873209804
CS16863,0,7.722191367065534e-05
CS16864,1,0.9999039173126221
CS16865,1,0.999868631362915
CS16866,0,0.00036259001353755593
CS16867,0,0.00031015597051009536
CS16868,1,0.999929666519165
CS16869,0,0.005469274241477251
CS16870,0,0.0020507436711341143
CS16871,0,0.0006771942134946585
CS16872,1,0.041152890771627426
CS16873,1,0.9976403713226318
CS16874,0,0.00025714197545312345
CS16875,1,0.9997584223747253
CS16876,0,0.00026530236937105656
CS16877,0,0.00011235327110625803
CS16878,1,0.9993833303451538
CS16879,0,0.00011235327110625803
CS16880,0,0.0002868540759664029
CS16881,1,0.0008559006382711232
CS16882,0,0.0004512106243055314
CS16883,0,0.0006878511630930007
CS16884,0,0.00016865275392774493
CS16885,1,0.9999125003814697
CS16886,1,0.0004173157794866711
CS16888,0,0.9989182949066162
CS16889,1,0.9992903470993042
CS16890,0,0.0002780309587251395
CS16891,0,0.00024536947603337467
CS16892,1,0.999841570854187
CS16893,0,0.00011235327110625803
CS16894,0,0.00017400544311385602
CS16895,1,0.9915544390678406
CS16896,0,0.00024536947603337467
CS16897,1,0.00016865275392774493
CS16898,0,5.829126530443318e-05
CS16899,1,0.9999251365661621
CS16900,1,0.104843370616436
CS16901,1,0.9839708209037781
CS16902,1,0.0035380860790610313
CS16903,1,0.06954174488782883
CS16904,0,0.00036259001353755593
CS16905,1,0.003429603762924671
CS16906,0,0.00010889690020121634
CS16907,0,0.0006166296661831439
CS16908,0,0.01590639166533947
CS16909,1,0.9991704225540161
CS16910,0,7.484622619813308e-05
CS16911,0,0.0002098830882459879
CS16912,0,0.00016093082376755774
CS16913,0,0.00023050671734381467
CS16914,0,9.610241977497935e-05
CS16915,0,7.484622619813308e-05
CS16916,1,0.999322772026062
CS16917,0,0.00014425987319555134
CS16918,1,0.0008559006382711232
CS16919,0,0.0003514382697176188
CS16920,0,0.00036829791497439146
CS16921,0,7.722191367065534e-05
CS16922,1,0.9946980476379395
CS16923,0,0.0004655269149225205
CS16924,1,0.04501553252339363
CS16925,1,0.9838472008705139
CS16926,0,0.00031015597051009536
CS16927,0,0.008577484637498856
CS16928,1,0.9981613755226135
CS16929,0,0.00039821307291276753
CS16930,1,0.5275599360466003
CS16931,0,0.0018675660248845816
CS16932,1,0.9996199607849121
CS16933,0,7.031184213701636e-05
CS16934,0,0.0001795279822545126
CS16935,0,0.0005112579092383385
CS16936,0,0.0009697519708424807
CS16937,0,0.00021654405281879008
CS16938,1,0.9995761513710022
CS16939,0,0.001081715221516788
CS16940,0,0.9989012479782104
CS16941,0,0.0007793660624884069
CS16942,1,0.9991958737373352
CS16943,0,0.00014883847325108945
CS16944,0,0.00027372167096473277
CS16945,0,0.00021654405281879008
CS16946,1,0.999868631362915
CS16947,0,0.0009110512328334153
CS16948,0,0.0022518474142998457
CS16949,1,0.9999203681945801
CS16950,0,0.00016865275392774493
CS16951,1,0.8104788661003113
CS16952,1,0.999762237071991
CS16953,0,0.0007321813027374446
CS16954,0,0.0020190139766782522
CS16955,1,0.9997428059577942
CS16956,0,7.254361116793007e-05
CS16957,0,0.00027372167096473277
CS16958,0,0.0002868540759664029
CS16959,0,0.0001823546044761315
CS16960,1,0.9999227523803711
CS16961,0,0.0004373344127088785
CS16962,0,0.0008040859247557819
CS16963,0,0.00024536947603337467
CS16964,0,0.002714985515922308
CS16965,1,0.26057755947113037
CS16966,0,0.00010554686014074832
CS16967,0,0.00016865275392774493
CS16968,0,0.00023782206699252129
CS16969,0,0.005139610730111599
CS16970,1,0.027376487851142883
CS16971,0,0.00036829791497439146
CS16972,0,0.00011591933434829116
CS16973,0,4.400118632474914e-05
CS16974,0,0.0001398220774717629
CS16975,0,0.00024536947603337467
CS16976,0,0.00024156630388461053
CS16977,0,0.0001795279822545126
CS16978,0,0.0003514382697176188
CS16979,1,0.999220609664917
CS16980,1,0.9998601675033569
CS16981,1,0.9971103668212891
CS16982,0,0.9879462122917175
CS16983,0,0.0060975621454417706
CS16984,0,0.00024536947603337467
CS16985,0,0.49853515625
CS16986,0,0.0004173157794866711
CS16987,1,0.0012065897462889552
CS16988,0,0.0002780309587251395
CS16989,0,0.00013135180051904172
CS16990,1,0.2833845615386963
CS16991,1,0.9989182949066162
CS16992,0,6.402006692951545e-05
CS16993,0,0.42453131079673767
CS16994,0,0.0002234163403045386
CS16995,0,0.0004802972252946347
CS16996,0,0.0012448432389646769
CS16997,0,0.00027372167096473277
CS16998,1,0.003027835162356496
CS16999,0,6.402006692951545e-05
CS17000,0,0.00020342698553577065
CS17001,0,0.0001823546044761315
CS17002,0,0.00026530236937105656
CS17003,0,0.00014883847325108945
CS17004,0,0.0002234163403045386
CS17006,1,0.0007672925130464137
CS17007,1,0.9995827078819275
CS17008,0,0.0001795279822545126
CS17009,0,0.00036259001353755593
CS17010,0,0.0002234163403045386
CS17011,0,0.00023050671734381467
CS17012,0,5.829126530443318e-05
CS17013,0,0.0002694791473913938
CS17014,0,0.0001511819864390418
CS17015,1,0.9998028874397278
CS17016,1,0.18952107429504395
CS17017,0,0.0003920417802873999
CS17018,1,0.9980732202529907
CS17019,0,0.00014883847325108945
CS17020,1,0.9998365640640259
CS17021,0,0.00014883847325108945
CS17022,0,0.00039821307291276753
CS17023,0,0.0009547316585667431
CS17024,0,0.0010484692174941301
CS17025,1,0.9989836812019348
CS17026,0,0.00027372167096473277
CS17027,1,0.9999039173126221
CS17028,0,0.0005357805639505386
CS17029,0,0.0004305570910219103
CS17030,0,0.00013552079326473176
CS17031,0,0.00017400544311385602
CS17032,0,0.00023050671734381467
CS17033,0,0.00020342698553577065
CS17034,0,0.00016865275392774493
CS17035,1,0.9989677667617798
CS17036,0,0.00040448151412419975
CS17037,0,4.683888619183563e-05
CS17038,0,7.484622619813308e-05
CS17039,0,0.006589771248400211
CS17040,0,0.0001795279822545126
CS17041,1,0.9995694756507874
CS17042,0,0.8738621473312378
CS17043,0,0.9804313778877258
CS17044,0,0.008315778337419033
CS17045,0,0.00019411317771300673
CS17046,0,0.5574839115142822
CS17047,0,0.00027372167096473277
CS17048,0,6.814871449023485e-05
CS17049,1,0.9985674619674683
CS17050,1,0.9993333220481873
CS17051,0,0.0023231625091284513
CS17052,0,0.00010889690020121634
CS17053,1,0.0011335690505802631
CS17054,0,0.00013765462790615857
CS17055,0,0.001304506789892912
CS17056,0,5.475977013702504e-05
CS17057,0,0.0013670255430042744
CS17058,1,0.0042646341025829315
CS17059,0,0.0008830458391457796
CS17060,0,0.0008830458391457796
CS17061,0,0.0005614787223748863
CS17062,0,0.00020342698553577065
CS17063,0,0.03934250399470329
CS17064,0,0.6808785796165466
CS17065,0,0.00015843621804378927
CS17066,0,0.0006771942134946585
CS17067,0,0.00019716944370884448
CS17068,0,0.00012339458044152707
CS17069,0,0.00027372167096473277
CS17070,1,0.00016346470511052758
CS17071,0,0.998217761516571
CS17072,0,0.5135464668273926
CS17073,0,7.254361116793007e-05
CS17074,0,0.0004512106243055314
CS17075,0,0.06233103945851326
CS17076,0,0.00015843621804378927
CS17077,0,0.6947170495986938
CS17078,0,0.9990600943565369
CS17079,0,8.750300185056403e-05
CS17080,0,0.966156005859375
CS17081,0,0.00013552079326473176
CS17082,0,0.00019110433640889823
CS17083,0,8.220189192797989e-05
CS17084,0,0.00024536947603337467
CS17085,0,8.750300185056403e-05
CS17086,0,0.0037654137704521418
CS17087,1,0.9999008178710938
CS17088,0,0.00035697061684913933
CS17089,0,9.314593626186252e-05
CS17090,1,0.9997658133506775
CS17091,1,0.9883127808570862
CS17092,1,0.9929881691932678
CS17093,0,0.00019110433640889823
CS17094,0,0.0002868540759664029
CS17095,0,0.0005884087877348065
CS17097,0,0.0015487611526623368
CS17098,0,0.0013670255430042744
CS17099,0,0.00013552079326473176
CS17100,0,0.0004173157794866711
CS17101,0,0.00031015597051009536
CS17102,0,0.00019716944370884448
CS17103,1,0.9999008178710938
CS17104,0,6.205048703122884e-05
CS17105,0,0.00024536947603337467
CS17106,0,0.0004305570910219103
CS17107,1,0.9998944997787476
CS17108,1,0.0022518474142998457
CS17109,0,0.00018522574100643396
CS17110,0,8.220189192797989e-05
CS17111,1,0.9998464584350586
CS17112,0,0.00029595711384899914
CS17113,0,0.9968273043632507
CS17114,0,0.00018522574100643396
CS17115,0,0.0002780309587251395
CS17116,0,0.00029137005913071334
CS17117,1,0.003429603762924671
CS17118,0,0.0007554056355729699
CS17119,0,0.002714985515922308
CS17120,0,0.004681821912527084
CS17121,0,0.00011959858238697052
CS17122,1,0.9367494583129883
CS17123,0,0.00010554686014074832
CS17124,0,0.0001795279822545126
CS17125,0,0.0018102109897881746
CS17126,0,0.00019716944370884448
CS17127,1,0.9983769655227661
CS17128,1,0.9997584223747253
CS17129,0,0.00019716944370884448
CS17130,1,0.0007437028689309955
CS17131,0,0.0002098830882459879
CS17132,0,0.0002531563804950565
CS17133,0,0.00017400544311385602
CS17134,1,0.8494724035263062
CS17135,0,0.0012644219677895308
CS17136,1,0.999843955039978
CS17137,0,0.0002868540759664029
CS17138,0,0.00016346470511052758
CS17139,0,0.00013552079326473176
CS17140,0,0.9678993225097656
CS17141,1,0.9958011507987976
CS17142,0,0.000656372809316963
CS17143,0,0.00020342698553577065
CS17144,0,0.0001795279822545126
CS17145,0,0.0007208380266092718
CS17146,0,0.0006166296661831439
CS17147,0,0.00017400544311385602
CS17148,0,0.00031503866193816066
CS17149,0,0.00010229986219201237
CS17150,0,8.220189192797989e-05
CS17151,1,0.9998804330825806
CS17152,0,0.00011591933434829116
CS17153,0,0.00023782206699252129
CS17154,0,0.0003514382697176188
CS17155,0,0.006289901677519083
CS17156,0,0.00023782206699252129
CS17157,1,0.9998028874397278
CS17158,1,0.018404891714453697
CS17159,0,0.0001795279822545126
CS17160,0,0.00021654405281879008
CS17161,0,0.00029595711384899914
CS17162,0,0.00012731103925034404
CS17163,1,0.9996849298477173
CS17164,0,0.9750121831893921
CS17165,0,7.254361116793007e-05
CS17166,0,0.0029349515680223703
CS17167,1,0.9979493021965027
CS17168,1,0.9976403713226318
CS17169,1,0.999868631362915
CS17170,0,0.00214894930832088
CS17171,0,0.00011235327110625803
CS17172,0,0.0026730059180408716
CS17173,0,0.00019110433640889823
CS17174,0,0.00012731103925034404
CS17175,0,6.814871449023485e-05
CS17176,0,6.014151585986838e-05
CS17177,0,0.00019110433640889823
CS17178,1,0.9999151229858398
CS17179,1,0.766643226146698
CS17180,0,0.00023050671734381467
CS17181,1,0.3274531960487366
CS17182,0,0.00011235327110625803
CS17183,0,0.0027576221618801355
CS17184,0,0.007460643537342548
CS17185,0,0.0004878571489825845
CS17186,1,0.9998557567596436
CS17187,0,0.00016603847325313836
CS17188,0,0.9704646468162537
CS17189,0,0.00031503866193816066
CS17190,1,0.9991832375526428
CS17191,0,0.00023782206699252129
CS17192,0,0.00012339458044152707
CS17193,0,0.00023050671734381467
CS17194,0,0.00015843621804378927
CS17195,1,0.9943581223487854
CS17196,0,0.9943581223487854
CS17197,0,0.0008295892039313912
CS17198,0,0.9978510141372681
CS17199,0,0.00012731103925034404
CS17200,0,0.00011774458835134283
CS17201,0,0.00014883847325108945
CS17202,0,9.610241977497935e-05
CS17203,1,0.9998766183853149
CS17204,0,9.028038766700774e-05
CS17205,0,0.00021654405281879008
CS17206,0,0.00015356238873209804
CS17207,0,0.00016865275392774493
CS17208,0,0.00010229986219201237
CS17209,0,0.00014425987319555134
CS17210,0,0.00045831294846720994
CS17211,0,0.0005112579092383385
CS17212,1,0.99991774559021
CS17213,0,0.06325052678585052
CS17214,1,0.9991440773010254
CS17215,1,0.997285008430481
CS17216,1,0.9998726844787598
CS17217,0,0.017712296918034554
CS17218,0,9.915272676153108e-05
CS17219,0,0.00036259001353755593
CS17220,0,0.0446808747947216
CS17221,0,0.0005884087877348065
CS17222,0,0.9947799444198608
CS17223,0,0.00033535013790242374
CS17224,1,0.0012065897462889552
CS17225,1,0.999208390712738
CS17226,0,0.0002531563804950565
CS17227,0,5.6497930927434936e-05
CS17228,1,0.999843955039978
CS17229,0,0.00030061634606681764
CS17230,1,0.9995197057723999
CS17231,0,0.00024156630388461053
CS17232,0,0.00020342698553577065
CS17233,0,0.00011591933434829116
CS17234,0,0.0002868540759664029
CS17235,0,0.0002098830882459879
CS17236,0,0.0003301527467556298
CS17237,1,0.9653811454772949
CS17238,0,0.0009850081987679005
CS17239,0,0.00039821307291276753
CS17240,0,0.00011959858238697052
CS17241,1,0.0018102109897881746
CS17242,1,0.9995891451835632
CS17243,0,0.0006070755189284682
CS17244,0,6.205048703122884e-05
CS17245,0,0.0005112579092383385
CS17246,0,0.0005884087877348065
CS17247,0,0.00047285447362810373
CS17248,0,0.0005442132824100554
CS17249,1,0.9999125003814697
CS17250,0,6.014151585986838e-05
CS17251,0,7.254361116793007e-05
CS17252,0,0.00021654405281879008
CS17253,1,0.9977481961250305
CS17254,0,0.0037072529084980488
CS17255,0,0.00023050671734381467
CS17256,0,8.481104305246845e-05
CS17257,0,0.0003301527467556298
CS17258,0,0.00025714197545312345
CS17259,1,0.999823272228241
CS17260,0,0.3993430435657501
CS17261,0,0.00016346470511052758
CS17262,0,0.00020342698553577065
CS17263,1,9.028038766700774e-05
CS17264,0,0.00011959858238697052
CS17265,1,0.9594592452049255
CS17266,0,0.008445627987384796
CS17267,1,7.967301644384861e-05
CS17268,0,0.00015843621804378927
CS17269,1,0.9996646642684937
CS17270,1,0.9998644590377808
CS17271,0,0.00022693387290928513
CS17272,0,0.0002611903182696551
CS17273,0,0.00016346470511052758
CS17274,0,0.0003459916333667934
CS17275,0,0.00037998449988663197
CS17276,0,0.013020489364862442
CS17277,0,0.9943581223487854
CS17278,0,0.0004655269149225205
CS17279,0,0.15662017464637756
CS17280,0,8.481104305246845e-05
CS17281,0,0.00016346470511052758
CS17282,0,0.00024536947603337467
CS17283,0,0.00016865275392774493
CS17284,1,0.9979169964790344
CS17285,1,0.9980429410934448
CS17286,0,0.00012731103925034404
CS17287,0,7.031184213701636e-05
CS17288,0,0.0032224843744188547
CS17289,0,0.0002694791473913938
CS17290,1,0.9986329674720764
CS17291,0,0.0002824080584105104
CS17292,0,0.00011959858238697052
CS17293,0,0.9982725381851196
CS17294,0,0.00029595711384899914
CS17295,0,0.0002694791473913938
CS17296,1,0.9981030225753784
CS17297,1,0.9999068975448608
CS17298,0,0.00042388474685139954
CS17299,0,0.5829659700393677
CS17300,0,0.9653811454772949
CS17301,0,0.00012339458044152707
CS17302,0,7.031184213701636e-05
CS17303,0,9.314593626186252e-05
CS17304,1,0.0037072529084980488
CS17305,1,0.9993435740470886
CS17306,1,0.3883860409259796
CS17307,1,0.2632204592227936
CS17308,0,0.0004108485300093889
CS17309,0,0.0001398220774717629
CS17310,0,0.9695556163787842
CS17311,1,0.9998726844787598
CS17312,0,0.00015356238873209804
CS17313,0,0.004681821912527084
CS17314,0,0.0006986756343394518
CS17315,0,0.0006070755189284682
CS17316,0,0.00013765462790615857
CS17317,1,0.00023050671734381467
CS17318,0,0.002396730938926339
CS17319,1,0.027169231325387955
CS17320,1,0.9890130758285522
CS17321,0,0.0002824080584105104
CS17322,0,0.00036259001353755593
CS17323,1,0.9998601675033569
CS17324,0,7.484622619813308e-05
CS17325,1,0.9998804330825806
CS17326,0,0.000656372809316963
CS17327,0,0.0007437028689309955
CS17328,1,0.0002824080584105104
CS17329,0,0.0060035958886146545
CS17330,0,0.0003406293399166316
CS17331,0,0.41549164056777954
CS17332,0,9.028038766700774e-05
CS17333,0,0.00019110433640889823
CS17334,0,0.00010889690020121634
CS17336,1,0.02843603305518627
CS17337,0,0.0005976693355478346
CS17338,0,0.001524786464869976
CS17339,0,0.00019110433640889823
CS17340,0,0.0023596605751663446
CS17341,0,0.03875619173049927
CS17343,0,0.0001398220774717629
CS17344,0,0.005220125894993544
CS17345,0,0.00013135180051904172
CS17346,0,6.605214002775028e-05
CS17347,0,7.722191367065534e-05
CS17348,1,0.9973269701004028
CS17349,1,0.8572908639907837
CS17350,0,0.00011235327110625803
CS17351,0,0.010328153148293495
CS17352,0,0.00010229986219201237
CS17353,0,0.0003459916333667934
CS17354,0,0.9989350438117981
CS17355,0,0.005384937860071659
CS17356,0,0.9695556163787842
CS17357,0,0.0018969199154525995
CS17358,0,8.481104305246845e-05
CS17359,0,0.0017546144081279635
CS17360,0,0.0010484692174941301
CS17361,1,0.012431650422513485
CS17362,0,0.0018969199154525995
CS17363,0,0.00014883847325108945
CS17364,0,0.00016865275392774493
CS17365,1,0.999464213848114
CS17366,0,0.0004878571489825845
CS17367,1,0.9944451451301575
CS17368,0,5.3075080359121785e-05
CS17369,0,0.00029595711384899914
CS17370,0,0.00015843621804378927
CS17371,1,0.002800926798954606
CS17372,0,6.814871449023485e-05
CS17373,0,6.402006692951545e-05
CS17374,1,0.9999008178710938
CS17375,1,0.9998028874397278
CS17376,0,5.475977013702504e-05
CS17377,0,0.00015356238873209804
CS17378,0,7.484622619813308e-05
CS17379,0,0.00018522574100643396
CS17380,0,0.0033244371879845858
CS17381,1,0.9967774748802185
CS17382,0,6.814871449023485e-05
CS17383,0,0.00015843621804378927
CS17384,0,5.144221358932555e-05
CS17385,0,0.00033535013790242374
CS17386,0,0.00016865275392774493
CS17387,0,0.00023050671734381467
CS17388,0,7.484622619813308e-05
CS17389,0,0.0029810331761837006
CS17390,0,0.0002611903182696551
CS17391,0,0.0001398220774717629
CS17392,0,9.314593626186252e-05
CS17393,0,6.014151585986838e-05
CS17394,1,0.9998910427093506
CS17395,0,0.00010229986219201237
CS17396,0,0.00039821307291276753
CS17397,1,0.9998804330825806
CS17398,0,0.00010554686014074832
CS17399,1,0.053009774535894394
CS17400,1,0.9339146018028259
CS17401,0,0.00019110433640889823
CS17402,0,0.0009850081987679005
CS17403,0,7.484622619813308e-05
CS17404,0,0.0002780309587251395
CS17405,1,0.9998365640640259
CS17406,0,0.00022693387290928513
CS17407,1,0.9998840093612671
CS17408,0,0.00012339458044152707
CS17409,0,8.750300185056403e-05
CS17410,0,0.00020342698553577065
CS17411,0,0.0004442183708306402
CS17412,0,5.6497930927434936e-05
CS17413,1,0.9998875856399536
CS17414,1,0.9986329674720764
CS17415,0,0.001524786464869976
CS17416,0,0.00037998449988663197
CS17417,1,0.9946980476379395
CS17418,0,0.0006667023408226669
CS17419,1,0.9891815781593323
CS17420,0,0.02228618785738945
CS17421,0,0.00013135180051904172
CS17422,0,0.8727816939353943
CS17423,0,0.0001398220774717629
CS17424,0,0.0015487611526623368
CS17425,0,0.0003859660937450826
CS17426,0,0.005554925184696913
CS17427,0,0.00010889690020121634
CS17428,0,0.00010554686014074832
CS17429,0,0.0007793660624884069
CS17430,0,0.00037409563083201647
CS17431,1,0.00031015597051009536
CS17432,0,0.0003250358859077096
CS17433,0,6.402006692951545e-05
CS17434,0,4.985958366887644e-05
CS17435,0,0.00019716944370884448
CS17436,0,0.0003199982747901231
CS17437,0,0.5988988280296326
CS17438,0,0.0032224843744188547
CS17439,0,0.0013670255430042744
CS17440,1,0.9998726844787598
CS17441,0,0.0019267345778644085
CS17442,1,0.00020342698553577065
CS17443,0,0.002800926798954606
CS17444,0,5.3075080359121785e-05
CS17445,1,0.9690910577774048
CS17446,0,7.484622619813308e-05
CS17447,0,0.00029595711384899914
CS17448,1,0.9989515542984009
CS17449,0,0.13161905109882355
CS17450,1,0.9999039173126221
CS17451,0,0.007937993854284286
CS17452,0,0.0014325365191325545
CS17453,0,0.00033535013790242374
CS17454,1,0.005060331895947456
CS17455,0,0.01484241709113121
CS17456,0,8.481104305246845e-05
CS17457,0,0.014728613197803497
CS17458,0,0.0004305570910219103
CS17459,0,0.00020027377468068153
CS17460,0,0.0005442132824100554
CS17461,0,0.0018102109897881746
CS17462,1,0.9992563128471375
CS17463,0,0.0006070755189284682
CS17464,1,0.9998944997787476
CS17465,0,6.605214002775028e-05
CS17466,0,0.0034834241960197687
CS17467,0,0.0006986756343394518
CS17468,0,7.031184213701636e-05
CS17469,1,0.502197265625
CS17470,0,0.0013670255430042744
CS17471,0,0.00023782206699252129
CS17472,1,0.9998089671134949
CS17473,0,0.0005442132824100554
CS17474,0,0.0026316740550100803
CS17475,0,0.9998365640640259
CS17476,0,0.8158201575279236
CS17477,0,0.003273064736276865
CS17478,0,0.00036259001353755593
CS17479,0,0.5202906727790833
CS17480,1,0.9996646642684937
CS17481,0,5.829126530443318e-05
CS17482,0,0.0001398220774717629
CS17483,0,9.028038766700774e-05
CS17484,0,9.610241977497935e-05
CS17485,1,0.8774768114089966
CS17486,0,0.005641908850520849
CS17487,1,0.9998804330825806
CS17488,1,0.9995487332344055
CS17489,1,0.03210070729255676
CS17490,1,0.9990149736404419
CS17491,1,0.9575962424278259
CS17492,0,0.00021654405281879008
CS17493,0,5.3075080359121785e-05
CS17494,0,0.005139610730111599
CS17495,0,0.0014325365191325545
CS17496,0,0.00015843621804378927
CS17497,0,0.00011959858238697052
CS17498,0,0.0060035958886146545
CS17499,1,0.9994207620620728
CS17500,0,0.0008295892039313912
CS17501,0,0.0009253848693333566
CS17502,0,0.09301680326461792
CS17503,0,0.0004442183708306402
CS17504,0,0.0002531563804950565
CS17505,0,8.220189192797989e-05
CS17506,0,0.0004305570910219103
CS17507,0,0.00030534894904121757
CS17508,0,0.008847354911267757
CS17509,0,0.4965820908546448
CS17510,0,0.00023050671734381467
CS17511,0,0.0003920417802873999
CS17512,0,0.00033535013790242374
CS17513,0,0.00012339458044152707
CS17514,0,0.00017400544311385602
CS17515,0,0.0002531563804950565
CS17516,0,0.00019110433640889823
CS17517,0,0.002889581024646759
CS17518,0,0.0004655269149225205
CS17519,0,0.9935117363929749
CS17520,0,0.0044683837331831455
CS17521,1,0.999841570854187
CS17522,0,8.750300185056403e-05
CS17523,0,0.00013135180051904172
CS17524,1,0.0004373344127088785
CS17525,0,0.00010889690020121634
CS17526,1,0.002182716503739357
CS17527,0,0.0016743993619456887
CS17528,0,0.00017400544311385602
CS17529,0,0.0011160143185406923
CS17530,0,8.220189192797989e-05
CS17531,1,0.999762237071991
CS17532,1,0.9839708209037781
CS17533,0,6.014151585986838e-05
CS17534,0,0.00015843621804378927
CS17535,0,0.005384937860071659
CS17536,0,0.9997933506965637
CS17537,0,0.0001795279822545126
CS17538,1,0.999841570854187
CS17539,0,0.004007288720458746
CS17540,0,9.314593626186252e-05
CS17541,0,0.002714985515922308
CS17542,1,0.9997175335884094
CS17543,1,0.9980732202529907
CS17544,0,0.02228618785738945
CS17545,1,0.01141961570829153
CS17546,0,0.018833130598068237
CS17547,0,0.49157795310020447
CS17548,0,0.0013458604225888848
CS17549,1,0.00247262348420918
CS17550,1,0.0010322310263291001
CS17551,0,0.4705541729927063
CS17552,0,0.0020190139766782522
CS17553,1,0.9999125003814697
CS17554,0,0.0005033356137573719
CS17555,0,0.00033535013790242374
CS17557,0,0.0002611903182696551
CS17558,1,0.9995044469833374
CS17559,0,7.722191367065534e-05
CS17560,1,0.9992903470993042
CS17561,1,0.9974884986877441
CS17562,1,0.9640516638755798
CS17563,0,4.2647468944778666e-05
CS17564,0,0.00029137005913071334
CS17565,1,0.003027835162356496
CS17566,0,0.0015978454612195492
CS17567,1,0.0008040859247557819
CS17568,0,0.0001795279822545126
CS17569,0,9.314593626186252e-05
CS17570,0,0.00013552079326473176
CS17571,1,0.0005357805639505386
CS17572,0,4.683888619183563e-05
CS17573,0,0.961533784866333
CS17574,1,0.9998726844787598
CS17575,0,0.0004108485300093889
CS17576,1,0.9990149736404419
CS17577,0,0.0002611903182696551
CS17578,0,7.722191367065534e-05
CS17579,0,4.985958366887644e-05
CS17580,0,0.0001795279822545126
CS17581,0,8.481104305246845e-05
CS17582,1,0.9829546809196472
CS17583,0,0.0010649625910446048
CS17584,0,6.402006692951545e-05
CS17585,0,0.0008040859247557819
CS17586,1,0.9935117363929749
CS17587,0,7.031184213701636e-05
CS17588,0,0.00011959858238697052
CS17589,0,0.0001398220774717629
CS17590,0,8.481104305246845e-05
CS17591,0,0.00010554686014074832
CS17592,0,0.14706452190876007
CS17593,1,0.9924227595329285
CS17594,0,0.00021654405281879008
CS17595,0,0.0003301527467556298
CS17596,0,0.00021654405281879008
CS17597,1,0.0007208380266092718
CS17598,0,6.605214002775028e-05
CS17599,1,0.9998028874397278
CS17600,0,0.6821503639221191
CS17601,1,0.9998977184295654
CS17602,0,0.00018522574100643396
CS17603,0,0.0001795279822545126
CS17604,1,0.3380770981311798
CS17605,0,9.314593626186252e-05
CS17606,0,0.002396730938926339
CS17607,1,0.0060035958886146545
CS17608,0,0.997285008430481
CS17609,0,0.0007321813027374446
CS17610,0,0.0004373344127088785
CS17611,0,0.00023413580493070185
CS17612,0,0.00031015597051009536
CS17613,0,0.0002234163403045386
CS17614,0,0.0005193048273213208
CS17615,0,0.00017400544311385602
CS17616,1,0.9998028874397278
CS17617,0,0.00019716944370884448
CS17618,0,0.00010889690020121634
CS17619,0,0.0002234163403045386
CS17620,1,0.9999203681945801
CS17621,1,0.9998464584350586
CS17622,1,0.9999203681945801
CS17623,0,0.9871788024902344
CS17624,1,0.9875683188438416
CS17625,0,9.915272676153108e-05
CS17626,0,6.014151585986838e-05
CS17627,0,0.0002098830882459879
CS17628,1,0.9998840093612671
CS17629,0,0.00015843621804378927
CS17630,1,0.9998313188552856
CS17631,1,0.660624086856842
CS17632,0,0.000816738058347255
CS17633,0,7.484622619813308e-05
CS17634,0,0.0002611903182696551
CS17635,1,0.030214587226510048
CS17636,1,0.9999251365661621
CS17637,0,0.9875683188438416
CS17638,0,9.028038766700774e-05
CS17639,1,0.9911527037620544
CS17640,0,0.00016346470511052758
CS17641,0,0.0005274784634821117
CS17642,0,0.00021654405281879008
CS17643,0,0.0010162439430132508
CS17644,0,0.00020342698553577065
CS17645,0,0.00014425987319555134
CS17646,1,0.9990600943565369
CS17647,1,0.9477691650390625
CS17648,0,0.0033244371879845858
CS17649,0,0.0004512106243055314
CS17651,0,0.0012255674228072166
CS17652,0,0.0004108485300093889
CS17653,0,9.610241977497935e-05
CS17654,0,0.00045831294846720994
CS17655,0,0.00016346470511052758
CS17656,1,0.5754090547561646
CS17657,0,0.00013135180051904172
CS17658,0,0.002511463360860944
CS17659,1,0.005220125894993544
CS17660,0,0.0002780309587251395
CS17661,0,0.00015843621804378927
CS17662,0,9.028038766700774e-05
CS17663,1,0.010986942797899246
CS17664,0,0.0002131875662598759
CS17665,0,0.0008426423300988972
CS17666,1,0.9998089671134949
CS17667,0,7.722191367065534e-05
CS17668,0,0.00022693387290928513
CS17669,0,0.00010229986219201237
CS17670,1,0.0007554056355729699
CS17671,1,0.999779999256134
CS17672,0,0.00024156630388461053
CS17673,0,0.001573112327605486
CS17674,0,0.00030061634606681764
CS17675,1,0.9998148083686829
CS17676,0,0.00018522574100643396
CS17677,0,0.0005703156348317862
CS17678,1,0.9998644590377808
CS17679,0,0.0002492325147613883
CS17680,0,0.0001398220774717629
CS17681,0,8.481104305246845e-05
CS17682,0,0.0031726828310638666
CS17683,0,0.0005112579092383385
CS17684,1,0.018546564504504204
CS17685,0,0.966156005859375
CS17686,0,0.00016603847325313836
CS17687,0,0.0008040859247557819
CS17688,0,0.8665847778320312
CS17689,0,7.254361116793007e-05
CS17690,0,8.481104305246845e-05
CS17691,0,0.005554925184696913
CS17692,0,0.00026530236937105656
CS17693,0,0.0007793660624884069
CS17694,0,0.02178117074072361
CS17695,0,4.985958366887644e-05
CS17696,0,0.0009850081987679005
CS17697,0,0.00019110433640889823
CS17698,0,0.0003301527467556298
CS17699,0,9.915272676153108e-05
CS17700,0,0.00037998449988663197
CS17701,0,0.0004373344127088785
CS17702,0,9.915272676153108e-05
CS17703,1,0.9998511075973511
CS17704,1,0.99935382604599
CS17705,1,0.008711383678019047
CS17706,0,8.750300185056403e-05
CS17707,0,0.005819960031658411
CS17708,0,0.00018522574100643396
CS17709,0,0.00010889690020121634
CS17710,1,0.0045384312979876995
CS17711,0,0.0002531563804950565
CS17712,0,7.031184213701636e-05
CS17713,0,0.00036829791497439146
CS17714,1,0.999868631362915
CS17715,1,0.9997933506965637
CS17716,0,0.0004878571489825845
CS17717,0,0.00016346470511052758
CS17718,0,0.0014779430348426104
CS17719,0,0.998498797416687
CS17720,0,0.0003459916333667934
CS17721,0,0.00014883847325108945
CS17722,0,0.00013552079326473176
CS17723,0,7.484622619813308e-05
CS17724,0,0.0005274784634821117
CS17725,0,0.00013552079326473176
CS17726,1,0.9998804330825806
CS17727,0,6.605214002775028e-05
CS17729,0,0.00011235327110625803
CS17730,0,0.00031503866193816066
CS17731,0,0.00016603847325313836
CS17732,0,0.00016865275392774493
CS17733,0,6.605214002775028e-05
CS17734,0,0.0005357805639505386
CS17735,0,0.00021654405281879008
CS17736,0,0.001081715221516788
CS17737,0,0.9919379353523254
CS17738,0,9.610241977497935e-05
CS17739,1,0.9997933506965637
CS17740,0,0.000552778597921133
CS17741,1,0.9994966983795166
CS17742,1,0.9976032376289368
CS17743,0,6.814871449023485e-05
CS17744,0,0.00013552079326473176
CS17745,0,0.00014425987319555134
CS17746,0,0.01484241709113121
CS17747,0,0.00985985528677702
CS17748,0,0.0007437028689309955
CS17749,0,0.0011695101857185364
CS17750,0,0.008577484637498856
CS17751,1,0.858244001865387
CS17752,0,0.0009547316585667431
CS17753,1,0.9961755275726318
CS17754,0,0.00019110433640889823
CS17755,0,0.0010649625910446048
CS17756,0,0.0008693674462847412
CS17757,0,9.610241977497935e-05
CS17758,0,0.001524786464869976
CS17759,0,0.00025714197545312345
CS17760,1,0.9653811454772949
CS17761,0,0.00030061634606681764
CS17762,0,0.0013885231455788016
CS17763,0,0.00016865275392774493
CS17764,1,0.9995761513710022
CS17765,0,0.0001795279822545126
CS17766,0,0.7956580519676208
CS17767,0,0.043042849749326706
CS17768,0,0.034358687698841095
CS17769,0,0.00019411317771300673
CS17770,0,0.043691061437129974
CS17771,0,0.00014425987319555134
CS17772,0,0.0002824080584105104
CS17773,0,0.00023050671734381467
CS17774,0,0.0002098830882459879
CS17775,0,0.0025909794494509697
CS17776,0,0.009268013760447502
CS17777,0,0.00030061634606681764
CS17778,0,0.00016865275392774493
CS17779,0,0.00014883847325108945
CS17780,0,0.0005033356137573719
CS17781,0,7.967301644384861e-05
CS17782,0,0.00016865275392774493
CS17783,0,0.0006986756343394518
CS17784,0,0.00016346470511052758
CS17785,0,0.0002492325147613883
CS17786,0,0.8679338097572327
CS17787,0,9.314593626186252e-05
CS17788,0,0.0007437028689309955
CS17789,0,0.006903837900608778
CS17790,1,0.028870906680822372
CS17791,0,0.0005884087877348065
CS17792,0,0.0004955359036102891
CS17793,0,9.610241977497935e-05
CS17794,0,0.0013885231455788016
CS17795,0,0.0002824080584105104
CS17796,0,0.0003459916333667934
CS17797,0,0.0002234163403045386
CS17798,0,8.220189192797989e-05
CS17799,1,0.9999203681945801
CS17800,0,0.00018522574100643396
CS17801,0,0.001622966956347227
CS17802,1,0.9996800422668457
CS17803,0,0.00015843621804378927
CS17804,1,0.9995197057723999
CS17805,0,0.001151399570517242
CS17806,0,0.0005442132824100554
CS17807,0,9.915272676153108e-05
CS17808,0,0.0014103584690019488
CS17809,0,0.00031503866193816066
CS17810,0,7.967301644384861e-05
CS17811,1,0.9998644590377808
CS17812,0,0.0002694791473913938
CS17813,0,0.00010229986219201237
CS17814,0,0.00013765462790615857
CS17815,0,0.0005792917218059301
CS17816,0,0.00029595711384899914
CS17817,0,0.0003301527467556298
CS17818,0,0.0008040859247557819
CS17819,0,0.9437636137008667
CS17820,0,0.00012339458044152707
CS17821,1,0.9963500499725342
CS17822,0,0.00018522574100643396
CS17823,0,0.005060331895947456
CS17824,1,0.999555766582489
CS17825,0,0.0003199982747901231
CS17826,1,0.9216402173042297
CS17827,0,0.00023050671734381467
CS17828,0,0.00033535013790242374
CS17829,0,0.00030534894904121757
CS17830,0,0.00029137005913071334
CS17831,0,6.205048703122884e-05
CS17832,0,0.00029595711384899914
CS17833,1,0.7701191902160645
CS17834,1,0.4261125922203064
CS17835,0,0.00023050671734381467
CS17836,1,0.9998804330825806
CS17837,1,0.9997997879981995
CS17838,1,0.9996898174285889
CS17839,0,0.00010889690020121634
CS17840,0,0.00011591933434829116
CS17841,0,0.0006878511630930007
CS17842,0,0.00016865275392774493
CS17843,0,0.00015843621804378927
CS17844,1,0.9996800422668457
CS17845,1,0.9940890073776245
CS17846,0,0.0011160143185406923
CS17847,1,0.31257981061935425
CS17848,0,9.915272676153108e-05
CS17849,0,0.0004173157794866711
CS17850,0,9.314593626186252e-05
CS17851,0,0.0002234163403045386
CS17852,0,0.0008295892039313912
CS17853,0,0.00017400544311385602
CS17854,0,6.205048703122884e-05
CS17855,0,9.610241977497935e-05
CS17856,1,0.9998511075973511
CS17857,1,0.9986114501953125
CS17858,0,0.00018522574100643396
CS17859,0,0.0006771942134946585
CS17860,1,0.9959298968315125
CS17861,0,0.00012731103925034404
CS17862,1,0.0022518474142998457
CS17863,0,0.00026530236937105656
CS17864,0,0.00020342698553577065
CS17865,0,0.00023050671734381467
CS17866,0,0.0004878571489825845
CS17867,0,0.00031015597051009536
CS17868,0,0.0001795279822545126
CS17869,0,0.0018386653391644359
CS17870,0,0.001782196224667132
CS17871,0,0.00011235327110625803
CS17872,0,0.06187598779797554
CS17873,0,0.9898303151130676
CS17874,0,0.00014425987319555134
CS17875,0,0.00019110433640889823
CS17877,0,0.00012339458044152707
CS17878,0,0.00172745855525136
CS17879,0,7.254361116793007e-05
CS17880,1,0.0009547316585667431
CS17881,0,0.0005614787223748863
CS17882,0,0.00031503866193816066
CS17883,0,0.0018386653391644359
CS17884,0,7.254361116793007e-05
CS17885,1,0.14033624529838562
CS17886,0,0.0009399439441040158
CS17887,0,0.00019411317771300673
CS17888,0,0.9111796617507935
CS17889,0,0.00021654405281879008
CS17890,0,7.254361116793007e-05
CS17891,0,5.3075080359121785e-05
CS17892,0,5.144221358932555e-05
CS17893,0,0.00014425987319555134
CS17894,0,0.00019110433640889823
CS17895,0,0.00029595711384899914
CS17896,1,0.9999251365661621
CS17897,0,0.00016865275392774493
CS17898,0,0.0005274784634821117
CS17899,0,0.00037409563083201647
CS17900,0,9.915272676153108e-05
CS17901,0,0.0002531563804950565
CS17902,0,0.00013135180051904172
CS17903,0,0.00255091255530715
CS17904,1,0.9998089671134949
CS17905,0,0.00025714197545312345
CS17906,0,0.00023050671734381467
CS17907,1,0.005730246659368277
CS17908,0,0.0005442132824100554
CS17909,0,0.13072867691516876
CS17910,0,0.00025714197545312345
CS17911,0,0.0002098830882459879
CS17912,0,0.0002694791473913938
CS17913,0,0.00023050671734381467
CS17914,0,0.00016346470511052758
CS17915,0,0.00013135180051904172
CS17916,0,9.610241977497935e-05
CS17917,0,0.0016743993619456887
CS17918,0,0.0005792917218059301
CS17919,0,0.0003859660937450826
CS17920,0,0.00024536947603337467
CS17921,0,0.004331502132117748
CS17922,0,0.00017400544311385602
CS17923,0,0.00019716944370884448
CS17924,0,0.0002694791473913938
CS17925,0,0.0001398220774717629
CS17926,0,0.0004173157794866711
CS17927,0,0.00019716944370884448
CS17928,0,0.00016346470511052758
CS17929,0,0.006589771248400211
CS17930,0,0.00016865275392774493
CS17931,0,0.01001356914639473
CS17932,1,0.9997933506965637
CS17933,0,0.0009253848693333566
CS17934,1,0.9996947050094604
CS17935,0,0.9609517455101013
CS17936,0,0.00015843621804378927
CS17937,0,0.0001398220774717629
CS17938,1,0.9983515739440918
CS17939,0,0.0012843082658946514
CS17940,0,5.475977013702504e-05
CS17941,1,0.9989995360374451
CS17942,0,0.00020662981842178851
CS17943,0,0.01678548939526081
CS17944,1,0.9998766183853149
CS17945,1,0.9998875856399536
CS17946,0,0.00016865275392774493
CS17947,0,0.0005792917218059301
CS17948,0,0.001151399570517242
CS17949,0,0.00018522574100643396
CS17950,0,0.026155618950724602
CS17951,0,0.0003459916333667934
CS17952,0,0.0004955359036102891
CS17953,0,0.0003301527467556298
CS17954,0,0.0005112579092383385
CS17955,0,0.02595735527575016
CS17956,0,0.003649987280368805
CS17957,0,0.00014425987319555134
CS17958,1,0.9983515739440918
CS17959,1,0.9995121955871582
CS17960,0,0.002800926798954606
CS17961,0,7.031184213701636e-05
CS17962,0,0.0034834241960197687
CS17963,1,0.9971550703048706
CS17964,1,0.0015011822106316686
CS17965,0,0.007011794950813055
CS17966,0,4.2647468944778666e-05
CS17967,1,0.003945406526327133
CS17968,0,0.00017400544311385602
CS17969,1,0.9981030225753784
CS17970,0,0.00018522574100643396
CS17971,0,0.00014425987319555134
CS17972,0,0.00019716944370884448
CS17973,0,0.00047285447362810373
CS17974,0,0.0002694791473913938
CS17975,1,0.00023782206699252129
CS17976,0,6.605214002775028e-05
CS17977,1,0.0022518474142998457
CS17978,0,0.0007916296599432826
CS17979,0,0.00019716944370884448
CS17980,1,0.9998644590377808
CS17981,0,0.00035697061684913933
CS17982,0,0.0002868540759664029
CS17983,0,0.00014425987319555134
CS17984,1,0.9998644590377808
CS17985,1,0.9998557567596436
CS17986,1,0.9997965693473816
CS17987,0,0.0001795279822545126
CS17988,0,0.005469274241477251
CS17989,0,0.00021654405281879008
CS17990,0,0.00011235327110625803
CS17991,0,0.011869121342897415
CS17992,0,0.00019716944370884448
CS17993,1,0.9987356066703796
CS17994,0,0.0002234163403045386
CS17995,0,9.610241977497935e-05
CS17996,0,0.023689471185207367
CS17997,0,0.00020342698553577065
CS17998,0,0.00482972152531147
CS17999,1,0.9998644590377808
CS18000,0,0.00016865275392774493
CS18001,0,0.00014425987319555134
CS18002,0,6.814871449023485e-05
CS18003,0,0.0004955359036102891
CS18004,0,0.00019110433640889823
CS18005,0,9.610241977497935e-05
CS18006,1,0.9998804330825806
CS18007,1,0.9999068975448608
CS18008,1,0.9999417066574097
CS18009,0,0.00014425987319555134
CS18010,0,0.0004512106243055314
CS18011,0,0.00021995336282998323
CS18012,1,0.999322772026062
CS18013,0,0.9859364032745361
CS18014,0,0.00036259001353755593
CS18015,0,6.402006692951545e-05
CS18016,0,0.000552778597921133
CS18017,0,0.0008426423300988972
CS18018,1,0.0038244836032390594
CS18019,0,0.00015843621804378927
CS18020,0,0.00013552079326473176
CS18021,0,0.22000709176063538
CS18022,0,0.0003514382697176188
CS18023,0,0.00016865275392774493
CS18024,0,0.004007288720458746
CS18025,0,7.967301644384861e-05
CS18026,0,0.0003920417802873999
CS18027,0,0.0011879054363816977
CS18028,0,0.0002234163403045386
CS18029,0,0.0002824080584105104
CS18030,1,0.011158030480146408
CS18031,0,0.024798160418868065
CS18032,0,0.0004108485300093889
CS18033,1,0.9998644590377808
CS18034,0,0.9621075391769409
CS18035,0,0.0007916296599432826
CS18036,0,5.144221358932555e-05
CS18037,0,0.00023782206699252129
CS18038,1,0.9998339414596558
CS18039,1,0.0006771942134946585
CS18040,0,0.00017400544311385602
CS18041,1,0.003376612439751625
CS18042,0,0.0012255674228072166
CS18043,0,0.00014425987319555134
CS18044,1,0.9999125003814697
CS18045,0,0.0026730059180408716
CS18046,0,0.00024536947603337467
CS18047,0,0.00039821307291276753
CS18048,0,6.205048703122884e-05
CS18049,0,4.985958366887644e-05
CS18050,0,0.0018969199154525995
CS18051,0,0.00016093082376755774
CS18052,0,0.00012339458044152707
CS18053,0,0.0005357805639505386
CS18054,0,0.00024536947603337467
CS18055,0,0.9994296431541443
CS18056,0,0.00018522574100643396
CS18057,1,0.999713122844696
CS18058,0,8.750300185056403e-05
CS18059,1,0.9998840093612671
CS18060,0,8.220189192797989e-05
CS18061,0,0.16344545781612396
CS18062,0,0.00019411317771300673
CS18063,0,0.00023782206699252129
CS18064,0,0.0012843082658946514
CS18065,0,0.00012731103925034404
CS18066,0,0.0015487611526623368
CS18067,0,6.205048703122884e-05
CS18068,0,6.814871449023485e-05
CS18069,0,0.00011591933434829116
CS18070,0,0.00036829791497439146
CS18071,1,0.9998766183853149
CS18072,0,0.00023413580493070185
CS18073,0,0.0009850081987679005
CS18074,1,0.00037998449988663197
CS18075,0,0.0002694791473913938
CS18076,0,0.9995197057723999
CS18077,0,0.0002234163403045386
CS18078,0,0.00011235327110625803
CS18079,0,0.00021995336282998323
CS18080,0,0.06418264657258987
CS18081,0,0.1629120260477066
CS18082,0,0.0001398220774717629
CS18083,1,0.9998726844787598
CS18084,1,0.9953181147575378
CS18085,0,0.00021654405281879008
CS18086,1,0.4451676905155182
CS18087,0,0.001304506789892912
CS18088,0,0.00016346470511052758
CS18089,0,0.0035936026833951473
CS18090,0,0.00019716944370884448
CS18091,1,0.9980732202529907
CS18092,1,0.9979810118675232
CS18093,0,0.0012255674228072166
CS18094,1,0.006903837900608778
CS18095,0,0.00023050671734381467
CS18096,0,0.0013458604225888848
CS18097,1,0.9957352876663208
CS18098,0,0.0007321813027374446
CS18099,0,0.00015843621804378927
CS18100,1,0.11357958614826202
CS18101,0,9.314593626186252e-05
CS18102,1,0.9998840093612671
CS18103,0,0.68804931640625
CS18104,0,0.0002531563804950565
CS18106,0,0.00017400544311385602
CS18107,0,0.00012731103925034404
CS18108,0,6.014151585986838e-05
CS18109,0,0.0007793660624884069
CS18110,0,0.0001795279822545126
CS18111,1,0.006797531619668007
CS18112,0,0.00011591933434829116
CS18113,0,0.0003199982747901231
CS18114,0,0.000552778597921133
CS18115,0,0.0008830458391457796
CS18116,0,0.0001795279822545126
CS18117,0,0.0004878571489825845
CS18118,0,0.00039821307291276753
CS18119,0,0.0005033356137573719
CS18120,0,5.829126530443318e-05
CS18121,0,0.0011160143185406923
CS18122,0,0.00037998449988663197
CS18123,0,0.0012644219677895308
CS18124,1,0.9998977184295654
CS18125,0,0.00020342698553577065
CS18126,0,0.00010229986219201237
CS18127,1,0.9985449314117432
CS18128,0,7.484622619813308e-05
CS18129,0,0.2549724876880646
CS18130,0,0.00012339458044152707
CS18131,0,0.0014550628839060664
CS18132,0,0.0001398220774717629
CS18133,0,0.0002780309587251395
CS18134,0,0.00010889690020121634
CS18135,0,0.00023050671734381467
CS18136,0,7.967301644384861e-05
CS18137,1,0.9923043847084045
CS18138,0,0.00015843621804378927
CS18139,0,0.0016484829830005765
CS18140,0,0.0008426423300988972
CS18141,0,0.0005357805639505386
CS18142,0,0.0005703156348317862
CS18143,0,0.0001334200205747038
CS18144,1,0.9997965693473816
CS18145,0,6.014151585986838e-05
CS18146,0,0.00014425987319555134
CS18147,1,0.9965165853500366
CS18148,0,0.00024536947603337467
CS18149,0,0.00040448151412419975
CS18150,0,0.00021654405281879008
CS18151,0,0.0002098830882459879
CS18152,1,0.914290726184845
CS18153,1,0.0004173157794866711
CS18154,0,0.0002780309587251395
CS18155,0,0.0006361912819556892
CS18156,0,0.001782196224667132
CS18157,0,0.0008559006382711232
CS18158,0,0.0001713081874186173
CS18159,1,0.9994557499885559
CS18160,0,7.484622619813308e-05
CS18161,1,0.0007916296599432826
CS18162,1,0.9997901320457458
CS18163,0,0.0005792917218059301
CS18164,1,0.0037654137704521418
CS18165,0,0.0002234163403045386
CS18166,0,0.0001795279822545126
CS18167,0,0.0004802972252946347
CS18168,0,0.0004512106243055314
CS18169,0,0.00016865275392774493
CS18170,1,0.0011160143185406923
CS18171,0,0.00017400544311385602
CS18172,1,0.9999251365661621
CS18173,1,0.9999274015426636
CS18174,0,0.00010554686014074832
CS18175,0,0.00029595711384899914
CS18176,0,6.014151585986838e-05
CS18177,0,9.915272676153108e-05
CS18178,0,0.00012731103925034404
CS18179,1,0.0005614787223748863
CS18180,0,8.481104305246845e-05
CS18181,0,0.00015843621804378927
CS18182,1,0.9890975952148438
CS18183,0,0.00017400544311385602
CS18184,1,0.663832426071167
CS18185,1,0.002714985515922308
CS18186,0,0.0014550628839060664
CS18187,0,0.00011591933434829116
CS18188,0,0.00013135180051904172
CS18189,0,0.00172745855525136
CS18190,0,0.00029595711384899914
CS18191,1,0.966663122177124
CS18192,0,6.814871449023485e-05
CS18193,0,5.475977013702504e-05
CS18194,0,0.00012731103925034404
CS18195,1,0.9983769655227661
CS18196,1,0.740174412727356
CS18197,0,6.014151585986838e-05
CS18198,0,0.0004305570910219103
CS18199,0,0.00016346470511052758
CS18200,1,0.998245358467102
CS18201,0,0.00022693387290928513
CS18202,1,0.9993833303451538
CS18203,1,0.9956005811691284
CS18204,0,0.3731902837753296
CS18205,1,0.00017400544311385602
CS18206,1,0.8966140151023865
CS18207,1,0.0018386653391644359
CS18208,0,0.0003459916333667934
CS18209,1,0.9964619278907776
CS18210,1,0.982557475566864
CS18211,1,0.9998601675033569
CS18212,0,0.1766715943813324
CS18213,1,0.997368335723877
CS18214,0,0.11124120652675629
CS18215,0,0.00012339458044152707
CS18216,0,0.0002098830882459879
CS18217,0,0.0002694791473913938
CS18218,0,0.0001398220774717629
CS18219,0,0.00013552079326473176
CS18220,0,0.00016865275392774493
CS18221,0,0.00011959858238697052
CS18222,0,0.0003250358859077096
CS18223,1,0.9998910427093506
CS18224,0,0.00017400544311385602
CS18225,1,0.9993638396263123
CS18226,0,7.967301644384861e-05
CS18227,0,0.0012448432389646769
CS18228,0,0.999438464641571
CS18229,0,0.005060331895947456
CS18230,0,0.0004512106243055314
CS18231,0,0.00016865275392774493
CS18232,0,0.00011235327110625803
CS18233,0,0.001622966956347227
CS18234,0,0.00010554686014074832
CS18235,0,9.314593626186252e-05
CS18236,1,0.9988120794296265
CS18237,0,8.750300185056403e-05
CS18238,0,0.0011160143185406923
CS18239,0,0.00029595711384899914
CS18240,0,0.021287353709340096
CS18241,0,0.00031503866193816066
CS18242,0,0.00024156630388461053
CS18243,0,0.000656372809316963
CS18244,0,0.07263670861721039
CS18245,0,7.967301644384861e-05
CS18246,0,0.01615283451974392
CS18247,0,0.0002098830882459879
CS18248,0,8.750300185056403e-05
CS18249,0,0.0037654137704521418
CS18250,1,0.998848557472229
CS18251,0,0.00020342698553577065
CS18252,1,0.9987356066703796
CS18253,0,0.0003920417802873999
CS18254,0,7.967301644384861e-05
CS18255,1,0.9991030693054199
CS18256,1,0.9965165853500366
CS18257,0,0.0009850081987679005
CS18258,0,9.028038766700774e-05
CS18259,0,9.028038766700774e-05
CS18260,0,0.00015843621804378927
CS18261,0,0.011869121342897415
CS18262,1,0.9991958737373352
CS18263,1,0.9999203681945801
CS18264,0,0.0009697519708424807
CS18265,0,0.0004955359036102891
CS18266,0,0.0005884087877348065
CS18267,0,0.00016865275392774493
CS18268,0,0.00016603847325313836
CS18269,0,0.00010229986219201237
CS18270,0,0.002889581024646759
CS18271,1,0.001987774157896638
CS18272,0,0.0002098830882459879
CS18273,1,0.9998804330825806
CS18274,1,0.9996199607849121
CS18275,0,0.00036829791497439146
CS18276,0,0.9991169571876526
CS18277,0,0.002511463360860944
CS18279,0,0.05582313984632492
CS18280,0,0.00019110433640889823
CS18281,0,4.985958366887644e-05
CS18282,1,0.9984021782875061
CS18283,1,0.0001398220774717629
CS18284,0,0.006289901677519083
CS18285,0,0.001098731067031622
CS18286,1,0.0019267345778644085
CS18287,0,0.00031503866193816066
CS18288,0,0.0003920417802873999
CS18289,1,0.9005298018455505
CS18290,0,0.0003406293399166316
CS18291,0,0.00011591933434829116
CS18292,1,0.0005884087877348065
CS18293,0,7.031184213701636e-05
CS18294,0,0.0037654137704521418
CS18295,0,0.0004442183708306402
CS18296,0,0.9782188534736633
CS18297,0,5.144221358932555e-05
CS18298,1,9.915272676153108e-05
CS18299,0,0.00017400544311385602
CS18300,0,0.00014883847325108945
CS18301,0,6.814871449023485e-05
CS18302,0,0.002889581024646759
CS18303,0,0.00047285447362810373
CS18304,0,8.481104305246845e-05
CS18305,0,7.967301644384861e-05
CS18306,0,0.00036259001353755593
CS18307,0,0.0002098830882459879
CS18308,1,0.9997040629386902
CS18309,0,0.00012731103925034404
CS18310,0,0.00024536947603337467
CS18311,0,0.00012339458044152707
CS18312,0,0.0001795279822545126
CS18313,0,0.00912563782185316
CS18314,0,0.9697853922843933
CS18315,0,0.00024536947603337467
CS18316,0,0.00010229986219201237
CS18317,0,8.481104305246845e-05
CS18318,0,0.9872773289680481
CS18319,0,0.5554351806640625
CS18320,0,8.481104305246845e-05
CS18321,1,0.9995044469833374
CS18322,1,0.9999097585678101
CS18323,0,0.00042388474685139954
CS18324,0,0.0002531563804950565
CS18325,0,0.0009547316585667431
CS18326,0,0.0014325365191325545
CS18327,1,0.9996800422668457
CS18328,0,0.00012339458044152707
CS18329,0,0.0002098830882459879
CS18330,0,0.00021654405281879008
CS18331,0,0.00015843621804378927
CS18332,0,0.0001795279822545126
CS18333,0,0.0001398220774717629
CS18334,0,0.00013552079326473176
CS18335,1,0.9998260140419006
CS18336,0,0.00016346470511052758
CS18337,0,0.00012339458044152707
CS18338,0,0.00015356238873209804
CS18339,0,0.005554925184696913
CS18340,0,0.0026316740550100803
CS18341,1,0.9954615235328674
CS18342,1,0.007232763804495335
CS18343,0,0.00029137005913071334
CS18344,0,0.001304506789892912
CS18345,0,0.005469274241477251
CS18346,0,0.0004878571489825845
CS18347,0,0.00019110433640889823
CS18348,0,7.967301644384861e-05
CS18349,0,8.220189192797989e-05
CS18350,0,0.0005442132824100554
CS18351,0,0.0007096704212017357
CS18352,0,7.484622619813308e-05
CS18353,1,0.004905405919998884
CS18354,0,0.00037409563083201647
CS18355,1,0.9998118281364441
CS18356,0,0.00011959858238697052
CS18357,1,0.9999125003814697
CS18358,0,0.0018675660248845816
CS18359,0,0.0009399439441040158
CS18360,0,0.00017400544311385602
CS18361,1,0.0005976693355478346
CS18362,0,0.00021654405281879008
CS18363,0,0.010169656947255135
CS18364,0,0.00015356238873209804
CS18365,0,0.001151399570517242
CS18366,0,0.0009253848693333566
CS18367,0,0.00024536947603337467
CS18368,1,0.9998365640640259
CS18369,0,0.00015356238873209804
CS18370,1,0.9997658133506775
CS18371,0,0.0014325365191325545
CS18372,0,0.0012065897462889552
CS18373,0,0.0005033356137573719
CS18374,0,0.0001398220774717629
CS18375,0,0.00019110433640889823
CS18376,1,0.007937993854284286
CS18377,0,0.018264278769493103
CS18378,1,0.9996947050094604
CS18379,0,7.967301644384861e-05
CS18380,0,0.005554925184696913
CS18381,0,0.0005112579092383385
CS18382,0,0.0003301527467556298
CS18383,1,0.00023050671734381467
CS18384,0,0.00019716944370884448
CS18385,0,0.00022693387290928513
CS18386,0,0.00024536947603337467
CS18387,1,0.9951702952384949
CS18388,1,0.09203287214040756
CS18389,0,0.0045384312979876995
CS18390,0,0.00013135180051904172
CS18391,0,9.915272676153108e-05
CS18392,0,8.481104305246845e-05
CS18393,0,0.00035697061684913933
CS18394,0,4.832564081880264e-05
CS18395,1,0.9996140599250793
CS18396,1,0.9968273043632507
CS18397,0,0.00023050671734381467
CS18398,1,0.9998910427093506
CS18399,0,0.00010229986219201237
CS18400,1,0.026355354115366936
CS18401,0,0.00019110433640889823
CS18402,1,0.00172745855525136
CS18403,0,9.028038766700774e-05
CS18404,0,0.00023050671734381467
CS18405,0,0.07978201657533646
CS18406,1,0.9997867941856384
CS18407,0,0.0003459916333667934
CS18408,0,0.0005112579092383385
CS18410,0,0.001151399570517242
CS18411,0,6.014151585986838e-05
CS18412,0,0.00030534894904121757
CS18413,0,0.0004108485300093889
CS18415,0,0.004198795184493065
CS18416,0,0.017176708206534386
CS18417,0,0.0020190139766782522
CS18418,1,0.9998205304145813
CS18419,0,0.00012339458044152707
CS18421,0,6.402006692951545e-05
CS18422,0,0.0005976693355478346
CS18423,0,0.0006462032906711102
CS18424,1,0.9993013143539429
CS18425,0,6.402006692951545e-05
CS18426,0,9.610241977497935e-05
CS18427,0,8.750300185056403e-05
CS18428,0,4.539786823443137e-05
CS18429,0,0.0014325365191325545
CS18430,0,7.722191367065534e-05
CS18431,0,8.750300185056403e-05
CS18432,0,0.0008295892039313912
CS18433,1,0.9998644590377808
CS18434,0,0.00018522574100643396
CS18435,1,0.9984512329101562
CS18436,1,0.9991573095321655
CS18437,0,0.00016346470511052758
CS18438,1,0.15203224122524261
CS18439,0,0.00018522574100643396
CS18440,1,0.9289263486862183
CS18442,0,0.00040448151412419975
CS18443,0,0.00015356238873209804
CS18444,0,0.0005703156348317862
CS18445,1,0.9999068975448608
CS18446,0,0.0003301527467556298
CS18447,1,0.005730246659368277
CS18448,0,0.00042388474685139954
CS18449,0,0.0006462032906711102
CS18450,0,0.00024156630388461053
CS18451,0,0.0003406293399166316
CS18452,0,4.832564081880264e-05
CS18453,0,0.00045831294846720994
CS18454,0,0.0006166296661831439
CS18455,0,0.00021654405281879008
CS18456,0,0.006797531619668007
CS18457,0,0.0006263342220336199
CS18459,1,0.9997933506965637
CS18460,0,7.722191367065534e-05
CS18461,0,0.0002234163403045386
CS18462,0,0.00020342698553577065
CS18463,0,0.00030534894904121757
CS18464,0,0.0443485826253891
CS18465,0,0.5380124449729919
CS18466,1,0.9987744688987732
CS18467,0,0.0005703156348317862
CS18468,0,0.00015843621804378927
CS18469,0,0.00014883847325108945
CS18470,0,0.0002531563804950565
CS18471,0,5.829126530443318e-05
CS18472,1,0.9999068975448608
CS18473,1,0.0004512106243055314
CS18474,0,0.00019716944370884448
CS18475,0,0.00017400544311385602
CS18476,1,0.9996199607849121
CS18477,0,0.00018522574100643396
CS18478,0,0.00014425987319555134
CS18479,0,0.11676400899887085
CS18480,0,0.0001398220774717629
CS18481,0,0.00015356238873209804
CS18482,0,0.0007554056355729699
CS18483,0,0.00023050671734381467
CS18484,0,0.00021654405281879008
CS18485,0,0.00014883847325108945
CS18486,0,0.00013552079326473176
CS18487,0,0.00012339458044152707
CS18488,0,0.004331502132117748
CS18489,0,6.205048703122884e-05
CS18490,0,0.001098731067031622
CS18491,0,0.0007096704212017357
CS18492,0,0.0443485826253891
CS18493,0,0.00040448151412419975
CS18494,0,8.481104305246845e-05
CS18495,0,0.0009110512328334153
CS18496,1,0.999868631362915
CS18497,1,0.9998365640640259
CS18498,0,0.00023782206699252129
CS18499,0,0.00011235327110625803
CS18500,0,0.0007793660624884069
CS18501,1,0.9998118281364441
CS18502,0,0.00026530236937105656
CS18503,1,0.9984269142150879
CS18504,0,0.00024536947603337467
CS18505,0,0.001573112327605486
CS18506,0,0.9930961728096008
CS18507,0,0.00016346470511052758
CS18508,1,0.9992445707321167
CS18509,0,0.00015843621804378927
CS18510,0,0.0013458604225888848
CS18511,1,0.9996199607849121
CS18512,0,0.15765489637851715
CS18513,1,0.9998205304145813
CS18514,0,0.004198795184493065
CS18515,0,5.475977013702504e-05
CS18516,0,0.024609927088022232
CS18517,0,0.733738124370575
CS18518,0,0.06954174488782883
CS18519,0,6.205048703122884e-05
CS18520,0,6.605214002775028e-05
CS18521,0,0.0009697519708424807
CS18522,0,0.00010554686014074832
CS18523,0,0.00015843621804378927
CS18524,0,6.814871449023485e-05
CS18525,0,0.0004373344127088785
CS18526,0,0.00024536947603337467
CS18527,0,8.481104305246845e-05
CS18528,0,0.0001795279822545126
CS18529,0,9.028038766700774e-05
CS18530,0,0.00029595711384899914
CS18531,0,0.021287353709340096
CS18532,0,8.750300185056403e-05
CS18533,0,8.220189192797989e-05
CS18534,1,0.0018969199154525995
CS18535,0,0.00017400544311385602
CS18536,0,0.00015843621804378927
CS18537,0,0.0002694791473913938
CS18538,0,0.00015843621804378927
CS18539,0,0.00017400544311385602
CS18540,1,0.9817357659339905
CS18541,1,0.9997901320457458
CS18542,1,0.0011695101857185364
CS18543,0,0.00012731103925034404
CS18544,0,0.0002131875662598759
CS18545,0,0.00012731103925034404
CS18546,1,0.9999251365661621
CS18547,0,5.829126530443318e-05
CS18548,0,5.6497930927434936e-05
CS18549,0,0.00015356238873209804
CS18550,0,0.00031015597051009536
CS18551,1,0.9999068975448608
CS18552,0,0.005469274241477251
CS18553,0,0.00027372167096473277
CS18554,0,0.0026316740550100803
CS18555,0,0.00031503866193816066
CS18556,0,0.00010229986219201237
CS18557,0,0.00010889690020121634
CS18558,0,0.00016865275392774493
CS18559,0,7.967301644384861e-05
CS18560,1,0.0012255674228072166
CS18561,0,9.314593626186252e-05
CS18562,1,0.0014779430348426104
CS18563,0,6.605214002775028e-05
CS18564,0,0.0003250358859077096
CS18565,0,0.0002694791473913938
CS18566,0,0.0008693674462847412
CS18567,0,0.00036829791497439146
CS18568,0,0.00014883847325108945
CS18569,1,0.1139734610915184
CS18570,1,0.9999274015426636
CS18571,0,8.220189192797989e-05
CS18572,0,0.00021995336282998323
CS18573,0,6.814871449023485e-05
CS18574,0,0.0008559006382711232
CS18575,0,0.017045317217707634
CS18576,0,0.0006462032906711102
CS18577,0,0.0002234163403045386
CS18578,1,0.724090576171875
CS18579,0,8.750300185056403e-05
CS18580,0,0.002082970691844821
CS18581,0,7.484622619813308e-05
CS18582,0,0.0002098830882459879
CS18583,0,0.00013135180051904172
CS18584,0,0.00019110433640889823
CS18585,1,0.0060035958886146545
CS18586,0,0.00029595711384899914
CS18587,0,0.0006070755189284682
CS18588,0,0.0003920417802873999
CS18589,0,0.0007208380266092718
CS18590,0,0.00019110433640889823
CS18591,0,0.00022693387290928513
CS18592,0,8.750300185056403e-05
CS18593,0,0.0013885231455788016
CS18594,0,0.00015843621804378927
CS18595,0,0.0007321813027374446
CS18596,0,0.00020342698553577065
CS18597,0,0.0002611903182696551
CS18598,0,0.00025714197545312345
CS18599,0,0.0012065897462889552
CS18600,0,0.0002868540759664029
CS18601,0,0.00013135180051904172
CS18602,0,0.0012843082658946514
CS18603,0,7.484622619813308e-05
CS18604,0,0.00014425987319555134
CS18605,0,0.0003301527467556298
CS18606,1,0.9998644590377808
CS18607,1,0.0008040859247557819
CS18608,0,7.722191367065534e-05
CS18609,1,0.9977830052375793
CS18610,0,0.0001398220774717629
CS18611,0,0.00023050671734381467
CS18612,0,0.0002098830882459879
CS18613,1,0.9969722032546997
CS18614,0,0.00012731103925034404
CS18615,0,0.0003514382697176188
CS18616,0,0.0009399439441040158
CS18617,0,0.0034834241960197687
CS18619,0,0.00013552079326473176
CS18620,1,0.9999125003814697
CS18621,0,0.00019110433640889823
CS18622,0,4.832564081880264e-05
CS18623,1,0.26549944281578064
CS18624,0,0.005384937860071659
CS18625,0,0.0002234163403045386
CS18626,0,0.0014103584690019488
CS18627,0,0.00016346470511052758
CS18628,0,0.00015356238873209804
CS18629,0,0.00016346470511052758
CS18630,0,0.0002492325147613883
CS18631,0,0.00024156630388461053
CS18632,0,0.00039821307291276753
CS18633,1,0.9981897473335266
CS18634,1,0.01384861022233963
CS18635,0,0.0006070755189284682
CS18636,0,0.00016346470511052758
CS18637,0,0.0017007224960252643
CS18638,0,0.0004108485300093889
CS18639,1,0.9993435740470886
CS18640,0,0.00019716944370884448
CS18641,0,9.610241977497935e-05
CS18642,1,0.0009850081987679005
CS18643,0,0.61555016040802
CS18644,0,0.0008969393675215542
CS18645,0,0.00015356238873209804
CS18646,0,0.00042388474685139954
CS18647,0,0.0005442132824100554
CS18648,0,4.683888619183563e-05
CS18649,0,0.0042646341025829315
CS18650,0,5.475977013702504e-05
CS18651,0,9.028038766700774e-05
CS18652,1,0.9999039173126221
CS18653,0,9.314593626186252e-05
CS18654,1,0.9996017813682556
CS18655,1,0.0010005044750869274
CS18656,0,0.9991440773010254
CS18657,0,0.0001795279822545126
CS18658,0,0.009268013760447502
CS18659,0,0.004755199886858463
CS18660,0,0.0004655269149225205
CS18661,0,9.028038766700774e-05
CS18662,0,0.0001795279822545126
CS18663,0,0.0013670255430042744
CS18664,0,0.00040448151412419975
CS18665,0,0.0006878511630930007
CS18666,0,0.00016346470511052758
CS18667,0,0.0002234163403045386
CS18668,1,0.9997262358665466
CS18669,1,0.9998644590377808
CS18670,0,0.00015843621804378927
CS18671,0,0.00015356238873209804
CS18672,0,0.0004512106243055314
CS18673,1,0.9998644590377808
CS18674,0,0.00019411317771300673
CS18675,0,0.0001398220774717629
CS18676,0,0.9959927201271057
CS18677,0,0.9785493016242981
CS18678,0,0.0004512106243055314
CS18679,0,0.0017546144081279635
CS18680,0,0.00955939944833517
CS18681,0,0.00035697061684913933
CS18682,0,8.481104305246845e-05
CS18683,0,0.00024536947603337467
CS18684,0,0.0002611903182696551
CS18685,1,0.9983256459236145
CS18686,0,0.9990600943565369
CS18687,0,0.00014883847325108945
CS18688,0,0.00027372167096473277
CS18689,0,0.00016346470511052758
CS18690,0,0.0003406293399166316
CS18691,1,0.007011794950813055
CS18692,0,0.00023050671734381467
CS18693,0,0.00042388474685139954
CS18694,1,0.9998601675033569
CS18695,0,0.0007672925130464137
CS18696,0,0.0002824080584105104
CS18697,0,0.00036259001353755593
CS18698,0,0.00010554686014074832
CS18699,1,0.9961155652999878
CS18700,0,0.0002234163403045386
CS18701,1,0.00023050671734381467
CS18702,0,0.0004373344127088785
CS18703,1,0.9985221028327942
CS18704,1,0.9998313188552856
CS18705,0,0.00014883847325108945
CS18706,0,0.00031015597051009536
CS18707,0,9.915272676153108e-05
CS18708,0,7.722191367065534e-05
CS18709,0,0.005554925184696913
CS18710,0,0.0005884087877348065
CS18711,0,0.00039821307291276753
CS18712,0,0.00026530236937105656
CS18713,0,0.00021995336282998323
CS18714,1,0.9998601675033569
CS18715,0,0.0002098830882459879
CS18716,1,0.9994471669197083
CS18717,0,9.314593626186252e-05
CS18718,0,0.0003514382697176188
CS18719,1,0.5410451292991638
CS18720,1,0.9998977184295654
CS18721,1,0.9981324076652527
CS18722,0,0.00016865275392774493
CS18723,1,0.9998804330825806
CS18724,0,7.484622619813308e-05
CS18725,1,0.0011879054363816977
CS18726,0,0.00015598026220686734
CS18727,0,7.254361116793007e-05
CS18728,0,8.220189192797989e-05
CS18730,0,6.402006692951545e-05
CS18731,0,0.3585776388645172
CS18732,0,0.583014190196991
CS18733,0,0.00011591933434829116
CS18734,0,7.722191367065534e-05
CS18735,0,0.00023782206699252129
CS18736,0,0.00015843621804378927
CS18737,0,0.0060035958886146545
CS18738,0,0.00024536947603337467
CS18739,0,0.00013135180051904172
CS18740,0,0.00036829791497439146
CS18741,1,0.9998766183853149
CS18742,1,0.999562680721283
CS18743,0,0.00037998449988663197
CS18744,0,0.0002780309587251395
CS18745,0,0.00011959858238697052
CS18746,0,0.00023413580493070185
CS18747,0,0.0003199982747901231
CS18748,0,0.0008295892039313912
CS18749,0,0.0005112579092383385
CS18750,1,0.9998205304145813
CS18751,0,0.00020342698553577065
CS18752,0,0.0002694791473913938
CS18753,0,0.0006878511630930007
CS18754,0,0.0008426423300988972
CS18755,1,0.9999039173126221
CS18756,0,0.9929881691932678
CS18757,0,0.0001713081874186173
CS18758,0,0.00014425987319555134
CS18759,0,0.0007672925130464137
CS18760,0,0.00010554686014074832
CS18761,1,0.9996429681777954
CS18762,0,0.00010229986219201237
CS18763,0,0.00012731103925034404
CS18764,1,0.999868631362915
CS18765,0,0.0002531563804950565
CS18766,1,0.017176708206534386
CS18767,0,0.00016346470511052758
CS18768,0,0.17497345805168152
CS18769,0,0.00023782206699252129
CS18770,0,0.0002098830882459879
CS18771,1,0.9998148083686829
CS18772,0,0.0011695101857185364
CS18773,1,0.005301894620060921
CS18774,0,7.967301644384861e-05
CS18775,0,0.00011591933434829116
CS18776,1,0.999322772026062
CS18777,1,0.9998875856399536
CS18778,0,0.00017400544311385602
CS18779,0,0.00019110433640889823
CS18780,0,0.0006771942134946585
CS18781,1,0.0002694791473913938
CS18782,0,6.814871449023485e-05
CS18783,0,0.0003459916333667934
CS18784,0,0.0002824080584105104
CS18785,0,0.02498779445886612
CS18786,0,8.481104305246845e-05
CS18787,1,0.9966233968734741
CS18788,0,0.0002531563804950565
CS18789,0,0.008711383678019047
CS18790,1,0.9949396848678589
CS18791,0,0.0004173157794866711
CS18792,0,0.00023050671734381467
CS18793,1,0.9998944997787476
CS18794,0,0.0002694791473913938
CS18795,0,0.0003406293399166316
CS18796,1,0.08819004893302917
CS18797,1,0.05665242299437523
CS18798,0,8.750300185056403e-05
CS18799,0,0.00015356238873209804
CS18800,1,0.9996800422668457
CS18801,0,9.915272676153108e-05
CS18802,0,0.00010889690020121634
CS18803,0,0.00011959858238697052
CS18804,0,0.0002531563804950565
CS18805,0,0.00017400544311385602
CS18806,0,0.0013670255430042744
CS18807,1,0.9998977184295654
CS18808,1,0.02595735527575016
CS18809,0,0.0012255674228072166
CS18810,0,0.0003199982747901231
CS18811,0,4.985958366887644e-05
CS18812,0,0.00014425987319555134
CS18813,0,0.0002611903182696551
CS18814,0,0.0006771942134946585
CS18815,0,0.00020342698553577065
CS18816,0,0.00024536947603337467
CS18817,0,0.0004512106243055314
CS18818,0,0.026355354115366936
CS18819,0,0.06656918674707413
CS18821,0,0.0003459916333667934
CS18822,0,7.722191367065534e-05
CS18823,1,0.00036259001353755593
CS18824,1,0.9987550973892212
CS18825,1,0.9980732202529907
CS18826,0,0.03594832122325897
CS18827,0,0.6039317846298218
CS18828,1,0.9993333220481873
CS18829,0,0.0006986756343394518
CS18830,0,6.402006692951545e-05
CS18831,0,0.002396730938926339
CS18832,1,0.9998579025268555
CS18833,0,0.0003514382697176188
CS18834,0,0.023509450256824493
CS18835,0,0.00026530236937105656
CS18836,0,0.00023050671734381467
CS18837,1,0.6851073503494263
CS18838,0,0.0042646341025829315
CS18839,0,0.00031015597051009536
CS18840,1,0.9997085928916931
CS18841,1,0.0005884087877348065
CS18842,0,6.814871449023485e-05
CS18843,0,0.9997085928916931
CS18844,0,0.0001398220774717629
CS18845,0,0.00017400544311385602
CS18846,0,0.00020342698553577065
CS18847,0,0.0007672925130464137
CS18848,0,0.16667540371418
CS18849,1,0.9999417066574097
CS18850,0,0.00015843621804378927
CS18851,0,0.0004655269149225205
CS18852,0,0.729519784450531
CS18853,0,0.0006771942134946585
CS18854,1,0.4576214551925659
CS18855,0,0.00020342698553577065
CS18856,0,5.475977013702504e-05
CS18857,0,0.0012843082658946514
CS18858,1,0.9998601675033569
CS18859,0,0.0002098830882459879
CS18860,0,0.0029349515680223703
CS18861,0,0.0006263342220336199
CS18862,0,0.00018522574100643396
CS18863,0,0.0005357805639505386
CS18864,0,0.0004373344127088785
CS18865,0,7.967301644384861e-05
CS18866,0,0.014957086183130741
CS18867,0,0.007345826830714941
CS18868,0,0.00024156630388461053
CS18869,1,0.9989677667617798
CS18870,0,0.0009110512328334153
CS18871,0,0.6708239316940308
CS18872,0,9.028038766700774e-05
CS18873,0,0.00010889690020121634
CS18874,0,0.0002694791473913938
CS18875,0,0.9969245791435242
CS18876,0,5.144221358932555e-05
CS18877,1,0.9998464584350586
CS18878,1,0.999464213848114
CS18879,0,0.0005792917218059301
CS18880,0,0.00015356238873209804
CS18881,0,5.6497930927434936e-05
CS18882,0,0.0009850081987679005
CS18883,0,0.0001398220774717629
CS18884,0,0.00013135180051904172
CS18885,0,9.610241977497935e-05
CS18886,0,0.0006462032906711102
CS18887,0,9.314593626186252e-05
CS18888,1,0.9971550703048706
CS18889,1,0.0020190139766782522
CS18890,0,0.00036259001353755593
CS18891,0,0.001782196224667132
CS18892,0,0.0003459916333667934
CS18893,0,0.00012731103925034404
CS18894,0,0.0012448432389646769
CS18895,1,0.9989515542984009
CS18896,1,0.9838472008705139
CS18897,0,9.314593626186252e-05
CS18898,0,0.0004802972252946347
CS18899,0,0.0005193048273213208
CS18900,0,0.9944451451301575
CS18901,1,0.9851576089859009
CS18902,1,0.004070138093084097
CS18903,1,0.8031737804412842
CS18904,0,0.0002234163403045386
CS18905,1,0.0010005044750869274
CS18906,0,0.00047285447362810373
CS18907,0,0.00011959858238697052
CS18908,0,0.004133968148380518
CS18909,0,0.025760559365153313
CS18910,1,0.0004802972252946347
CS18911,1,0.9976769089698792
CS18912,0,0.0005792917218059301
CS18913,0,0.00014425987319555134
CS18914,1,0.9943581223487854
CS18915,0,5.829126530443318e-05
CS18916,0,0.004198795184493065
CS18917,0,8.481104305246845e-05
CS18918,0,0.00020662981842178851
CS18919,0,8.481104305246845e-05
CS18920,0,0.00016603847325313836
CS18921,0,0.00015843621804378927
CS18922,0,0.0003301527467556298
CS18923,0,0.0009850081987679005
CS18924,0,0.0003406293399166316
CS18925,0,0.9985449314117432
CS18926,0,7.967301644384861e-05
CS18927,0,0.7943849563598633
CS18928,0,8.750300185056403e-05
CS18929,0,9.028038766700774e-05
CS18930,0,4.985958366887644e-05
CS18931,0,0.00010229986219201237
CS18932,0,8.750300185056403e-05
CS18933,1,0.9934101700782776
CS18934,0,8.750300185056403e-05
CS18935,0,0.0002531563804950565
CS18936,0,0.0027576221618801355
CS18937,0,0.0005792917218059301
CS18938,1,0.0008830458391457796
CS18939,0,0.0001795279822545126
CS18940,1,0.023330766707658768
CS18941,0,0.00013552079326473176
CS18942,0,0.00016603847325313836
CS18943,0,0.0007208380266092718
CS18944,0,0.0001795279822545126
CS18945,0,0.00015843621804378927
CS18946,0,0.00011959858238697052
CS18947,0,0.0005274784634821117
CS18948,0,0.00012731103925034404
CS18949,0,7.031184213701636e-05
CS18950,0,0.00023782206699252129
CS18951,0,7.967301644384861e-05
CS18952,0,7.967301644384861e-05
CS18953,0,0.0007321813027374446
CS18954,0,0.0004173157794866711
CS18955,1,0.999373733997345
CS18956,1,0.9920002222061157
CS18957,0,8.481104305246845e-05
CS18958,1,0.49920654296875
CS18959,1,0.9990149736404419
CS18960,0,0.00017400544311385602
CS18961,0,0.00016346470511052758
CS18962,0,9.028038766700774e-05
CS18963,0,0.00017400544311385602
CS18964,1,0.9998511075973511
CS18965,0,0.0008830458391457796
CS18966,1,0.013325147330760956
CS18967,0,0.0003301527467556298
CS18968,1,0.872347354888916
CS18969,0,9.314593626186252e-05
CS18970,0,0.00013135180051904172
CS18971,0,0.0004373344127088785
CS18972,0,0.00014425987319555134
CS18973,0,8.481104305246845e-05
CS18974,0,0.0003859660937450826
CS18975,0,0.004331502132117748
CS18976,0,6.605214002775028e-05
CS18977,1,0.9997695088386536
CS18978,1,0.04240383207798004
CS18979,0,6.814871449023485e-05
CS18980,1,0.9968273043632507
CS18981,0,0.027376487851142883
CS18982,0,0.0006166296661831439
CS18983,0,0.0018386653391644359
CS18984,0,0.00020662981842178851
CS18985,0,0.0001511819864390418
CS18986,0,0.9801293015480042
CS18987,0,0.0008040859247557819
CS18988,0,0.9997085928916931
CS18989,0,0.00014883847325108945
CS18990,0,0.00019110433640889823
CS18991,0,0.0009110512328334153
CS18992,0,0.0007916296599432826
CS18993,1,0.011687259189784527
CS18994,0,0.0026316740550100803
CS18995,1,0.999208390712738
CS18996,0,0.0060035958886146545
CS18997,0,0.00017400544311385602
CS18998,0,0.0002234163403045386
CS19000,0,0.00036259001353755593
CS19001,0,0.0008693674462847412
CS19002,0,0.0002531563804950565
CS19003,0,5.144221358932555e-05
CS19004,1,7.484622619813308e-05
CS19005,0,0.0003301527467556298
CS19006,0,0.0003459916333667934
CS19007,0,0.00021654405281879008
CS19008,0,0.00021654405281879008
CS19009,0,0.00019716944370884448
CS19010,0,0.00020662981842178851
CS19011,0,0.00015843621804378927
CS19012,0,0.00023782206699252129
CS19013,1,0.9999274015426636
CS19014,0,7.722191367065534e-05
CS19015,0,8.481104305246845e-05
CS19016,1,0.9998028874397278
CS19017,0,0.00030061634606681764
CS19018,0,0.3325271010398865
CS19019,0,0.0006667023408226669
CS19020,1,0.9997428059577942
CS19021,0,4.832564081880264e-05
CS19022,0,0.9801293015480042
CS19023,0,6.014151585986838e-05
CS19024,1,0.04778006300330162
CS19025,0,0.00020342698553577065
CS19026,0,0.00030061634606681764
CS19027,0,0.00010229986219201237
CS19028,0,0.00029595711384899914
CS19029,1,0.00029595711384899914
CS19030,0,0.0006462032906711102
CS19031,1,0.9998511075973511
CS19032,0,0.0002098830882459879
CS19033,0,5.3075080359121785e-05
CS19034,0,0.0004108485300093889
CS19035,0,0.00037409563083201647
CS19036,0,9.314593626186252e-05
CS19037,0,0.0008559006382711232
CS19038,0,0.00024536947603337467
CS19039,0,0.0005033356137573719
CS19040,1,0.0034834241960197687
CS19041,0,0.0003406293399166316
CS19042,0,0.00013552079326473176
CS19043,0,0.0006462032906711102
CS19044,0,0.00031503866193816066
CS19045,0,0.00016346470511052758
CS19046,0,0.9658995866775513
CS19047,1,0.9998875856399536
CS19048,0,0.0001398220774717629
CS19049,1,0.9992563128471375
CS19050,0,0.001151399570517242
CS19051,1,0.9998365640640259
CS19052,0,0.00023782206699252129
CS19053,0,0.00019110433640889823
CS19054,0,0.00019110433640889823
CS19055,0,5.6497930927434936e-05
CS19056,0,0.0003250358859077096
CS19057,0,6.605214002775028e-05
CS19058,1,0.999762237071991
CS19059,0,0.00014425987319555134
CS19060,1,0.999312162399292
CS19061,0,0.00020027377468068153
CS19062,0,0.9980121850967407
CS19063,1,0.9997730851173401
CS19064,0,0.02822098694741726
CS19065,0,0.026963500306010246
CS19066,0,0.0032224843744188547
CS19067,0,0.00016346470511052758
CS19068,0,0.0003406293399166316
CS19069,1,0.9997765421867371
CS19070,0,5.475977013702504e-05
CS19071,1,0.999373733997345
CS19073,0,0.00042388474685139954
CS19074,0,6.402006692951545e-05
CS19075,0,0.9905874133110046
CS19076,1,0.9994296431541443
CS19077,0,0.0016484829830005765
CS19078,0,0.00021654405281879008
CS19079,0,0.0003514382697176188
CS19080,0,0.00019110433640889823
CS19081,0,0.00042388474685139954
CS19082,1,0.9916841983795166
CS19083,0,7.031184213701636e-05
CS19084,0,0.00037998449988663197
CS19085,0,0.0002098830882459879
CS19086,0,7.031184213701636e-05
CS19087,0,0.004905405919998884
CS19088,0,0.00025714197545312345
CS19089,1,0.9594592452049255
CS19090,1,0.03488088771700859
CS19091,0,0.00012339458044152707
CS19092,0,0.0002098830882459879
CS19093,0,0.00023050671734381467
CS19094,1,0.9958011507987976
CS19095,0,8.220189192797989e-05
CS19096,0,6.014151585986838e-05
CS19097,0,0.0003859660937450826
CS19098,1,0.9982993006706238
CS19099,0,0.007577241398394108
CS19100,0,7.254361116793007e-05
CS19101,0,0.0003199982747901231
CS19102,0,0.0006462032906711102
CS19103,0,0.0008693674462847412
CS19104,0,0.00018814207578543574
CS19105,0,0.00011959858238697052
CS19106,0,0.0002098830882459879
CS19107,0,0.0003250358859077096
CS19108,0,0.00016346470511052758
CS19109,0,0.0034834241960197687
CS19110,0,0.0004802972252946347
CS19111,0,0.00023782206699252129
CS19112,0,0.001524786464869976
CS19113,0,7.722191367065534e-05
CS19114,1,0.999823272228241
CS19115,0,0.00015356238873209804
CS19116,1,0.9991306662559509
CS19117,1,0.0443485826253891
CS19118,0,0.00014883847325108945
CS19119,0,0.00020027377468068153
CS19120,0,0.00013552079326473176
CS19121,1,0.9996429681777954
CS19122,0,0.22034244239330292
CS19123,0,0.00010554686014074832
CS19124,0,5.475977013702504e-05
CS19125,0,0.0007916296599432826
CS19126,0,0.001524786464869976
CS19127,0,0.0004878571489825845
CS19128,0,4.985958366887644e-05
CS19129,0,0.0007793660624884069
CS19130,1,0.9998977184295654
CS19131,0,0.00027372167096473277
CS19132,0,0.0010162439430132508
CS19133,1,0.9994471669197083
CS19134,1,0.9991573095321655
CS19135,1,0.00955939944833517
CS19136,1,0.9996540546417236
CS19137,0,0.0006462032906711102
CS19138,0,5.3075080359121785e-05
CS19139,0,5.475977013702504e-05
CS19140,0,0.0004878571489825845
CS19141,0,0.0008040859247557819
CS19142,1,0.0005703156348317862
CS19143,0,0.00030534894904121757
CS19144,0,0.00015356238873209804
CS19145,1,0.9999203681945801
CS19146,0,0.00024536947603337467
CS19147,0,0.00015843621804378927
CS19148,0,0.00012339458044152707
CS19149,0,0.00025714197545312345
CS19151,0,0.00020342698553577065
CS19152,0,0.00025714197545312345
CS19153,0,0.00011591933434829116
CS19154,0,0.00024536947603337467
CS19156,0,0.0029810331761837006
CS19157,0,0.0003199982747901231
CS19159,0,0.00013552079326473176
CS19160,0,0.0002868540759664029
CS19161,0,0.00016346470511052758
CS19162,0,5.3075080359121785e-05
CS19163,0,0.0011160143185406923
CS19164,0,0.0005884087877348065
CS19165,1,0.023870835080742836
CS19166,0,0.00018522574100643396
CS19167,1,0.013955710455775261
CS19168,1,0.9979169964790344
CS19169,0,0.00011959858238697052
CS19170,0,0.0016484829830005765
CS19171,1,0.9994207620620728
CS19172,0,0.0004373344127088785
CS19173,0,0.00033535013790242374
CS19174,0,7.484622619813308e-05
CS19175,0,6.402006692951545e-05
CS19176,0,0.00019110433640889823
CS19177,1,0.9986114501953125
CS19178,0,0.00015356238873209804
CS19179,0,0.0004878571489825845
CS19180,0,8.220189192797989e-05
CS19181,1,0.0120537793263793
CS19182,1,0.9993013143539429
CS19183,1,0.003273064736276865
CS19184,0,0.00013135180051904172
CS19185,0,0.0029349515680223703
CS19186,0,0.0003250358859077096
CS19187,0,0.0002694791473913938
CS19188,1,0.0009697519708424807
CS19189,1,0.9998766183853149
CS19190,1,0.0002694791473913938
CS19191,0,0.0012255674228072166
CS19192,0,0.00042388474685139954
CS19193,0,0.00021654405281879008
CS19194,0,0.00010889690020121634
CS19195,1,0.0006361912819556892
CS19196,0,0.0003301527467556298
CS19197,1,0.0033244371879845858
CS19198,0,5.3075080359121785e-05
CS19199,1,0.00031503866193816066
CS19200,0,0.00013135180051904172
CS19201,0,0.00015843621804378927
CS19202,0,0.00010889690020121634
CS19203,0,0.0037072529084980488
CS19204,0,0.0025909794494509697
CS19205,0,0.007232763804495335
CS19206,0,0.00020342698553577065
CS19207,0,7.254361116793007e-05
CS19208,0,0.16079244017601013
CS19209,0,0.0004802972252946347
CS19210,0,0.00019110433640889823
CS19211,0,0.00010554686014074832
CS19212,0,0.0006771942134946585
CS19213,0,9.314593626186252e-05
CS19214,0,0.00017400544311385602
CS19215,0,0.0006070755189284682
CS19216,0,7.967301644384861e-05
CS19217,0,0.000656372809316963
CS19218,1,0.998217761516571
CS19219,0,0.00014425987319555134
CS19220,1,0.9995197057723999
CS19221,0,0.0011879054363816977
CS19222,0,0.0012843082658946514
CS19223,0,0.00030534894904121757
CS19224,0,0.0014779430348426104
CS19225,0,0.0010005044750869274
CS19226,1,0.9999068975448608
CS19227,0,0.9978510141372681
CS19228,1,0.9997997879981995
CS19229,0,0.00011591933434829116
CS19230,0,7.722191367065534e-05
CS19231,0,0.00022693387290928513
CS19232,0,0.0006361912819556892
CS19233,0,0.0004442183708306402
CS19234,0,9.028038766700774e-05
CS19235,1,0.6059739589691162
CS19236,0,0.0004173157794866711
CS19237,0,0.0006070755189284682
CS19238,0,0.00023413580493070185
CS19239,0,0.00015843621804378927
CS19240,0,7.484622619813308e-05
CS19241,0,6.605214002775028e-05
CS19242,0,0.9989515542984009
CS19243,0,6.402006692951545e-05
CS19244,0,0.00011591933434829116
CS19245,0,0.00023050671734381467
CS19246,0,6.402006692951545e-05
CS19247,0,0.000816738058347255
CS19248,0,0.00020342698553577065
CS19249,0,5.829126530443318e-05
CS19250,0,0.00019716944370884448
CS19251,0,0.00019110433640889823
CS19252,1,0.9999039173126221
CS19253,0,4.2647468944778666e-05
CS19254,0,0.00010889690020121634
CS19255,1,0.8940516710281372
CS19256,0,0.00019110433640889823
CS19257,0,0.00010229986219201237
CS19258,1,0.9997901320457458
CS19259,1,0.9998601675033569
CS19260,0,0.0028449094388633966
CS19261,0,0.00011591933434829116
CS19262,0,8.220189192797989e-05
CS19263,0,0.00021654405281879008
CS19264,1,0.9996699094772339
CS19265,0,7.254361116793007e-05
CS19266,1,0.9511421918869019
CS19267,0,0.00172745855525136
CS19268,0,6.605214002775028e-05
CS19269,0,0.00013135180051904172
CS19270,0,0.00024536947603337467
CS19271,0,6.814871449023485e-05
CS19272,0,0.07978201657533646
CS19273,0,0.0003406293399166316
CS19274,0,0.0005976693355478346
CS19275,0,0.00021654405281879008
CS19276,0,9.314593626186252e-05
CS19277,0,0.270865797996521
CS19278,0,0.0018969199154525995
CS19279,0,0.00014425987319555134
CS19280,0,0.00016865275392774493
CS19281,1,0.9998365640640259
CS19282,0,0.005384937860071659
CS19283,0,0.0002098830882459879
CS19284,1,0.9998557567596436
CS19285,0,0.001782196224667132
CS19286,0,0.09334687888622284
CS19287,0,0.8077641129493713
CS19288,0,0.7937461733818054
CS19289,0,0.0004955359036102891
CS19290,0,0.00021654405281879008
CS19291,0,5.3075080359121785e-05
CS19292,0,0.0004655269149225205
CS19293,0,7.967301644384861e-05
CS19294,0,0.00015356238873209804
CS19295,0,5.6497930927434936e-05
CS19296,0,0.0002531563804950565
CS19297,0,0.9963500499725342
CS19298,0,0.00214894930832088
CS19299,0,0.0007208380266092718
CS19300,0,0.0003406293399166316
CS19301,1,0.9969722032546997
CS19302,0,0.00019716944370884448
CS19303,0,0.00014883847325108945
CS19304,0,7.722191367065534e-05
CS19305,0,0.0007554056355729699
CS19306,1,0.006797531619668007
CS19307,0,0.0002098830882459879
CS19308,1,0.999480664730072
CS19309,0,0.0001795279822545126
CS19310,0,0.0008830458391457796
CS19311,0,0.00023413580493070185
CS19312,0,0.0002098830882459879
CS19313,0,0.0015011822106316686
CS19314,0,0.00026530236937105656
CS19315,0,0.0006361912819556892
CS19316,0,0.5047301054000854
CS19317,0,0.0006361912819556892
CS19318,0,0.0004305570910219103
CS19319,0,0.002115703420713544
CS19320,0,0.00019716944370884448
CS19321,0,0.00020662981842178851
CS19322,0,0.0009697519708424807
CS19323,0,0.0008969393675215542
CS19324,0,0.002287227427586913
CS19325,0,0.0002780309587251395
CS19326,1,0.9974090456962585
CS19327,0,0.0008426423300988972
CS19328,0,0.0004655269149225205
CS19329,0,0.00020662981842178851
CS19330,0,0.00021995336282998323
CS19331,0,9.610241977497935e-05
CS19332,0,0.003027835162356496
CS19333,0,0.0004512106243055314
CS19334,0,7.254361116793007e-05
CS19335,0,0.0006771942134946585
CS19336,1,0.9994887113571167
CS19337,0,0.0006771942134946585
CS19338,1,0.9953181147575378
CS19339,1,0.00033535013790242374
CS19340,0,0.9984021782875061
CS19341,0,8.481104305246845e-05
CS19342,1,0.9999125003814697
CS19343,0,0.9982725381851196
CS19344,0,0.00025714197545312345
CS19345,0,0.00011959858238697052
CS19346,0,9.915272676153108e-05
CS19347,0,0.0001795279822545126
CS19348,0,0.5244555473327637
CS19349,0,0.0004305570910219103
CS19350,0,0.00015356238873209804
CS19351,0,0.0001398220774717629
CS19352,0,6.605214002775028e-05
CS19353,0,0.9795113801956177
CS19354,1,0.17838266491889954
CS19355,0,0.8572908639907837
CS19356,0,0.00012339458044152707
CS19357,0,0.00014883847325108945
CS19358,1,0.9999203681945801
CS19359,0,0.9976769089698792
CS19360,1,0.9994207620620728
CS19361,1,0.9997175335884094
CS19362,0,7.254361116793007e-05
CS19363,0,0.00020342698553577065
CS19364,0,0.00017400544311385602
CS19365,0,7.031184213701636e-05
CS19366,0,0.00214894930832088
CS19367,1,0.9998464584350586
CS19368,0,0.0012644219677895308
CS19369,0,0.9995827078819275
CS19370,0,0.043691061437129974
CS19371,0,0.9777138829231262
CS19372,0,5.144221358932555e-05
CS19373,0,0.0002098830882459879
CS19374,0,0.0002868540759664029
CS19375,0,8.750300185056403e-05
CS19376,1,0.9989350438117981
CS19377,0,0.00031503866193816066
CS19378,0,0.00026530236937105656
CS19379,0,0.0005884087877348065
CS19380,0,0.0004305570910219103
CS19381,0,0.00030061634606681764
CS19382,0,7.031184213701636e-05
CS19383,1,0.9998944997787476
CS19384,0,0.0002611903182696551
CS19385,0,0.031143832951784134
CS19386,0,0.00019110433640889823
CS19387,0,0.9992792010307312
CS19388,1,0.9998511075973511
CS19389,0,0.643105149269104
CS19390,0,8.750300185056403e-05
CS19391,0,0.007695647422224283
CS19392,0,0.00024536947603337467
CS19393,0,9.028038766700774e-05
CS19394,1,0.999208390712738
CS19395,0,9.314593626186252e-05
CS19396,0,0.00247262348420918
CS19397,0,0.00017400544311385602
CS19398,0,0.00015843621804378927
CS19399,1,0.004905405919998884
CS19400,0,6.814871449023485e-05
CS19402,0,0.00010229986219201237
CS19403,1,0.22884513437747955
CS19404,0,9.610241977497935e-05
CS19405,0,0.00029137005913071334
CS19406,0,0.00018522574100643396
CS19407,1,0.0005792917218059301
CS19408,0,0.003027835162356496
CS19409,0,0.00012339458044152707
CS19410,0,0.00010889690020121634
CS19411,0,0.00020342698553577065
CS19412,0,0.00019110433640889823
CS19413,0,8.220189192797989e-05
CS19414,1,0.1555909812450409
CS19415,0,0.0003514382697176188
CS19416,1,0.0006667023408226669
CS19417,0,0.0007672925130464137
CS19418,0,0.0001398220774717629
CS19419,0,0.020023442804813385
CS19420,0,0.00022693387290928513
CS19421,0,0.10052487254142761
CS19422,1,0.99935382604599
CS19423,1,0.0013670255430042744
CS19424,1,0.9997262358665466
CS19425,0,0.07316471636295319
CS19426,0,0.00020027377468068153
CS19427,1,0.9798226952552795
CS19428,0,0.0005614787223748863
CS19429,1,0.999713122844696
CS19430,1,0.9686195850372314
CS19431,0,0.00015356238873209804
CS19432,0,0.00013135180051904172
CS19433,0,8.750300185056403e-05
CS19434,1,0.9998118281364441
CS19435,0,0.00035697061684913933
CS19436,0,0.00021654405281879008
CS19437,0,0.013955710455775261
CS19438,0,0.0002868540759664029
CS19439,1,0.9997040629386902
CS19440,1,0.0004955359036102891
CS19441,0,0.00017400544311385602
CS19442,0,0.0017546144081279635
CS19443,0,0.6309123635292053
CS19445,0,7.254361116793007e-05
CS19446,0,9.028038766700774e-05
CS19447,0,0.00017400544311385602
CS19448,0,7.254361116793007e-05
CS19449,0,7.031184213701636e-05
CS19450,0,0.00029595711384899914
CS19451,0,0.0003250358859077096
CS19452,0,6.814871449023485e-05
CS19453,0,0.00015356238873209804
CS19454,1,0.9993435740470886
CS19455,0,0.0004108485300093889
CS19456,0,8.750300185056403e-05
CS19457,0,0.0008969393675215542
CS19458,1,0.07316471636295319
CS19459,0,0.00029595711384899914
CS19460,0,0.00018522574100643396
CS19461,0,0.0020507436711341143
CS19462,0,0.09807932376861572
CS19463,0,0.0006771942134946585
CS19464,0,0.015189048834145069
CS19465,0,0.0029349515680223703
CS19466,1,0.9989012479782104
CS19467,1,0.9998601675033569
CS19468,0,0.9992678761482239
CS19469,0,0.00014883847325108945
CS19470,0,0.0031236486975103617
CS19471,0,0.0004802972252946347
CS19472,0,0.00020342698553577065
CS19473,1,0.9998028874397278
CS19474,0,0.00023782206699252129
CS19475,0,0.00047285447362810373
CS19476,0,9.915272676153108e-05
CS19477,0,0.0028449094388633966
CS19478,1,0.999868631362915
CS19479,0,0.00014883847325108945
CS19480,0,0.00021995336282998323
CS19481,0,6.605214002775028e-05
CS19482,0,0.0003250358859077096
CS19483,0,0.002287227427586913
CS19484,0,0.0005193048273213208
CS19485,0,0.00025714197545312345
CS19486,1,0.9998205304145813
CS19487,0,0.0002492325147613883
CS19488,0,6.814871449023485e-05
CS19489,0,0.0002611903182696551
CS19490,0,9.314593626186252e-05
CS19491,0,0.00024536947603337467
CS19492,0,0.00013135180051904172
CS19493,0,0.00017400544311385602
CS19494,1,0.9999008178710938
CS19495,0,7.722191367065534e-05
CS19496,0,0.00015356238873209804
CS19497,1,0.9996646642684937
CS19498,0,0.0003859660937450826
CS19499,0,9.915272676153108e-05
CS19500,0,0.00012339458044152707
CS19501,0,0.00014425987319555134
CS19502,1,0.845432698726654
CS19503,0,0.00039821307291276753
CS19504,0,5.475977013702504e-05
CS19505,1,0.9996140599250793
CS19506,0,9.915272676153108e-05
CS19507,1,0.9998511075973511
CS19508,0,0.001098731067031622
CS19509,0,0.00016865275392774493
CS19510,0,0.0002098830882459879
CS19511,0,0.00017400544311385602
CS19512,1,0.9996947050094604
CS19513,0,0.00013135180051904172
CS19514,1,0.9998313188552856
CS19515,0,0.0003250358859077096
CS19516,0,0.00035697061684913933
CS19517,1,0.2436424344778061
CS19518,0,7.031184213701636e-05
CS19519,0,0.00015843621804378927
CS19520,1,0.9999125003814697
CS19521,1,0.015189048834145069
CS19522,0,5.475977013702504e-05
CS19523,0,0.9990149736404419
CS19524,0,0.008445627987384796
CS19525,0,9.028038766700774e-05
CS19526,1,0.00019110433640889823
CS19527,0,0.00010889690020121634
CS19528,1,0.9998089671134949
CS19529,0,7.254361116793007e-05
CS19530,0,0.0011879054363816977
CS19531,0,0.003429603762924671
CS19532,1,0.9997507929801941
CS19533,0,0.1233656257390976
CS19534,0,0.00014883847325108945
CS19535,0,0.00031503866193816066
CS19536,0,0.00012731103925034404
CS19537,0,0.00011959858238697052
CS19538,0,0.00011959858238697052
CS19539,0,7.031184213701636e-05
CS19540,1,0.9998726844787598
CS19541,1,0.0015011822106316686
CS19542,1,0.9999227523803711
CS19543,0,0.00011591933434829116
CS19544,0,0.9989836812019348
CS19545,0,0.00024536947603337467
CS19546,1,0.006388320587575436
CS19547,0,0.0005703156348317862
CS19548,0,0.031143832951784134
CS19549,0,0.9991030693054199
CS19550,0,0.00036829791497439146
CS19551,0,0.00010889690020121634
CS19552,0,0.0005792917218059301
CS19553,1,0.9989677667617798
CS19554,0,0.9980732202529907
CS19555,1,0.9997933506965637
CS19556,0,0.00015843621804378927
CS19557,0,0.36206647753715515
CS19558,0,0.0038844768423587084
CS19559,0,0.0018386653391644359
CS19560,0,0.00010889690020121634
CS19561,0,0.00214894930832088
CS19562,0,0.0004173157794866711
CS19563,0,0.0001795279822545126
CS19565,1,0.9998511075973511
CS19566,0,0.9998176693916321
CS19567,0,0.00019110433640889823
CS19568,0,8.220189192797989e-05
CS19569,1,0.9998726844787598
CS19570,0,0.0002611903182696551
CS19571,0,0.0002824080584105104
CS19572,0,0.00024156630388461053
CS19573,0,0.0004305570910219103
CS19574,0,0.0005442132824100554
CS19575,1,0.9999339580535889
CS19576,0,5.475977013702504e-05
CS19577,0,0.00015843621804378927
CS19578,0,9.028038766700774e-05
CS19579,0,0.00013552079326473176
CS19580,1,0.001304506789892912
CS19581,1,0.9999008178710938
CS19582,0,0.0001795279822545126
CS19583,0,0.0009253848693333566
CS19584,0,0.001081715221516788
CS19585,1,0.2309197634458542
CS19586,0,0.9985449314117432
CS19587,0,0.019271135330200195
CS19588,0,0.00013552079326473176
CS19589,0,0.00019411317771300673
CS19590,0,0.00015843621804378927
CS19591,0,0.00030534894904121757
CS19592,0,0.00025714197545312345
CS19593,0,0.0009399439441040158
CS19594,0,0.0002611903182696551
CS19595,0,7.031184213701636e-05
CS19596,0,0.00013765462790615857
CS19597,0,0.0042646341025829315
CS19598,0,0.00030534894904121757
CS19599,0,0.0006667023408226669
CS19600,0,0.0015011822106316686
CS19601,1,0.00018522574100643396
CS19602,1,0.499755859375
CS19603,0,6.014151585986838e-05
CS19604,0,0.0002234163403045386
CS19605,0,0.0015011822106316686
CS19606,0,0.00013552079326473176
CS19607,0,0.001098731067031622
CS19608,0,0.00015843621804378927
CS19609,0,0.00023413580493070185
CS19610,0,0.00027372167096473277
CS19611,0,0.9522199034690857
CS19612,0,0.0002131875662598759
CS19613,0,0.00022693387290928513
CS19614,0,0.0005703156348317862
CS19615,1,0.9979169964790344
CS19616,1,0.9998260140419006
CS19617,1,0.9980732202529907
CS19618,0,0.00014425987319555134
CS19619,0,0.00017400544311385602
CS19620,0,0.00017400544311385602
CS19621,0,0.00015356238873209804
CS19622,1,0.9929881691932678
CS19623,0,0.00016346470511052758
CS19624,0,0.00017674513219390064
CS19625,0,0.01798621006309986
CS19626,0,0.00023782206699252129
CS19627,0,0.03488088771700859
CS19628,0,0.0011160143185406923
CS19629,0,0.00013135180051904172
CS19630,1,0.9999097585678101
CS19631,0,0.0002531563804950565
CS19632,0,0.00033535013790242374
CS19633,1,0.8065480589866638
CS19634,1,0.017576880753040314
CS19635,0,0.00010889690020121634
CS19636,0,7.967301644384861e-05
CS19637,1,0.9995121955871582
CS19638,1,0.9966756105422974
CS19639,0,0.0008426423300988972
CS19640,1,0.9969245791435242
CS19641,1,0.009268013760447502
CS19642,1,0.9998511075973511
CS19643,0,0.00013135180051904172
CS19644,0,0.0003199982747901231
CS19645,0,0.00012339458044152707
CS19646,0,0.0002694791473913938
CS19647,1,0.0005193048273213208
CS19648,0,0.0003920417802873999
CS19649,1,0.9988664388656616
CS19650,0,0.0006771942134946585
CS19651,0,0.00029595711384899914
CS19652,0,5.829126530443318e-05
CS19653,1,0.9988840222358704
CS19654,0,0.0007208380266092718
CS19655,0,8.481104305246845e-05
CS19656,1,0.001782196224667132
CS19657,0,0.00013135180051904172
CS19658,0,0.00016346470511052758
CS19659,0,8.220189192797989e-05
CS19660,0,0.0008969393675215542
CS19661,0,0.0004802972252946347
CS19662,1,0.9998028874397278
CS19663,1,0.9998804330825806
CS19664,0,0.00017400544311385602
CS19665,1,0.9979493021965027
CS19666,0,0.0005884087877348065
CS19667,0,7.722191367065534e-05
CS19668,1,0.987375020980835
CS19669,0,0.001573112327605486
CS19670,0,0.0001795279822545126
CS19671,0,0.00016865275392774493
CS19672,1,0.001622966956347227
CS19673,0,0.00030534894904121757
CS19674,0,0.00015843621804378927
CS19675,0,0.00019716944370884448
CS19676,0,0.0004108485300093889
CS19677,0,0.00019716944370884448
CS19678,0,0.00015356238873209804
CS19679,0,0.00019716944370884448
CS19680,0,0.0003250358859077096
CS19681,0,0.0002611903182696551
CS19682,1,0.9916841983795166
CS19683,1,0.0044683837331831455
CS19684,1,0.0010005044750869274
CS19685,0,0.0004878571489825845
CS19686,0,0.0006263342220336199
CS19687,0,0.00021654405281879008
CS19688,0,0.00024536947603337467
CS19689,0,0.00015843621804378927
CS19690,1,0.0008830458391457796
CS19691,0,7.967301644384861e-05
CS19692,0,0.00023782206699252129
CS19693,1,0.0844927504658699
CS19694,0,0.00018522574100643396
CS19695,1,0.999762237071991
CS19696,0,0.00023782206699252129
CS19697,0,0.00013135180051904172
CS19698,1,0.0018969199154525995
CS19699,0,0.00011591933434829116
CS19700,1,0.9986749291419983
CS19701,0,0.9972423315048218
CS19702,0,0.0032224843744188547
CS19703,0,0.00020662981842178851
CS19704,0,0.00022693387290928513
CS19705,0,0.0028449094388633966
CS19706,0,0.00015356238873209804
CS19707,1,0.9995197057723999
CS19708,0,7.254361116793007e-05
CS19709,0,0.00016865275392774493
CS19710,0,0.0005193048273213208
CS19711,1,0.9992445707321167
CS19712,0,9.314593626186252e-05
CS19713,0,0.00172745855525136
CS19714,1,0.9999039173126221
CS19715,1,0.9998875856399536
CS19716,0,0.980728805065155
CS19717,0,0.00011235327110625803
CS19718,0,7.484622619813308e-05
CS19719,0,0.0007096704212017357
CS19720,0,0.00020342698553577065
CS19721,0,0.00011591933434829116
CS19722,0,0.00014883847325108945
CS19723,1,0.9999068975448608
CS19724,0,0.00011959858238697052
CS19725,0,0.0006986756343394518
CS19726,1,0.9974090456962585
CS19727,1,0.9982993006706238
CS19728,0,0.00014425987319555134
CS19729,0,7.031184213701636e-05
CS19730,0,5.475977013702504e-05
CS19731,0,0.00014425987319555134
CS19732,0,0.00019716944370884448
CS19733,0,0.0002694791473913938
CS19734,0,0.0006070755189284682
CS19735,0,0.0005792917218059301
CS19736,0,0.07504072040319443
CS19737,0,0.0002531563804950565
CS19738,0,0.00023050671734381467
CS19739,1,0.9997428059577942
CS19740,1,0.07864237576723099
CS19741,0,6.814871449023485e-05
CS19742,1,0.0006263342220336199
CS19743,0,7.722191367065534e-05
CS19744,0,0.00015843621804378927
CS19745,0,0.002115703420713544
CS19746,0,0.0002492325147613883
CS19747,0,0.00011959858238697052
CS19748,0,8.481104305246845e-05
CS19749,0,0.000816738058347255
CS19750,1,0.998498797416687
CS19751,1,0.9996259212493896
CS19752,1,0.9998511075973511
CS19753,0,0.0004802972252946347
CS19754,1,0.9999125003814697
CS19755,0,0.00031015597051009536
CS19756,0,0.00019110433640889823
CS19757,0,0.0002098830882459879
CS19758,0,0.0004802972252946347
CS19759,0,0.0032224843744188547
CS19760,0,0.00013552079326473176
CS19761,0,0.0004442183708306402
CS19762,0,0.0005112579092383385
CS19763,0,0.0002868540759664029
CS19764,0,0.0003514382697176188
CS19765,0,0.0006070755189284682
CS19766,0,0.0005274784634821117
CS19767,0,0.00021995336282998323
CS19768,1,0.9998944997787476
CS19769,1,0.999868631362915
CS19770,1,0.9996646642684937
CS19771,1,0.9944451451301575
CS19772,0,0.00019716944370884448
CS19773,0,0.0008295892039313912
CS19774,0,0.00012731103925034404
CS19775,0,7.722191367065534e-05
CS19776,1,0.999868631362915
CS19777,0,7.484622619813308e-05
CS19778,0,0.0006462032906711102
CS19779,0,0.00018522574100643396
CS19780,0,0.0006462032906711102
CS19781,1,0.9995272159576416
CS19782,1,0.9998601675033569
CS19783,0,6.402006692951545e-05
CS19784,0,0.00013135180051904172
CS19785,1,0.987375020980835
CS19786,1,0.999868631362915
CS19787,1,0.996570348739624
CS19788,1,0.04922211170196533
CS19789,0,0.00013552079326473176
CS19790,0,0.00010889690020121634
CS19791,0,0.00012731103925034404
CS19792,0,0.00018522574100643396
CS19793,0,0.0005884087877348065
CS19794,0,0.00023782206699252129
CS19795,0,0.8958876132965088
CS19796,0,0.0029810331761837006
CS19797,0,0.0005033356137573719
CS19798,0,0.0016743993619456887
CS19799,1,0.9958011507987976
CS19800,0,0.0001795279822545126
CS19801,1,0.9998644590377808
CS19802,1,0.9998205304145813
CS19803,0,0.0001795279822545126
CS19804,1,0.001622966956347227
CS19805,0,6.814871449023485e-05
CS19806,0,8.220189192797989e-05
CS19807,1,0.0004373344127088785
CS19808,0,7.967301644384861e-05
CS19809,0,0.0002531563804950565
CS19810,1,0.9998726844787598
CS19811,1,0.015543648041784763
CS19812,0,0.0006986756343394518
CS19813,0,0.00033535013790242374
CS19814,1,0.9985221028327942
CS19815,0,8.220189192797989e-05
CS19816,0,0.9099069833755493
CS19817,1,0.9995694756507874
CS19818,0,7.722191367065534e-05
CS19819,0,0.0006263342220336199
CS19820,1,0.9980429410934448
CS19821,0,0.024423088878393173
CS19822,0,0.00042388474685139954
CS19823,0,0.00016093082376755774
CS19824,0,0.0002098830882459879
CS19825,0,0.0002611903182696551
CS19826,1,0.01484241709113121
CS19827,1,0.7662936449050903
CS19828,0,0.002082970691844821
CS19829,0,0.0017546144081279635
CS19830,1,0.9985221028327942
CS19831,0,0.00042388474685139954
CS19832,0,0.00019716944370884448
CS19833,0,0.0007916296599432826
CS19834,1,0.9997305274009705
CS19835,1,0.0004655269149225205
CS19836,0,0.00023413580493070185
CS19837,0,0.00014883847325108945
CS19838,0,0.00016865275392774493
CS19839,0,5.829126530443318e-05
CS19840,0,0.00015356238873209804
CS19841,0,6.605214002775028e-05
CS19842,0,0.00013135180051904172
CS19843,0,0.00011959858238697052
CS19844,1,0.05623634159564972
CS19845,0,0.0002098830882459879
CS19846,0,0.00031015597051009536
CS19847,0,0.0010322310263291001
CS19848,0,0.00012339458044152707
CS19849,0,7.722191367065534e-05
CS19850,0,0.0002098830882459879
CS19851,0,0.0003859660937450826
CS19852,0,0.00016346470511052758
CS19853,0,0.00021654405281879008
CS19854,0,0.00017400544311385602
CS19855,0,0.002182716503739357
CS19856,0,7.722191367065534e-05
CS19857,1,0.9978172779083252
CS19858,1,0.002889581024646759
CS19859,0,0.0011335690505802631
CS19860,0,0.9997219443321228
CS19861,0,0.0017546144081279635
CS19862,0,0.0003250358859077096
CS19863,0,0.00021995336282998323
CS19864,0,0.0035936026833951473
CS19865,0,0.9969722032546997
CS19866,1,0.996570348739624
CS19867,0,7.722191367065534e-05
CS19868,0,0.0003920417802873999
CS19869,0,8.220189192797989e-05
CS19870,1,0.9999251365661621
CS19871,0,0.0007554056355729699
CS19872,1,0.8158201575279236
CS19873,0,0.0005193048273213208
CS19874,0,0.0007554056355729699
CS19875,0,5.829126530443318e-05
CS19876,0,0.00029595711384899914
CS19877,0,0.00021654405281879008
CS19878,0,0.22918999195098877
CS19879,0,0.0006667023408226669
CS19880,0,0.00031503866193816066
CS19881,1,0.9998089671134949
CS19882,1,0.4046838879585266
CS19883,1,0.9936116337776184
CS19884,1,0.0007437028689309955
CS19885,0,0.0013885231455788016
CS19886,0,0.003027835162356496
CS19887,0,0.0001795279822545126
CS19888,0,0.00019716944370884448
CS19889,1,0.0009110512328334153
CS19890,0,0.001782196224667132
CS19891,0,0.0008969393675215542
CS19892,0,0.0002098830882459879
CS19893,0,0.3951925039291382
CS19894,0,0.00020342698553577065
CS19895,0,5.6497930927434936e-05
CS19896,0,0.0002098830882459879
CS19897,0,0.00016346470511052758
CS19898,0,0.00010889690020121634
CS19899,0,0.00020662981842178851
CS19900,1,0.0020190139766782522
CS19901,1,0.9998028874397278
CS19902,1,0.02228618785738945
CS19903,0,0.00031503866193816066
CS19904,0,0.0002780309587251395
CS19905,0,0.00021654405281879008
CS19906,1,0.001573112327605486
CS19907,0,0.00015598026220686734
CS19908,0,0.6588841080665588
CS19909,0,0.00021654405281879008
CS19910,0,0.00031015597051009536
CS19911,1,0.9997085928916931
CS19912,1,0.48718541860580444
CS19913,1,0.00023050671734381467
CS19914,1,0.8701565861701965
CS19915,0,0.00014883847325108945
CS19916,0,0.0007096704212017357
CS19917,1,7.484622619813308e-05
CS19918,1,0.9998766183853149
CS19919,0,0.0005274784634821117
CS19920,0,0.0038844768423587084
CS19921,0,9.610241977497935e-05
CS19922,0,0.0007916296599432826
CS19923,0,0.00016346470511052758
CS19924,0,0.002287227427586913
CS19925,0,0.0026316740550100803
CS19926,0,0.0001398220774717629
CS19927,0,0.0001398220774717629
CS19928,1,0.03875619173049927
CS19929,0,0.03514484688639641
CS19930,0,0.0003301527467556298
CS19931,0,0.003027835162356496
CS19932,0,0.00011235327110625803
CS19933,0,7.967301644384861e-05
CS19934,0,9.915272676153108e-05
CS19935,1,7.031184213701636e-05
CS19936,0,0.2285006046295166
CS19937,0,0.0001795279822545126
CS19938,0,0.0005033356137573719
CS19939,1,0.9993928670883179
CS19940,1,0.9999039173126221
CS19941,0,0.00021995336282998323
CS19942,0,0.0014325365191325545
CS19943,0,0.012241275049746037
CS19944,0,0.0020190139766782522
CS19945,0,0.00026530236937105656
CS19946,0,0.00015843621804378927
CS19947,0,0.002511463360860944
CS19948,0,0.00022693387290928513
CS19949,0,9.610241977497935e-05
CS19950,1,0.03704717010259628
CS19951,0,0.9980429410934448
CS19952,1,0.9993435740470886
CS19953,0,0.0002098830882459879
CS19954,0,0.00015843621804378927
CS19955,0,0.0010322310263291001
CS19956,0,0.0006166296661831439
CS19957,1,0.9998089671134949
CS19958,0,4.683888619183563e-05
CS19959,0,9.915272676153108e-05
CS19960,0,0.0005274784634821117
CS19961,1,0.999779999256134
CS19962,0,0.0044683837331831455
CS19963,0,0.00031503866193816066
CS19964,0,5.829126530443318e-05
CS19965,1,0.00247262348420918
CS19966,1,0.9998511075973511
CS19967,0,0.0002531563804950565
CS19968,0,0.0006986756343394518
CS19969,1,0.9998058676719666
CS19970,0,8.481104305246845e-05
CS19971,0,0.00019110433640889823
CS19972,1,0.9997997879981995
CS19973,0,0.00035697061684913933
CS19974,0,0.00012731103925034404
CS19975,0,0.00018522574100643396
CS19976,0,9.314593626186252e-05
CS19977,0,0.000816738058347255
CS19978,0,0.0008693674462847412
CS19979,0,7.722191367065534e-05
CS19980,0,0.00021995336282998323
CS19981,0,0.0004512106243055314
CS19982,1,0.08632347732782364
CS19983,0,0.00030061634606681764
CS19984,0,0.00023782206699252129
CS19985,0,0.12421300262212753
CS19986,0,6.402006692951545e-05
CS19987,0,0.001622966956347227
CS19988,0,0.0008830458391457796
CS19989,1,0.9955315589904785
CS19990,0,0.0005357805639505386
CS19991,0,0.0003459916333667934
CS19992,0,0.0005703156348317862
CS19993,1,0.9947799444198608
CS19994,0,0.0013458604225888848
CS19995,0,0.00025714197545312345
CS19996,0,0.0011695101857185364
CS19997,0,0.04401864856481552
CS19998,0,0.9996079802513123
CS19999,0,0.00030534894904121757
CS20000,0,0.00023782206699252129
